task_id,video_id,frame_index,label_frame,time_seconds,action_label,pose_detected,bbox_detected,people_detected,boxes_detected,detection_index,person_index,box_index,frame_width_px,frame_height_px,bbox_confidence,bbox_class_id,bbox_x1_px,bbox_y1_px,bbox_x2_px,bbox_y2_px,nose_x_px,nose_y_px,nose_confidence,left_eye_x_px,left_eye_y_px,left_eye_confidence,right_eye_x_px,right_eye_y_px,right_eye_confidence,left_ear_x_px,left_ear_y_px,left_ear_confidence,right_ear_x_px,right_ear_y_px,right_ear_confidence,left_shoulder_x_px,left_shoulder_y_px,left_shoulder_confidence,right_shoulder_x_px,right_shoulder_y_px,right_shoulder_confidence,left_elbow_x_px,left_elbow_y_px,left_elbow_confidence,right_elbow_x_px,right_elbow_y_px,right_elbow_confidence,left_wrist_x_px,left_wrist_y_px,left_wrist_confidence,right_wrist_x_px,right_wrist_y_px,right_wrist_confidence,left_hip_x_px,left_hip_y_px,left_hip_confidence,right_hip_x_px,right_hip_y_px,right_hip_confidence,left_knee_x_px,left_knee_y_px,left_knee_confidence,right_knee_x_px,right_knee_y_px,right_knee_confidence,left_ankle_x_px,left_ankle_y_px,left_ankle_confidence,right_ankle_x_px,right_ankle_y_px,right_ankle_confidence
20,webcam-0__tcn__20260807-122153_raw_30fps,0,1,0.0,background,1,1,1,1,0,0,0,640,480,0.9156754612922668,0,2.73956298828125,82.49664306640625,605.404541015625,478.76788330078125,301.11761474609375,248.81790161132812,0.9884480834007263,339.4564208984375,211.508544921875,0.9878917932510376,267.844482421875,207.03598022460938,0.9830684661865234,393.1163024902344,224.8861846923828,0.9889732003211975,225.37942504882812,215.80374145507812,0.9478945732116699,459.62481689453125,359.3663330078125,0.973828136920929,128.19512939453125,374.72314453125,0.9830856323242188,541.159423828125,451.470947265625,0.020334476605057716,29.331695556640625,458.51702880859375,0.012166449800133705,446.5989685058594,421.67181396484375,0.02003690041601658,115.208984375,436.392333984375,0.00808495283126831,385.9429626464844,473.5868225097656,0.00042965856846421957,190.86044311523438,475.9989013671875,0.00035123780253343284,373.3807067871094,415.51226806640625,0.0008568520424887538,194.44154357910156,419.59246826171875,0.00037721279659308493,348.2938232421875,432.2146301269531,0.0007681190618313849,221.09027099609375,417.1942138671875,0.0004394820425659418
20,webcam-0__tcn__20260807-122153_raw_30fps,1,2,0.03333333333333333,background,1,1,1,1,0,0,0,640,480,0.9477081298828125,0,0.0,76.62152099609375,601.9085083007812,479.27197265625,325.2789611816406,243.44369506835938,0.9990025162696838,363.22833251953125,211.6564178466797,0.997153639793396,290.3714904785156,205.843994140625,0.9960303902626038,403.092529296875,225.40560913085938,0.9100374579429626,240.861083984375,213.85116577148438,0.9619798064231873,452.1481018066406,349.8940124511719,0.9990622401237488,149.9913330078125,362.3641052246094,0.9938530921936035,570.8194580078125,462.24658203125,0.6782293915748596,24.027374267578125,470.3292236328125,0.07342258840799332,555.17919921875,477.5066223144531,0.01397897768765688,97.77464294433594,442.93157958984375,0.0059572020545601845,394.7570495605469,480.0,0.0007833178387954831,211.19473266601562,480.0,0.00039360596565529704,418.6842041015625,459.65045166015625,0.0010278328554704785,213.09442138671875,466.5813903808594,0.0007896293536759913,388.7287902832031,466.69195556640625,0.00038974054041318595,243.42904663085938,455.5400695800781,0.0004590233729686588
20,webcam-0__tcn__20260807-122153_raw_30fps,2,3,0.06666666666666667,background,1,1,1,1,0,0,0,640,480,0.9472531676292419,0,0.0,77.09869384765625,601.8504028320312,479.2647705078125,325.2493591308594,243.43113708496094,0.9989836812019348,363.2076721191406,211.660888671875,0.9971223473548889,290.42437744140625,205.84243774414062,0.9960048794746399,402.95782470703125,225.5075225830078,0.9052764177322388,240.96255493164062,213.86465454101562,0.9612799882888794,451.65081787109375,349.60675048828125,0.9991083741188049,152.07115173339844,360.8961181640625,0.9941416382789612,571.00048828125,462.3058166503906,0.696774423122406,23.005615234375,469.6242370605469,0.08834931999444962,553.760009765625,477.93157958984375,0.01397293247282505,101.29295349121094,443.9271545410156,0.006294374354183674,394.59906005859375,480.0,0.000800005451310426,212.4061279296875,480.0,0.00040806838660500944,418.55218505859375,459.6955261230469,0.0010441243648529053,213.2366943359375,466.0902099609375,0.0008186614722944796,389.0470886230469,467.3478088378906,0.00041162516572512686,243.38681030273438,455.952880859375,0.0004800418100785464
20,webcam-0__tcn__20260807-122153_raw_30fps,3,4,0.1,background,1,1,1,1,0,0,0,640,480,0.946146547794342,0,0.722137451171875,78.638671875,602.2787475585938,479.22003173828125,324.9999694824219,244.05433654785156,0.9990184307098389,363.3652648925781,212.28152465820312,0.9970273375511169,290.3895263671875,206.5465087890625,0.9959968328475952,403.450439453125,225.3029327392578,0.8964297771453857,241.14816284179688,213.63185119628906,0.9569219946861267,450.58233642578125,348.5618896484375,0.9991675615310669,155.0363311767578,359.8146057128906,0.9940231442451477,569.8245849609375,462.9051513671875,0.7241412401199341,25.23187255859375,469.5167541503906,0.09443257749080658,554.8395385742188,477.45697021484375,0.018110215663909912,106.84280395507812,444.69842529296875,0.007046261802315712,394.0935974121094,480.0,0.0007512150332331657,213.70481872558594,480.0,0.0003604271332733333,419.880126953125,461.74951171875,0.0009624009253457189,216.96963500976562,467.02874755859375,0.0006854949169792235,390.9930725097656,468.56658935546875,0.00042984230094589293,246.303955078125,456.9903564453125,0.00044450259883888066
20,webcam-0__tcn__20260807-122153_raw_30fps,4,5,0.13333333333333333,background,1,1,1,1,0,0,0,640,480,0.9457980394363403,0,0.569244384765625,77.9715576171875,603.2218017578125,479.1715087890625,327.1988830566406,245.20681762695312,0.998957633972168,365.7771301269531,213.5413055419922,0.9971311092376709,292.1168518066406,207.6060791015625,0.9960018992424011,408.34454345703125,225.96533203125,0.9121895432472229,242.76492309570312,213.87603759765625,0.9511882066726685,454.231201171875,350.6356506347656,0.9990456700325012,157.56649780273438,358.7909851074219,0.9949097037315369,574.1419677734375,464.16180419921875,0.6425002813339233,26.369049072265625,466.7071533203125,0.10104477405548096,550.3715209960938,476.70111083984375,0.01478202547878027,104.48876953125,443.53875732421875,0.007533909287303686,396.6779479980469,480.0,0.0006489598890766501,215.89349365234375,480.0,0.0003442541928961873,421.076904296875,461.9583740234375,0.000958056712988764,215.57713317871094,466.6881103515625,0.0006838297704234719,392.85992431640625,470.974365234375,0.000427933206083253,245.49334716796875,457.9756774902344,0.0004132660978939384
20,webcam-0__tcn__20260807-122153_raw_30fps,5,6,0.16666666666666666,background,1,1,1,1,0,0,0,640,480,0.9463896751403809,0,1.4525146484375,77.30685424804688,603.6286010742188,479.1888122558594,328.0009460449219,245.34588623046875,0.9989463686943054,366.515380859375,213.4711151123047,0.9970658421516418,292.9833984375,207.4405517578125,0.9960414171218872,408.0025634765625,226.03594970703125,0.9073774814605713,243.4561767578125,213.72793579101562,0.9560209512710571,454.40411376953125,351.1146545410156,0.9990240335464478,158.2510528564453,358.8537292480469,0.9948551654815674,575.82080078125,463.61822509765625,0.6247252225875854,27.05889892578125,467.2669677734375,0.09638617932796478,550.0865478515625,475.15252685546875,0.01688377931714058,105.42665100097656,443.55731201171875,0.007438019383698702,395.88690185546875,480.0,0.0006390790804289281,215.17628479003906,480.0,0.00034196171327494085,420.37811279296875,461.4002380371094,0.0009415693930350244,216.18777465820312,466.085693359375,0.0006921368767507374,391.1885986328125,470.3572998046875,0.00043349387124180794,244.70535278320312,457.3601989746094,0.000425642472691834
20,webcam-0__tcn__20260807-122153_raw_30fps,6,7,0.2,background,1,1,1,1,0,0,0,640,480,0.9447588324546814,0,1.370086669921875,77.07174682617188,607.3509521484375,479.15283203125,328.81207275390625,245.0433349609375,0.9989720582962036,367.37469482421875,213.35330200195312,0.9972726702690125,293.4698791503906,207.17483520507812,0.9956619143486023,409.1421203613281,225.44439697265625,0.9184951782226562,243.2880401611328,212.9783935546875,0.9531277418136597,454.2784423828125,350.7496032714844,0.9990409016609192,155.97628784179688,360.8011474609375,0.9945812821388245,573.3058471679688,462.7669982910156,0.6224660873413086,26.642578125,469.08197021484375,0.07503321021795273,555.5108642578125,475.8939208984375,0.015695661306381226,104.98042297363281,442.585693359375,0.006519610527902842,395.27410888671875,480.0,0.0006928707589395344,213.79104614257812,480.0,0.00035779972677119076,419.3856506347656,461.368408203125,0.0009368119644932449,216.47427368164062,466.86212158203125,0.0007070356514304876,390.8570861816406,469.20758056640625,0.00040149790584109724,245.96426391601562,456.80487060546875,0.00042929398478008807
20,webcam-0__tcn__20260807-122153_raw_30fps,7,8,0.23333333333333334,background,1,1,1,1,0,0,0,640,480,0.9448482990264893,0,0.85302734375,76.96136474609375,607.3905029296875,479.16314697265625,329.7755432128906,244.944091796875,0.998938262462616,367.9161071777344,213.46701049804688,0.9972200393676758,294.257080078125,207.23831176757812,0.9958639144897461,409.60833740234375,225.58334350585938,0.9135981798171997,243.58360290527344,213.13360595703125,0.957737922668457,454.77197265625,351.0324401855469,0.9990361928939819,156.32456970214844,359.9741516113281,0.9946598410606384,574.59716796875,463.8570861816406,0.6128880977630615,25.873687744140625,468.54327392578125,0.08024933189153671,554.2625122070312,476.6021728515625,0.01434299536049366,103.88185119628906,442.559326171875,0.00657974649220705,394.2369384765625,480.0,0.000722314405720681,213.40469360351562,480.0,0.0003821353893727064,416.6809387207031,460.76947021484375,0.0009340640972368419,214.93515014648438,466.14013671875,0.0007157059153541923,388.5645751953125,469.3914794921875,0.0004145258862990886,244.03099060058594,456.3667907714844,0.0004443164507392794
20,webcam-0__tcn__20260807-122153_raw_30fps,8,9,0.26666666666666666,background,1,1,1,1,0,0,0,640,480,0.9455597400665283,0,1.173095703125,77.3087158203125,606.315673828125,479.14483642578125,331.7834777832031,245.96673583984375,0.998810887336731,370.1716003417969,214.76797485351562,0.9969448447227478,295.84063720703125,208.12960815429688,0.996036946773529,411.3441162109375,226.70440673828125,0.9019176363945007,243.87594604492188,213.44039916992188,0.9653376936912537,454.33636474609375,350.9767150878906,0.9990214109420776,159.32958984375,358.70770263671875,0.9951621890068054,577.3175659179688,464.7472229003906,0.5891323089599609,25.176483154296875,467.12396240234375,0.08739922940731049,553.3743286132812,473.3396911621094,0.017321007326245308,103.27020263671875,442.4114990234375,0.006679796613752842,394.41534423828125,480.0,0.0006676490884274244,214.69223022460938,480.0,0.00036051234928891063,418.75457763671875,461.6392822265625,0.0009059103904291987,214.7208251953125,466.8611755371094,0.0006620052736252546,390.38018798828125,470.8743896484375,0.0004446602542884648,243.35134887695312,456.70404052734375,0.00043649060535244644
20,webcam-0__tcn__20260807-122153_raw_30fps,9,10,0.3,background,1,1,1,1,0,0,0,640,480,0.9458174109458923,0,0.730865478515625,78.1339111328125,605.8933715820312,479.12298583984375,331.94482421875,246.44454956054688,0.9988043308258057,370.38861083984375,215.08230590820312,0.9970341920852661,295.7778625488281,208.17965698242188,0.9961197376251221,411.9844970703125,226.81756591796875,0.9039695858955383,243.50485229492188,213.05224609375,0.966651201248169,454.19866943359375,351.4533996582031,0.9990056157112122,159.75131225585938,359.0353088378906,0.9951964020729065,576.3104248046875,464.90228271484375,0.582172691822052,25.145416259765625,467.687255859375,0.08670935034751892,556.3177490234375,472.124267578125,0.01843368634581566,106.10890197753906,443.2761535644531,0.007003019563853741,394.89202880859375,480.0,0.0006328711751848459,215.56533813476562,480.0,0.000346282497048378,418.6180114746094,461.09320068359375,0.0008855217602103949,216.17727661132812,466.7197265625,0.0006426025647670031,390.61944580078125,470.4947814941406,0.0004494833410717547,244.30389404296875,456.2347412109375,0.0004313336976338178
20,webcam-0__tcn__20260807-122153_raw_30fps,10,11,0.3333333333333333,background,1,1,1,1,0,0,0,640,480,0.9467529654502869,0,0.87152099609375,78.12506103515625,608.8233642578125,479.11358642578125,332.28662109375,246.62596130371094,0.9988380074501038,371.12640380859375,215.03370666503906,0.997192919254303,296.7932434082031,208.34112548828125,0.9956300258636475,413.6071472167969,227.271728515625,0.9291638135910034,246.2957000732422,213.68301391601562,0.9603790044784546,455.4607238769531,351.0361022949219,0.9989939332008362,157.21241760253906,361.1858215332031,0.9950225353240967,574.3386840820312,465.3658142089844,0.5979529023170471,25.196929931640625,468.30145263671875,0.07101891189813614,555.5206909179688,476.1691589355469,0.013268522918224335,107.21510314941406,444.4416809082031,0.005971869453787804,394.86785888671875,480.0,0.0007149176090024412,213.7111053466797,480.0,0.00037425095797516406,420.30853271484375,460.56329345703125,0.0009096442954614758,218.31704711914062,466.6887512207031,0.0006765529979020357,391.36798095703125,469.4263916015625,0.0004135422932449728,246.2271728515625,456.45257568359375,0.0004344455373939127
20,webcam-0__tcn__20260807-122153_raw_30fps,11,12,0.36666666666666664,background,1,1,1,1,0,0,0,640,480,0.947236180305481,0,1.173004150390625,78.68362426757812,609.458251953125,479.0630187988281,332.5081787109375,247.0577392578125,0.9989161491394043,371.4653015136719,215.06524658203125,0.9971627593040466,297.1146240234375,208.43423461914062,0.9955818057060242,413.0859680175781,227.10951232910156,0.9220302104949951,246.40228271484375,213.55563354492188,0.9619024395942688,455.47857666015625,352.0648498535156,0.999029278755188,155.2917022705078,363.037109375,0.9944700002670288,572.5668334960938,464.5611267089844,0.618886411190033,25.381439208984375,469.75054931640625,0.06252136081457138,561.5161743164062,476.8410949707031,0.014052048325538635,108.24159240722656,444.22454833984375,0.005736974533647299,393.906982421875,480.0,0.000702385907061398,211.71453857421875,480.0,0.00034812535159289837,420.74639892578125,460.6922912597656,0.0008899052627384663,218.49864196777344,466.5490417480469,0.0006699114455841482,391.54498291015625,467.60247802734375,0.0004035632882732898,246.3862762451172,455.5311279296875,0.0004400402831379324
20,webcam-0__tcn__20260807-122153_raw_30fps,12,13,0.4,background,1,1,1,1,0,0,0,640,480,0.9464534521102905,0,1.52655029296875,78.29031372070312,608.9635620117188,479.05963134765625,332.57843017578125,246.869384765625,0.9989870190620422,371.833984375,215.08692932128906,0.9971469044685364,297.61859130859375,208.06668090820312,0.9957354068756104,413.27734375,227.67404174804688,0.9167572855949402,247.13748168945312,213.13070678710938,0.9607217311859131,455.7097473144531,352.42913818359375,0.9990041851997375,155.7781219482422,362.7274169921875,0.9944257736206055,573.8978881835938,463.1863708496094,0.6257671117782593,26.434967041015625,468.9976806640625,0.06089673563838005,560.0067749023438,476.9029541015625,0.018155166879296303,108.47213745117188,443.7906799316406,0.005925233010202646,393.80633544921875,480.0,0.0007617535884492099,211.65118408203125,480.0,0.0003695992927532643,420.34356689453125,460.5274658203125,0.0009207385010086,218.63853454589844,465.9432373046875,0.0006681953091174364,391.87371826171875,467.7060241699219,0.0004128717118874192,246.67739868164062,455.5654296875,0.0004351179813966155
20,webcam-0__tcn__20260807-122153_raw_30fps,13,14,0.43333333333333335,background,1,1,1,1,0,0,0,640,480,0.9478070735931396,0,0.53082275390625,77.07708740234375,608.9223022460938,479.04888916015625,333.86846923828125,248.22317504882812,0.9988254904747009,373.7303466796875,215.41543579101562,0.9966006875038147,298.7579345703125,208.77127075195312,0.9953227639198303,414.86834716796875,227.51596069335938,0.905460000038147,248.72946166992188,213.47500610351562,0.9578164219856262,457.54266357421875,353.0357360839844,0.9989930987358093,159.44564819335938,360.1413879394531,0.9951367974281311,575.9554443359375,465.98541259765625,0.636785089969635,26.21142578125,466.6233215332031,0.08914303779602051,555.4620971679688,475.2302551269531,0.017032651230692863,104.42195129394531,444.746337890625,0.006545649841427803,396.4312744140625,480.0,0.0006569883553311229,214.3142852783203,480.0,0.00033343449467793107,421.37078857421875,461.060302734375,0.0008932235068641603,215.8114013671875,465.5289611816406,0.0006292870384640992,391.3358459472656,469.468994140625,0.0004447376122698188,243.08935546875,456.38525390625,0.00041924481047317386
20,webcam-0__tcn__20260807-122153_raw_30fps,14,15,0.4666666666666667,background,1,1,1,1,0,0,0,640,480,0.9477093815803528,0,0.69085693359375,77.1876220703125,608.9186401367188,479.0277099609375,333.88262939453125,248.2589111328125,0.9988076686859131,373.702880859375,215.43875122070312,0.9965754151344299,298.76763916015625,208.81362915039062,0.9953332543373108,414.77581787109375,227.52786254882812,0.9043282866477966,248.74948120117188,213.52606201171875,0.9577080607414246,457.54705810546875,352.9267578125,0.9989867806434631,160.06394958496094,359.64007568359375,0.9953051805496216,576.1071166992188,466.21630859375,0.6365513801574707,26.084075927734375,466.63958740234375,0.09647756814956665,555.5364990234375,475.2647705078125,0.017243584617972374,103.87156677246094,445.31494140625,0.006776776164770126,396.4393005371094,480.0,0.0006404476007446647,214.5665283203125,480.0,0.0003316119546070695,420.97662353515625,461.1050720214844,0.0008843320538289845,215.03028869628906,465.32196044921875,0.000629065150860697,390.9249572753906,469.4743347167969,0.000448031525593251,242.10568237304688,456.2748107910156,0.00042097672121599317
20,webcam-0__tcn__20260807-122153_raw_30fps,15,16,0.5,background,1,1,1,1,0,0,0,640,480,0.9469560384750366,0,1.122802734375,77.53585815429688,610.7100830078125,478.9889221191406,334.1148681640625,248.1175537109375,0.9988160133361816,373.8870849609375,215.4007568359375,0.9965952038764954,298.9383850097656,208.77862548828125,0.9950049519538879,414.870361328125,227.2989044189453,0.9018265008926392,248.51910400390625,213.3292999267578,0.9546356797218323,457.3930358886719,353.1685791015625,0.9990164041519165,159.2040557861328,360.28912353515625,0.9950236082077026,576.6354370117188,466.6731262207031,0.6426905393600464,24.786163330078125,467.40582275390625,0.08905359357595444,561.21337890625,477.36376953125,0.01829417608678341,102.72364807128906,445.21368408203125,0.006602492183446884,395.36962890625,480.0,0.0006464311736635864,213.45010375976562,480.0,0.00032593851210549474,421.0929870605469,461.878173828125,0.000903273350559175,214.6910400390625,466.1232604980469,0.0006416052929125726,391.5934753417969,469.43505859375,0.00044217886170372367,241.94525146484375,456.47064208984375,0.00042020389810204506
20,webcam-0__tcn__20260807-122153_raw_30fps,16,17,0.5333333333333333,background,1,1,1,1,0,0,0,640,480,0.9474819302558899,0,1.34210205078125,78.2252197265625,608.8494873046875,479.0436096191406,333.1962890625,247.8186798095703,0.9989713430404663,373.0895690917969,215.60455322265625,0.9968621730804443,298.48663330078125,209.02871704101562,0.9954328536987305,414.26446533203125,226.8336639404297,0.9004448056221008,248.56268310546875,212.89100646972656,0.9492605924606323,457.7225341796875,352.91082763671875,0.9990139007568359,159.93276977539062,361.23858642578125,0.9949567914009094,577.4735717773438,466.58251953125,0.6197367310523987,27.016021728515625,467.18353271484375,0.08294778317213058,558.6493530273438,478.0032043457031,0.014319037087261677,104.10929870605469,444.3125915527344,0.0060561238788068295,396.66485595703125,480.0,0.0006627551629208028,215.5553741455078,480.0,0.0003351164923515171,419.65875244140625,461.33343505859375,0.0008858985966071486,215.79641723632812,466.09619140625,0.0006173774017952383,390.88604736328125,469.7388916015625,0.0004582132678478956,243.02999877929688,456.9593505859375,0.000425107020419091
20,webcam-0__tcn__20260807-122153_raw_30fps,17,18,0.5666666666666667,background,1,1,1,1,0,0,0,640,480,0.9475685358047485,0,1.756256103515625,78.90081787109375,609.0494995117188,479.05462646484375,332.79736328125,248.1079559326172,0.9990248680114746,372.153076171875,215.80154418945312,0.9971518516540527,298.3355407714844,209.09719848632812,0.9949350953102112,413.7308349609375,225.85243225097656,0.9090718030929565,248.92056274414062,211.82626342773438,0.9368493556976318,457.3489990234375,352.9485778808594,0.9990500807762146,157.84799194335938,362.98773193359375,0.9945825934410095,577.6617431640625,466.4276428222656,0.6139721274375916,27.3648681640625,468.970947265625,0.06887657195329666,557.0980224609375,477.8090515136719,0.012561784125864506,107.80630493164062,444.482177734375,0.00579347787424922,395.9146423339844,480.0,0.0006629219860769808,214.11058044433594,480.0,0.000326957437209785,418.1976623535156,460.8518371582031,0.000845114525873214,217.01986694335938,466.8663024902344,0.000589219736866653,390.1232604980469,469.2048645019531,0.00042224753997288644,245.3089141845703,456.7337646484375,0.00040322760469280183
20,webcam-0__tcn__20260807-122153_raw_30fps,18,19,0.6,background,1,1,1,1,0,0,0,640,480,0.9468659162521362,0,0.652801513671875,77.550537109375,606.2274780273438,479.1309814453125,330.5587158203125,247.59136962890625,0.9991113543510437,370.00177001953125,215.73541259765625,0.9973527193069458,296.28131103515625,208.73748779296875,0.9949865341186523,412.406005859375,225.68690490722656,0.9198408126831055,247.1729736328125,211.17149353027344,0.9312321543693542,457.7025451660156,353.3807678222656,0.9989345669746399,154.45225524902344,365.1431579589844,0.9943166375160217,577.9925537109375,467.84912109375,0.5386556386947632,27.347869873046875,470.7495422363281,0.057431451976299286,546.693603515625,474.8529052734375,0.01353735662996769,111.51139831542969,444.6759338378906,0.006249782629311085,395.626220703125,480.0,0.0006542749470099807,212.20040893554688,480.0,0.00031926840892992914,418.5406494140625,459.62890625,0.0009243388194590807,216.95266723632812,467.2060546875,0.0005806249682791531,390.6067810058594,469.12274169921875,0.00043837932753376663,246.26332092285156,457.321533203125,0.00037285356665961444
20,webcam-0__tcn__20260807-122153_raw_30fps,19,20,0.6333333333333333,background,1,1,1,1,0,0,0,640,480,0.9474375247955322,0,0.686798095703125,78.836669921875,606.9472045898438,479.1084289550781,330.07196044921875,246.5966796875,0.9991315007209778,369.07940673828125,215.10287475585938,0.9974501729011536,295.8487854003906,208.28201293945312,0.995281994342804,411.3262939453125,224.94117736816406,0.918893575668335,246.75216674804688,210.83889770507812,0.9325122833251953,457.9219665527344,353.3691711425781,0.9989558458328247,156.32960510253906,363.4690856933594,0.9944658875465393,577.8372802734375,467.5513916015625,0.5349206924438477,28.45947265625,469.6534729003906,0.06670711189508438,547.998046875,475.73297119140625,0.013459401205182076,113.61512756347656,445.0668640136719,0.006636918056756258,395.93115234375,480.0,0.0006660868530161679,213.30215454101562,480.0,0.00034273165510967374,418.1136169433594,460.4865417480469,0.0008899391978047788,216.98529052734375,467.1430969238281,0.000600192230194807,390.7571716308594,469.9095764160156,0.0004527703276835382,245.9857177734375,458.03997802734375,0.000398855161620304
20,webcam-0__tcn__20260807-122153_raw_30fps,20,21,0.6666666666666666,background,1,1,1,1,0,0,0,640,480,0.947169840335846,0,1.266998291015625,78.46722412109375,606.7122802734375,479.1020202636719,329.8385925292969,246.79269409179688,0.9991298317909241,368.6927185058594,214.91339111328125,0.9973732233047485,295.11871337890625,208.27166748046875,0.9954354166984558,410.9414978027344,224.59744262695312,0.9051682949066162,245.55136108398438,211.03057861328125,0.9320926070213318,457.1738586425781,352.8046875,0.9990023970603943,157.0268096923828,362.9575500488281,0.994299054145813,578.1507568359375,466.3120422363281,0.5613960027694702,29.0482177734375,469.5431213378906,0.06801196932792664,553.3648681640625,476.4007873535156,0.01363246887922287,112.02699279785156,445.5517883300781,0.006264126393944025,395.68890380859375,480.0,0.0006733628106303513,213.78631591796875,480.0,0.00034258951200172305,418.0966491699219,460.55584716796875,0.0008858306682668626,217.12820434570312,467.135986328125,0.0006008695927448571,390.7531433105469,469.65380859375,0.000453176413429901,245.4172821044922,457.7135314941406,0.0004026989918202162
20,webcam-0__tcn__20260807-122153_raw_30fps,21,22,0.7,background,1,1,1,1,0,0,0,640,480,0.9475756883621216,0,0.1046142578125,78.13580322265625,605.7379150390625,479.1011047363281,328.9012756347656,246.76443481445312,0.9991045594215393,367.8288879394531,214.4831085205078,0.997140645980835,294.3049011230469,208.27011108398438,0.9953502416610718,409.74188232421875,225.1890869140625,0.9040895104408264,245.2783203125,212.36160278320312,0.9369899034500122,455.7458801269531,353.038330078125,0.9990384578704834,156.7069091796875,363.1792297363281,0.993973433971405,576.999755859375,465.47308349609375,0.5851638913154602,29.2684326171875,470.1868591308594,0.0652264729142189,555.4439086914062,477.0660400390625,0.013568178750574589,113.37043762207031,444.32879638671875,0.006027748342603445,394.18438720703125,480.0,0.0006948601803742349,212.72772216796875,480.0,0.0003407535550650209,418.0382080078125,460.88482666015625,0.0009104051860049367,217.381591796875,466.68585205078125,0.0006271082675084472,390.7823486328125,469.5970153808594,0.0004482980875764042,246.0498046875,457.8017883300781,0.0004155116039328277
20,webcam-0__tcn__20260807-122153_raw_30fps,22,23,0.7333333333333333,background,1,1,1,1,0,0,0,640,480,0.9469595551490784,0,1.04217529296875,79.01416015625,604.9359741210938,479.0578308105469,328.7643737792969,246.61685180664062,0.9991039633750916,367.47039794921875,214.55758666992188,0.9971011281013489,294.23260498046875,208.23648071289062,0.9953498840332031,409.56634521484375,225.62921142578125,0.9017935395240784,245.35308837890625,212.63729858398438,0.9371185302734375,454.78253173828125,352.69610595703125,0.9991078972816467,156.96900939941406,363.2513122558594,0.9941712021827698,575.6145629882812,464.9570007324219,0.6404781341552734,29.617340087890625,469.9929504394531,0.07249845564365387,555.0993041992188,479.10595703125,0.014545943588018417,115.35317993164062,445.0970458984375,0.006299387197941542,393.7425537109375,480.0,0.0007033997098915279,212.84963989257812,480.0,0.00033731776056811213,419.33087158203125,461.15667724609375,0.0009223287343047559,218.1275634765625,466.7122802734375,0.000630499969702214,392.1198425292969,469.5351257324219,0.0004429166729096323,246.7911376953125,457.8136291503906,0.00041320855962112546
20,webcam-0__tcn__20260807-122153_raw_30fps,23,24,0.7666666666666667,background,1,1,1,1,0,0,0,640,480,0.9476803541183472,0,1.779754638671875,79.47311401367188,603.797119140625,479.11492919921875,328.5960693359375,246.06005859375,0.9990949630737305,367.08135986328125,213.84312438964844,0.9970704317092896,293.986083984375,207.87530517578125,0.995233952999115,408.43756103515625,224.94491577148438,0.9001914858818054,245.04995727539062,212.7389678955078,0.9397172927856445,454.8121337890625,352.414306640625,0.999093770980835,155.6999053955078,363.32330322265625,0.9936769604682922,574.6115112304688,465.2937927246094,0.626423180103302,29.388763427734375,470.7268371582031,0.06620588898658752,553.1807861328125,478.4361572265625,0.013974192552268505,115.76902770996094,444.6251220703125,0.006264167837798595,394.0536193847656,480.0,0.0006475247209891677,212.447265625,480.0,0.00030697326292283833,418.600341796875,461.384033203125,0.0008739770273678005,218.4906005859375,466.91058349609375,0.0006070886156521738,391.2998046875,469.39520263671875,0.00043411742080934346,247.2755889892578,458.08599853515625,0.00041491174488328397
20,webcam-0__tcn__20260807-122153_raw_30fps,24,25,0.8,background,1,1,1,1,0,0,0,640,480,0.9470162987709045,0,1.852386474609375,79.75042724609375,604.2366943359375,479.115234375,328.3135070800781,245.65512084960938,0.9990670084953308,366.5630187988281,213.4818878173828,0.9971080422401428,293.692626953125,207.52630615234375,0.9952549934387207,408.5580749511719,224.933349609375,0.9057762026786804,245.09478759765625,212.7923583984375,0.9383995532989502,454.80804443359375,352.5174865722656,0.9991087317466736,156.58290100097656,362.7220153808594,0.9940991401672363,574.414794921875,464.37799072265625,0.6514760851860046,28.65655517578125,470.3121643066406,0.07255855202674866,555.9765014648438,478.4687805175781,0.014752914197742939,113.55311584472656,444.68304443359375,0.005941553507000208,393.8311462402344,480.0,0.0006262345123104751,212.86761474609375,480.0,0.000303149368846789,417.25604248046875,461.7382507324219,0.0008632709505036473,217.68858337402344,466.9477233886719,0.0006075612036511302,390.310791015625,469.29083251953125,0.00041500074439682066,246.58737182617188,457.4998779296875,0.00040402828017249703
20,webcam-0__tcn__20260807-122153_raw_30fps,25,26,0.8333333333333334,background,1,1,1,1,0,0,0,640,480,0.9470789432525635,0,0.0,79.66253662109375,603.1019287109375,479.1094970703125,328.3066101074219,245.75340270996094,0.9991117119789124,366.6011047363281,213.7446746826172,0.9973823428153992,293.4298400878906,207.41336059570312,0.9958499670028687,408.8509521484375,224.54437255859375,0.9165570735931396,244.32110595703125,211.82766723632812,0.948734700679779,453.8300476074219,352.9106750488281,0.9990262985229492,149.60726928710938,366.4994201660156,0.9943186640739441,572.6472778320312,462.7834167480469,0.6467075347900391,27.035247802734375,472.51055908203125,0.062145281583070755,552.22802734375,475.9681701660156,0.010734316892921925,104.18246459960938,444.78216552734375,0.004746186081320047,391.7023620605469,480.0,0.0006658784113824368,208.63661193847656,480.0,0.0003224371175747365,414.9247131347656,460.20928955078125,0.0008946970338001847,215.04705810546875,467.7780456542969,0.0006361451232805848,386.7342529296875,467.6943359375,0.0003767666348721832,243.9019775390625,456.5564270019531,0.0004061646177433431
20,webcam-0__tcn__20260807-122153_raw_30fps,26,27,0.8666666666666667,background,1,1,1,1,0,0,0,640,480,0.9468495845794678,0,0.0,79.81890869140625,603.139404296875,479.112060546875,328.30352783203125,245.76507568359375,0.9990946054458618,366.5792541503906,213.73321533203125,0.9973617196083069,293.4099426269531,207.40756225585938,0.995837926864624,408.7968444824219,224.5734405517578,0.9152773022651672,244.28128051757812,211.87088012695312,0.948556125164032,453.9251708984375,352.8748474121094,0.9990240335464478,150.49923706054688,366.0989074707031,0.994527280330658,572.6151123046875,462.8009948730469,0.6480739712715149,26.57598876953125,472.20855712890625,0.06773864477872849,551.964599609375,476.2314453125,0.010631484910845757,103.405517578125,444.76922607421875,0.004796712659299374,391.7789306640625,480.0,0.0006586289964616299,209.1387939453125,480.0,0.0003249292785767466,414.38897705078125,460.22216796875,0.0008972893701866269,214.50820922851562,467.711181640625,0.0006453176611103117,386.2744140625,467.6527099609375,0.0003821857098955661,243.26419067382812,456.39862060546875,0.00041086439159698784
20,webcam-0__tcn__20260807-122153_raw_30fps,27,28,0.9,background,1,1,1,1,0,0,0,640,480,0.9464268684387207,0,0.0,78.82568359375,604.5538330078125,479.138671875,327.2735900878906,243.23793029785156,0.9990813732147217,365.4634704589844,211.35853576660156,0.9972901344299316,292.49908447265625,205.91200256347656,0.9957849383354187,408.16680908203125,223.77499389648438,0.9267537593841553,244.41293334960938,212.7972412109375,0.9479511380195618,454.710693359375,352.1805725097656,0.9989381432533264,153.80154418945312,364.43603515625,0.9945772886276245,572.3699340820312,464.2032470703125,0.5975492596626282,27.376922607421875,471.09466552734375,0.06464973837137222,554.447509765625,473.6813049316406,0.013708025217056274,108.86505126953125,445.49737548828125,0.005197544582188129,393.8758850097656,480.0,0.0006192075088620186,211.95443725585938,480.0,0.00031519282492809,413.97918701171875,460.0083923339844,0.000950290821492672,214.94613647460938,467.3131103515625,0.0006442149169743061,386.9797058105469,468.89764404296875,0.00041131663601845503,243.96823120117188,456.97528076171875,0.00040014219121076167
20,webcam-0__tcn__20260807-122153_raw_30fps,28,29,0.9333333333333333,background,1,1,1,1,0,0,0,640,480,0.9462270140647888,0,0.0,78.72528076171875,604.0183715820312,479.10498046875,327.3064880371094,243.274658203125,0.9990664124488831,365.43804931640625,211.34295654296875,0.9973305463790894,292.5058288574219,205.88018798828125,0.9957798719406128,408.1302490234375,223.76983642578125,0.9267081022262573,244.44607543945312,212.77804565429688,0.94707852602005,454.3811950683594,351.7975158691406,0.9989571571350098,154.6642303466797,363.86700439453125,0.9947570562362671,572.618408203125,463.781005859375,0.6068617105484009,27.386322021484375,470.41680908203125,0.06958896666765213,556.0084228515625,473.94293212890625,0.013393623754382133,107.4105224609375,446.06036376953125,0.005144868046045303,393.83099365234375,480.0,0.0006703536491841078,212.76092529296875,480.0,0.0003472731332294643,413.4373474121094,460.45147705078125,0.0009824534645304084,214.2470245361328,467.6175842285156,0.0006815207307226956,386.5339050292969,469.05010986328125,0.0004182154079899192,242.88363647460938,457.2440490722656,0.0004159277305006981
20,webcam-0__tcn__20260807-122153_raw_30fps,29,30,0.9666666666666667,background,1,1,1,1,0,0,0,640,480,0.9464960694313049,0,0.0,78.531005859375,603.3695068359375,479.15777587890625,326.73175048828125,242.8057861328125,0.9990319013595581,364.778564453125,210.9517822265625,0.9972103238105774,292.119384765625,205.55859375,0.9957905411720276,407.16827392578125,223.98973083496094,0.9288410544395447,244.31077575683594,213.13771057128906,0.9502599835395813,455.26416015625,352.17071533203125,0.998916745185852,155.2774200439453,363.6392517089844,0.9946807026863098,573.1397094726562,464.2486572265625,0.5798161029815674,27.4674072265625,469.2154846191406,0.07252832502126694,550.5823364257812,474.92559814453125,0.011865765787661076,106.19952392578125,445.2714538574219,0.005449225194752216,394.7863464355469,480.0,0.0006572952261194587,213.10032653808594,480.0,0.0003474761324469,414.6225280761719,460.40155029296875,0.0009693413740023971,214.42425537109375,467.62237548828125,0.0006797236273996532,387.74169921875,469.361083984375,0.00042969133937731385,243.49623107910156,457.5704345703125,0.00042336180922575295
20,webcam-0__tcn__20260807-122153_raw_30fps,30,31,1.0,background,1,1,1,1,0,0,0,640,480,0.9461923241615295,0,0.0,79.18670654296875,603.93115234375,479.1363525390625,326.8553161621094,243.1640625,0.9990382194519043,364.754150390625,211.22137451171875,0.9970910549163818,292.1999816894531,205.96533203125,0.9958853125572205,406.8052673339844,224.75497436523438,0.9267212152481079,244.48733520507812,214.2306365966797,0.9551383852958679,454.33514404296875,352.2684631347656,0.998948872089386,152.6002655029297,364.98681640625,0.9944884777069092,573.4801025390625,464.02435302734375,0.6170464754104614,26.928314208984375,469.58795166015625,0.06575974076986313,552.9696044921875,475.38262939453125,0.012885412201285362,105.00856018066406,444.8847351074219,0.004948467016220093,393.5879211425781,480.0,0.0007021028432063758,211.13668823242188,480.0,0.00035595844383351505,416.2479248046875,460.7125549316406,0.0009814401855692267,215.16482543945312,468.4561462402344,0.0006799002294428647,388.4277648925781,468.3934326171875,0.000409050117013976,244.26809692382812,457.3195495605469,0.0004145600541960448
20,webcam-0__tcn__20260807-122153_raw_30fps,31,32,1.0333333333333334,background,1,1,1,1,0,0,0,640,480,0.9460877180099487,0,0.0,79.2864990234375,603.710693359375,479.1280822753906,326.9606628417969,243.87335205078125,0.9990376234054565,365.51470947265625,211.86007690429688,0.9970445036888123,292.59454345703125,206.486328125,0.9957805871963501,407.0596008300781,225.26869201660156,0.9243444800376892,244.85398864746094,214.22274780273438,0.9550386667251587,453.52587890625,351.7703857421875,0.9989885687828064,154.5623779296875,364.3252258300781,0.9944577217102051,574.0777587890625,464.2694091796875,0.610086977481842,27.26708984375,470.136962890625,0.06639137864112854,553.5272827148438,475.0538024902344,0.012316890060901642,108.5450439453125,445.3063049316406,0.005281511694192886,393.25213623046875,480.0,0.0006891576340422034,211.80917358398438,480.0,0.00034880274324677885,414.06036376953125,460.1009826660156,0.0009507571230642498,215.09356689453125,467.59368896484375,0.0006712743197567761,387.22076416015625,468.44970703125,0.000426747981691733,244.3468475341797,457.09295654296875,0.00043455904233269393
20,webcam-0__tcn__20260807-122153_raw_30fps,32,33,1.0666666666666667,background,1,1,1,1,0,0,0,640,480,0.9459726214408875,0,0.0,79.0875244140625,603.4613037109375,479.14697265625,327.1380615234375,243.920166015625,0.9990798234939575,365.4903259277344,212.09042358398438,0.9971108436584473,292.6856689453125,206.54525756835938,0.9958904981613159,406.8170471191406,225.39923095703125,0.9216558337211609,244.5709228515625,214.10690307617188,0.9564900398254395,453.3713684082031,352.3219299316406,0.9989578723907471,152.97369384765625,365.0755615234375,0.9940998554229736,573.6839599609375,463.42254638671875,0.5956747531890869,28.1334228515625,470.6809997558594,0.05786499008536339,554.675537109375,472.3367919921875,0.0138867711648345,110.41822814941406,446.0436096191406,0.005208792630583048,392.2098388671875,480.0,0.0007216999074444175,210.0352783203125,480.0,0.0003592100692912936,414.0155334472656,459.3408508300781,0.0009741444955579937,214.97744750976562,467.220947265625,0.0006770857726223767,387.60369873046875,468.0877380371094,0.0004269095079507679,244.7047576904297,456.6787109375,0.00043475168058648705
20,webcam-0__tcn__20260807-122153_raw_30fps,33,34,1.1,background,1,1,1,1,0,0,0,640,480,0.9468435645103455,0,0.495269775390625,80.35565185546875,603.4347534179688,479.18707275390625,326.9589538574219,244.1942138671875,0.9990513920783997,365.2923278808594,212.56719970703125,0.9971676468849182,292.48443603515625,206.8976287841797,0.9959815740585327,406.55517578125,225.53372192382812,0.9206410646438599,244.1432342529297,214.03634643554688,0.9562610387802124,452.596435546875,351.2709655761719,0.9990507960319519,154.8784637451172,364.1056823730469,0.9941745400428772,573.6318359375,464.35040283203125,0.648719072341919,28.6497802734375,469.364990234375,0.06871740520000458,551.4193725585938,475.40338134765625,0.012366616167128086,108.19599914550781,444.99432373046875,0.005224696360528469,392.740478515625,480.0,0.0006701949751004577,211.97116088867188,480.0,0.00033378018997609615,414.8598327636719,459.86651611328125,0.0009329963359050453,215.84730529785156,467.55560302734375,0.0006683932733722031,388.05035400390625,468.9334716796875,0.00041904664249159396,244.53834533691406,457.21417236328125,0.0004413176793605089
20,webcam-0__tcn__20260807-122153_raw_30fps,34,35,1.1333333333333333,background,1,1,1,1,0,0,0,640,480,0.9466288089752197,0,0.9078369140625,80.23931884765625,603.447509765625,479.153076171875,327.36724853515625,244.13662719726562,0.9990586638450623,365.4531555175781,212.60118103027344,0.9971444010734558,292.8002014160156,207.02713012695312,0.9959677457809448,406.42474365234375,225.77822875976562,0.9154458045959473,244.2168731689453,214.53985595703125,0.9558030962944031,452.33984375,351.33636474609375,0.9990407824516296,156.32383728027344,363.71392822265625,0.9940155744552612,574.3145141601562,464.19775390625,0.6290167570114136,30.0916748046875,469.4466857910156,0.06647340208292007,554.31689453125,474.8355712890625,0.013471055775880814,109.44837951660156,444.6016540527344,0.005460333079099655,392.8575439453125,480.0,0.0006552028353326023,212.7141571044922,480.0,0.00032828273833729327,414.5789489746094,460.35565185546875,0.0009274883195757866,215.9462890625,467.1925964355469,0.0006650178111158311,388.2452392578125,468.91253662109375,0.00042429688619449735,244.30868530273438,456.9083557128906,0.00044225892634131014
20,webcam-0__tcn__20260807-122153_raw_30fps,35,36,1.1666666666666667,background,1,1,1,1,0,0,0,640,480,0.945816159248352,0,0.80889892578125,80.54339599609375,603.98974609375,479.13458251953125,327.4580993652344,244.19541931152344,0.9990559220314026,365.49847412109375,212.6202850341797,0.9971132278442383,292.9569091796875,207.10562133789062,0.9957805871963501,406.0541076660156,225.97503662109375,0.9135765433311462,244.51901245117188,214.8466339111328,0.9544023871421814,452.43231201171875,351.3340148925781,0.9990519881248474,156.51776123046875,363.7347412109375,0.9941354990005493,574.469970703125,464.84405517578125,0.6183490753173828,28.356842041015625,470.574462890625,0.06799685209989548,553.96435546875,475.7354736328125,0.013051416724920273,110.37237548828125,445.32989501953125,0.005475827492773533,392.1365051269531,480.0,0.0006501881871372461,211.4201202392578,480.0,0.0003270357265137136,414.246337890625,460.50372314453125,0.0009168987744487822,215.17913818359375,467.3260498046875,0.000669440720230341,387.22076416015625,468.60272216796875,0.0004320771258790046,242.9429473876953,456.91461181640625,0.0004502273804973811
20,webcam-0__tcn__20260807-122153_raw_30fps,36,37,1.2,background,1,1,1,1,0,0,0,640,480,0.9458035826683044,0,1.013641357421875,79.88189697265625,603.6702880859375,479.1341552734375,327.42340087890625,244.2169189453125,0.9991193413734436,365.5301818847656,212.62252807617188,0.9971867203712463,292.9835205078125,207.08663940429688,0.9957301020622253,406.421630859375,225.4427490234375,0.9176067113876343,244.51651000976562,214.28366088867188,0.9526021480560303,453.0565185546875,352.03887939453125,0.9990155696868896,153.5429229736328,365.77679443359375,0.9936203360557556,573.965087890625,464.8345947265625,0.5931696891784668,29.86138916015625,472.31146240234375,0.053794506937265396,551.6008911132812,476.24981689453125,0.012457757256925106,114.25267028808594,444.06475830078125,0.005339410156011581,391.7762451171875,480.0,0.0006685510161332786,209.67416381835938,480.0,0.0003249998844694346,414.7269287109375,459.483642578125,0.0009129120735451579,216.39022827148438,466.7740478515625,0.0006553908460773528,387.6873779296875,467.844970703125,0.0004192870110273361,245.19869995117188,456.55023193359375,0.0004421760968398303
20,webcam-0__tcn__20260807-122153_raw_30fps,37,38,1.2333333333333334,background,1,1,1,1,0,0,0,640,480,0.9465060830116272,0,0.290008544921875,80.06195068359375,604.0850219726562,479.125732421875,327.0769348144531,244.94140625,0.9988034963607788,366.2105712890625,213.41995239257812,0.996412456035614,292.0921325683594,207.87179565429688,0.9949045181274414,408.1800231933594,224.98037719726562,0.9159274697303772,243.13510131835938,213.54342651367188,0.9482265114784241,454.73944091796875,352.2709655761719,0.9990484118461609,155.04872131347656,363.0865478515625,0.9940298795700073,574.0044555664062,464.87310791015625,0.612148106098175,29.312591552734375,471.239013671875,0.06410288065671921,551.4061889648438,476.78570556640625,0.012523496523499489,109.49375915527344,443.4975891113281,0.005841303151100874,393.0487976074219,480.0,0.0006271112943068147,211.3505859375,480.0,0.00030886410968378186,414.5809631347656,461.23687744140625,0.000794268911704421,214.98684692382812,467.0714111328125,0.000577172904741019,386.95672607421875,468.26910400390625,0.0004205689765512943,243.4154052734375,456.3764343261719,0.00042785468394868076
20,webcam-0__tcn__20260807-122153_raw_30fps,38,39,1.2666666666666666,background,1,1,1,1,0,0,0,640,480,0.9465410113334656,0,0.644195556640625,79.696044921875,603.03271484375,479.0954284667969,327.22637939453125,244.9016571044922,0.998873770236969,366.6845397949219,213.01962280273438,0.9965887069702148,292.400146484375,207.43026733398438,0.995307981967926,408.4347839355469,225.30892944335938,0.9194694757461548,243.62403869628906,213.63540649414062,0.953080952167511,454.7756652832031,352.451416015625,0.9990463852882385,155.54595947265625,363.2666931152344,0.9937944412231445,573.9302978515625,464.0343933105469,0.6289070844650269,29.970672607421875,471.286376953125,0.0625452846288681,554.1719360351562,476.9088134765625,0.013748319819569588,110.17152404785156,444.2945861816406,0.0058907028287649155,393.43389892578125,480.0,0.0006249799625948071,211.50418090820312,480.0,0.00030092603992670774,416.669677734375,461.6556396484375,0.0008200348820537329,216.39093017578125,467.0224304199219,0.0005973681109026074,389.2158203125,468.5094299316406,0.0004178426170255989,244.81982421875,456.6155090332031,0.00043576202006079257
20,webcam-0__tcn__20260807-122153_raw_30fps,39,40,1.3,background,1,1,1,1,0,0,0,640,480,0.9462849497795105,0,0.7034912109375,79.12030029296875,602.3818969726562,479.0982360839844,327.1883544921875,244.94009399414062,0.9988759160041809,366.70440673828125,213.0242156982422,0.9965900182723999,292.391357421875,207.43206787109375,0.9953839182853699,408.29833984375,225.31752014160156,0.9182639122009277,243.58969116210938,213.62060546875,0.9531225562095642,454.600830078125,352.4642639160156,0.9990293979644775,155.9930419921875,362.8883361816406,0.9938430786132812,574.2166137695312,465.162353515625,0.6324649453163147,29.849517822265625,470.5655822753906,0.0683685690164566,551.0335693359375,476.1923522949219,0.014616191387176514,109.76530456542969,443.58984375,0.00632680207490921,392.8393859863281,480.0,0.0006328985909931362,211.14605712890625,480.0,0.00030879818950779736,416.1957092285156,461.4859619140625,0.0008277441957034171,215.4923095703125,467.008056640625,0.0005974914529360831,388.53326416015625,468.6628112792969,0.00042654131539165974,243.918212890625,456.6266784667969,0.0004350230155978352
20,webcam-0__tcn__20260807-122153_raw_30fps,40,41,1.3333333333333333,background,1,1,1,1,0,0,0,640,480,0.9461143016815186,0,0.3287353515625,79.14373779296875,602.2802734375,479.1210021972656,326.0987243652344,244.92379760742188,0.9989398121833801,365.4111633300781,212.68994140625,0.9967126846313477,291.99920654296875,207.361572265625,0.9956603646278381,407.4694519042969,225.7701416015625,0.9226566553115845,244.82684326171875,214.42408752441406,0.9518246650695801,453.3690185546875,351.43231201171875,0.999019980430603,155.91136169433594,362.34796142578125,0.9940797090530396,573.4037475585938,464.5634765625,0.6524631381034851,29.02642822265625,471.8182373046875,0.06796038150787354,556.2976684570312,477.07904052734375,0.014362281188368797,110.16300964355469,444.3167724609375,0.005851713474839926,392.1424255371094,480.0,0.0006655241013504565,210.68484497070312,480.0,0.0003272512403782457,415.297119140625,461.7639465332031,0.0008456219802610576,215.40789794921875,467.1650695800781,0.0006167173269204795,388.2104797363281,468.2460632324219,0.00040058704325929284,243.497802734375,456.38873291015625,0.00042375241173431277
20,webcam-0__tcn__20260807-122153_raw_30fps,41,42,1.3666666666666667,background,1,1,1,1,0,0,0,640,480,0.9462795257568359,0,0.51715087890625,79.2423095703125,602.783203125,479.13262939453125,326.2243347167969,244.8773193359375,0.9989532232284546,365.3786315917969,212.664794921875,0.996738612651825,292.040771484375,207.33978271484375,0.9956609606742859,407.505859375,225.71331787109375,0.9231781959533691,244.80877685546875,214.47064208984375,0.9522795677185059,453.28814697265625,351.4024353027344,0.9990398287773132,155.52435302734375,363.1089172363281,0.9940598011016846,572.9356079101562,464.5242919921875,0.6594206690788269,29.402008056640625,472.2371826171875,0.06609466671943665,554.9651489257812,477.7012939453125,0.013722402974963188,111.06721496582031,444.067138671875,0.00574348121881485,391.9938049316406,480.0,0.0006548837991431355,210.53622436523438,480.0,0.0003171789867337793,414.9729309082031,461.61639404296875,0.000840906985104084,215.77932739257812,467.40087890625,0.0006080431630834937,387.5050048828125,467.91168212890625,0.00039663436473347247,243.89810180664062,456.19122314453125,0.00041973491897806525
20,webcam-0__tcn__20260807-122153_raw_30fps,42,43,1.4,background,1,1,1,1,0,0,0,640,480,0.9458483457565308,0,1.033294677734375,79.49774169921875,603.806396484375,479.1302490234375,326.1977844238281,244.93344116210938,0.9989309906959534,365.29669189453125,212.68679809570312,0.9967183470726013,291.9469299316406,207.28228759765625,0.9958655834197998,407.1070861816406,225.86007690429688,0.9177418947219849,244.3599853515625,214.47991943359375,0.9554439783096313,453.54034423828125,350.80615234375,0.9990370273590088,157.3455047607422,361.6365661621094,0.99420565366745,573.0830688476562,464.5937805175781,0.6358681917190552,30.39910888671875,471.79803466796875,0.07264454662799835,553.9895629882812,477.9261779785156,0.013037057593464851,113.27813720703125,444.28179931640625,0.006049818359315395,393.0025329589844,480.0,0.0006314841448329389,212.3212890625,480.0,0.000317411933792755,414.13702392578125,462.2022705078125,0.0008162043523043394,215.585205078125,466.9887390136719,0.0006042082095518708,386.9832763671875,469.15277099609375,0.0004154658818151802,243.4054718017578,457.14093017578125,0.0004353499098215252
20,webcam-0__tcn__20260807-122153_raw_30fps,43,44,1.4333333333333333,background,1,1,1,1,0,0,0,640,480,0.9453776478767395,0,0.51348876953125,78.8516845703125,604.098388671875,479.1390380859375,325.72430419921875,244.98638916015625,0.9989532232284546,364.95819091796875,212.92547607421875,0.9968156218528748,291.7250671386719,207.2945556640625,0.9959610104560852,407.479248046875,226.44378662109375,0.9257718920707703,244.48544311523438,214.51852416992188,0.9561669826507568,454.0445251464844,351.4821472167969,0.999017596244812,156.86647033691406,362.4776916503906,0.9941837191581726,573.2547607421875,464.01971435546875,0.6281471848487854,30.968475341796875,471.620361328125,0.06874971091747284,553.2242431640625,477.85272216796875,0.013034205883741379,115.11366271972656,444.5862121582031,0.005832697730511427,393.05462646484375,480.0,0.0006670232396572828,212.21932983398438,480.0,0.0003324983408674598,414.68621826171875,461.904296875,0.0008404952241107821,216.31884765625,466.7308044433594,0.0006115772412158549,387.8453674316406,468.948974609375,0.00042069749906659126,244.44265747070312,457.16650390625,0.0004376599099487066
20,webcam-0__tcn__20260807-122153_raw_30fps,44,45,1.4666666666666666,background,1,1,1,1,0,0,0,640,480,0.9458996653556824,0,0.245452880859375,78.91046142578125,603.285888671875,479.1500244140625,324.27325439453125,245.06541442871094,0.9990241527557373,363.324951171875,212.77871704101562,0.996890127658844,290.51763916015625,207.54220581054688,0.9955083131790161,405.1488037109375,225.40570068359375,0.9186909198760986,243.71923828125,214.29933166503906,0.9431549906730652,452.84686279296875,351.04595947265625,0.9990794658660889,156.01194763183594,362.2912292480469,0.9936162233352661,573.1181640625,464.0157470703125,0.6379052400588989,29.796661376953125,471.6534118652344,0.06647656857967377,553.4381713867188,477.955078125,0.012086866423487663,113.60289001464844,444.87530517578125,0.00577328447252512,392.49188232421875,480.0,0.0006877164705656469,211.27333068847656,480.0,0.0003314937639515847,414.9744567871094,462.23809814453125,0.0008824567194096744,215.74905395507812,467.5011901855469,0.0006362415733747184,388.1518249511719,468.85504150390625,0.0004134642658755183,244.4347381591797,457.4197998046875,0.0004269440833013505
20,webcam-0__tcn__20260807-122153_raw_30fps,45,46,1.5,background,1,1,1,1,0,0,0,640,480,0.9460470676422119,0,0.419219970703125,79.18801879882812,602.8502807617188,479.1504821777344,323.7751770019531,244.876953125,0.9990678429603577,362.62628173828125,212.58657836914062,0.9969484210014343,290.1452941894531,207.654052734375,0.9955475330352783,405.16473388671875,224.67990112304688,0.921425998210907,243.92202758789062,214.1996612548828,0.9375597834587097,453.2822570800781,351.21380615234375,0.9990876913070679,156.43824768066406,362.3748474121094,0.9934961795806885,572.4801025390625,463.99066162109375,0.6468821167945862,30.3077392578125,471.1200866699219,0.06565722078084946,553.8712158203125,478.4688720703125,0.012537396512925625,115.88043212890625,445.07867431640625,0.0059427786618471146,392.39306640625,480.0,0.0006940322346054018,211.36813354492188,480.0,0.000331102724885568,415.3267822265625,461.74969482421875,0.0008911772747524083,215.65635681152344,467.17694091796875,0.0006269516889005899,389.0710754394531,468.9734191894531,0.000418668903876096,244.59625244140625,457.4508361816406,0.0004196594818495214
20,webcam-0__tcn__20260807-122153_raw_30fps,46,47,1.5333333333333334,background,1,1,1,1,0,0,0,640,480,0.9461082220077515,0,0.1444091796875,79.10650634765625,602.2826538085938,479.1341247558594,323.7909240722656,244.7017364501953,0.9990774393081665,362.4365234375,212.3687286376953,0.9968841671943665,289.4951171875,207.68572998046875,0.9955719709396362,404.2879943847656,224.29751586914062,0.9124825596809387,242.2571258544922,214.61094665527344,0.9409107565879822,452.77276611328125,350.72412109375,0.9991205334663391,155.8470916748047,362.8113708496094,0.9930764436721802,571.7512817382812,463.74420166015625,0.6683452725410461,29.808380126953125,471.3250732421875,0.06408639252185822,554.8992919921875,478.5456848144531,0.01507788896560669,115.95393371582031,444.868896484375,0.006046860013157129,392.0008239746094,480.0,0.0006655085016973317,210.78268432617188,480.0,0.000309302587993443,415.2154235839844,461.50445556640625,0.000895487261004746,215.31683349609375,466.9837646484375,0.0006283730617724359,389.16339111328125,468.4807434082031,0.00042020188993774354,244.0485076904297,457.0586242675781,0.0004269194323569536
20,webcam-0__tcn__20260807-122153_raw_30fps,47,48,1.5666666666666667,background,1,1,1,1,0,0,0,640,480,0.9455716013908386,0,0.8275146484375,78.4656982421875,603.0595703125,479.1465759277344,322.9975280761719,244.728515625,0.999051034450531,361.6562805175781,212.27505493164062,0.9968875050544739,288.97979736328125,207.42138671875,0.9952795505523682,403.2987976074219,224.44464111328125,0.9105544090270996,242.06947326660156,214.31661987304688,0.93506920337677,452.34722900390625,350.88006591796875,0.9991160035133362,158.03074645996094,361.9573974609375,0.9933192729949951,570.068603515625,463.84857177734375,0.6638709902763367,29.2529296875,470.0268249511719,0.07113897800445557,557.9786376953125,478.03814697265625,0.016451431438326836,114.89408874511719,444.4200439453125,0.006295850966125727,392.70721435546875,480.0,0.0006373330252245069,212.52243041992188,480.0,0.0003055623674299568,414.79144287109375,461.8536071777344,0.0009259060607291758,214.29510498046875,466.742431640625,0.0006549406098201871,388.8577880859375,468.81134033203125,0.00042965670581907034,243.0067138671875,457.2565002441406,0.0004282747395336628
20,webcam-0__tcn__20260807-122153_raw_30fps,48,49,1.6,background,1,1,1,1,0,0,0,640,480,0.9457361698150635,0,0.80963134765625,79.17547607421875,603.6651611328125,479.1307373046875,323.13458251953125,244.6615753173828,0.9990949630737305,361.7515869140625,212.39712524414062,0.9970273375511169,289.2762756347656,207.45973205566406,0.9954148530960083,403.4484558105469,224.26358032226562,0.9093714356422424,242.47369384765625,213.92730712890625,0.9329673647880554,452.36138916015625,351.04608154296875,0.9991084933280945,158.722900390625,361.9992370605469,0.9934777021408081,571.2223510742188,463.8140563964844,0.6404785513877869,29.9881591796875,470.6092224121094,0.07233737409114838,557.1635131835938,477.88934326171875,0.014740768820047379,118.11402893066406,444.4001770019531,0.006667282432317734,392.99163818359375,480.0,0.0006513380794785917,213.0406036376953,480.0,0.00032055668998509645,414.26763916015625,461.07696533203125,0.0009114071726799011,214.63497924804688,466.0259704589844,0.0006624101079069078,388.65911865234375,468.5307312011719,0.0004433927242644131,243.41976928710938,456.8978576660156,0.0004441393830347806
20,webcam-0__tcn__20260807-122153_raw_30fps,49,50,1.6333333333333333,background,1,1,1,1,0,0,0,640,480,0.9455191493034363,0,0.0,78.572265625,602.4798583984375,479.1645202636719,323.9285583496094,244.45042419433594,0.9990746974945068,362.40869140625,212.4864501953125,0.9969407916069031,289.72943115234375,207.70932006835938,0.9957467913627625,404.2586669921875,224.32131958007812,0.9106164574623108,242.51931762695312,214.46646118164062,0.9419554471969604,452.9121398925781,351.0187072753906,0.9990471005439758,156.96267700195312,362.721923828125,0.9940105080604553,570.8291015625,464.6526184082031,0.6357769966125488,29.074951171875,471.8035888671875,0.07382366061210632,552.8468017578125,476.539794921875,0.014719412662088871,112.42866516113281,444.9185791015625,0.006507453508675098,393.6194763183594,480.0,0.0006565289222635329,212.849853515625,480.0,0.00032976199872791767,415.5251159667969,461.0890808105469,0.0009349011234007776,214.9250030517578,467.57269287109375,0.0006684506661258638,389.274169921875,468.74969482421875,0.00043103715870529413,243.929931640625,457.2608642578125,0.0004274753446225077
20,webcam-0__tcn__20260807-122153_raw_30fps,50,51,1.6666666666666667,background,1,1,1,1,0,0,0,640,480,0.945334255695343,0,0.0,78.8499755859375,603.442138671875,479.15008544921875,323.8569641113281,244.34628295898438,0.999092698097229,362.4070739746094,212.50706481933594,0.9969859719276428,289.78826904296875,207.67471313476562,0.9957570433616638,404.3172607421875,224.37191772460938,0.9124248623847961,242.64358520507812,214.3532257080078,0.9417967200279236,453.17742919921875,351.0361328125,0.9990328550338745,156.9597625732422,362.6484375,0.9940166473388672,571.47705078125,464.79010009765625,0.6190259456634521,29.62347412109375,471.96051025390625,0.07237555086612701,552.749755859375,475.9614562988281,0.01602119207382202,115.79901123046875,445.550537109375,0.0068842563778162,394.09490966796875,480.0,0.0006703112157993019,213.1007537841797,480.0,0.00033909655758179724,416.0674743652344,461.0091857910156,0.0009397208923473954,215.62518310546875,467.3499755859375,0.0006661887746304274,389.86370849609375,468.81329345703125,0.0004401272744871676,244.6271209716797,457.4693603515625,0.00042674917494878173
20,webcam-0__tcn__20260807-122153_raw_30fps,51,52,1.7,background,1,1,1,1,0,0,0,640,480,0.9458104968070984,0,0.006622314453125,81.68438720703125,603.153076171875,479.12579345703125,324.4319763183594,244.62838745117188,0.9991017580032349,363.16375732421875,212.67630004882812,0.9970308542251587,290.9358825683594,207.6069793701172,0.9953239560127258,404.68035888671875,225.29075622558594,0.9161484837532043,244.6022186279297,214.54090881347656,0.9318873882293701,454.01922607421875,351.8031005859375,0.9989956021308899,158.13783264160156,362.048828125,0.9943311214447021,571.8458862304688,464.9798889160156,0.6056955456733704,29.5069580078125,471.09185791015625,0.08324507623910904,553.096923828125,476.5459289550781,0.013127997517585754,112.53744506835938,444.5018310546875,0.006787700112909079,393.70599365234375,480.0,0.0006316454382613301,212.6318359375,480.0,0.0003279367520008236,415.445068359375,461.4842224121094,0.0009407381876371801,215.173095703125,467.162841796875,0.0006759369280189276,389.07879638671875,468.6839599609375,0.0004393249982967973,243.54794311523438,457.00537109375,0.0004206543671898544
20,webcam-0__tcn__20260807-122153_raw_30fps,52,53,1.7333333333333334,background,1,1,1,1,0,0,0,640,480,0.9456970691680908,0,0.4027099609375,81.58526611328125,602.8409423828125,479.12750244140625,324.5687255859375,244.5927734375,0.9990993738174438,363.1321105957031,212.62213134765625,0.9970492720603943,290.985595703125,207.63796997070312,0.9953378438949585,404.68194580078125,225.34710693359375,0.9178367853164673,244.6429443359375,214.83331298828125,0.9341186881065369,454.12384033203125,351.94573974609375,0.9990035891532898,158.34788513183594,362.253662109375,0.994146466255188,571.4523315429688,465.14141845703125,0.6009278893470764,30.070465087890625,471.41729736328125,0.07727201282978058,552.2337036132812,475.92425537109375,0.014459148049354553,115.4715576171875,444.07257080078125,0.006991625297814608,393.98040771484375,480.0,0.0006416389951482415,212.8701934814453,480.0,0.0003283450205344707,416.3241882324219,461.7371826171875,0.0009418322006240487,216.25425720214844,467.2795715332031,0.0006760000833310187,389.86114501953125,469.1427001953125,0.0004398412420414388,244.91317749023438,457.50701904296875,0.00042282839422114193
20,webcam-0__tcn__20260807-122153_raw_30fps,53,54,1.7666666666666666,background,1,1,1,1,0,0,0,640,480,0.9453135132789612,0,0.0,81.2213134765625,601.495361328125,479.10992431640625,325.10321044921875,244.44644165039062,0.9990480542182922,363.27545166015625,212.44174194335938,0.9969045519828796,291.3109130859375,207.68727111816406,0.9953672885894775,404.41644287109375,225.11651611328125,0.9161030054092407,244.79095458984375,215.19570922851562,0.9407994151115417,453.3922119140625,351.80633544921875,0.9990148544311523,157.87283325195312,362.26904296875,0.9943943023681641,571.556640625,464.1990661621094,0.639516294002533,29.082733154296875,470.8629455566406,0.08292809128761292,555.916015625,477.0309753417969,0.014478995464742184,109.80715942382812,445.0940856933594,0.006252987775951624,394.13726806640625,480.0,0.0006713895127177238,213.36952209472656,480.0,0.0003498260921332985,416.452392578125,461.1720886230469,0.0009690620354376733,216.67501831054688,467.0411071777344,0.0007238472462631762,390.14520263671875,468.50732421875,0.0004284079186618328,244.77154541015625,456.76275634765625,0.00044060099753551185
20,webcam-0__tcn__20260807-122153_raw_30fps,54,55,1.8,background,1,1,1,1,0,0,0,640,480,0.946026086807251,0,0.51458740234375,79.58428955078125,603.3873291015625,479.1128845214844,325.9473876953125,244.6381378173828,0.9989927411079407,364.1563415527344,212.43746948242188,0.9969114661216736,291.9746398925781,207.76071166992188,0.9956222176551819,405.3455505371094,225.34783935546875,0.9171666502952576,245.27349853515625,215.59683227539062,0.9462564587593079,453.527587890625,351.3184814453125,0.9990082383155823,161.1217498779297,360.8809509277344,0.9947116374969482,571.5308227539062,465.2633972167969,0.6333595514297485,29.301727294921875,469.3715515136719,0.09329798072576523,555.9173583984375,475.0227966308594,0.01656767725944519,111.16682434082031,445.46734619140625,0.006976197939366102,394.836181640625,480.0,0.000645958527456969,215.142822265625,480.0,0.00034641887759789824,416.6302185058594,462.18939208984375,0.0009421330178156495,215.69100952148438,467.732666015625,0.0006924364133737981,389.9609375,469.7206115722656,0.0004424881481099874,244.09512329101562,457.54510498046875,0.00043289136374369264
20,webcam-0__tcn__20260807-122153_raw_30fps,55,56,1.8333333333333333,background,1,1,1,1,0,0,0,640,480,0.945875346660614,0,0.1270751953125,79.5445556640625,604.7534790039062,479.1144104003906,325.56951904296875,244.495849609375,0.9990112781524658,364.0648193359375,212.51300048828125,0.9970090985298157,291.9579772949219,207.68914794921875,0.9955776929855347,405.7154846191406,225.46798706054688,0.9240709543228149,245.68519592285156,215.2448272705078,0.9434537887573242,454.1293029785156,351.97943115234375,0.9989620447158813,160.81582641601562,361.46624755859375,0.9947708249092102,571.20068359375,465.4299621582031,0.5978950262069702,28.49041748046875,469.51531982421875,0.08764761686325073,553.7407836914062,475.8487854003906,0.01390524860471487,111.65737915039062,445.3428955078125,0.006875297054648399,395.1613464355469,480.0,0.0006697751814499497,215.13809204101562,480.0,0.0003632200532592833,414.7882385253906,461.3750305175781,0.0009571662521921098,214.36138916015625,467.3928527832031,0.0006994265131652355,388.3523254394531,469.5592346191406,0.00045459074317477643,243.38650512695312,457.37017822265625,0.00043832228402607143
20,webcam-0__tcn__20260807-122153_raw_30fps,56,57,1.8666666666666667,background,1,1,1,1,0,0,0,640,480,0.9457103610038757,0,0.0,79.15386962890625,602.5238037109375,479.09808349609375,325.2794189453125,244.52423095703125,0.9989967942237854,363.9160461425781,212.53106689453125,0.9969258904457092,291.54620361328125,207.652099609375,0.9957874417304993,405.6778564453125,225.92787170410156,0.9197149872779846,245.0296173095703,215.59869384765625,0.9459850788116455,454.1993713378906,351.7055358886719,0.9989864230155945,161.15960693359375,360.7205810546875,0.9952192902565002,573.5592041015625,465.1955871582031,0.621017336845398,27.184478759765625,469.35772705078125,0.1057402640581131,548.86376953125,477.7886657714844,0.013124470598995686,109.49066162109375,446.08306884765625,0.006927823647856712,396.9375,480.0,0.0006530918763019145,217.17288208007812,480.0,0.00036192729021422565,415.6178283691406,461.4278564453125,0.0009816515957936645,213.5228729248047,467.0845947265625,0.0007181836990639567,389.4148864746094,470.50457763671875,0.0004557464271783829,243.345947265625,457.9087219238281,0.0004379844176582992
20,webcam-0__tcn__20260807-122153_raw_30fps,57,58,1.9,background,1,1,1,1,0,0,0,640,480,0.9454835653305054,0,0.0,79.48507690429688,603.7737426757812,479.1248779296875,324.8445739746094,244.8634490966797,0.9990052580833435,363.441650390625,212.52967834472656,0.9968606233596802,291.11895751953125,207.77801513671875,0.9955464601516724,404.9269714355469,224.79319763183594,0.9194796681404114,244.62252807617188,214.78939819335938,0.9448520541191101,453.04302978515625,351.3126525878906,0.9990102052688599,158.75393676757812,362.57293701171875,0.9946946501731873,571.9708862304688,465.154541015625,0.6230184435844421,27.097015380859375,470.6109619140625,0.08661158382892609,545.48779296875,476.9524230957031,0.012259947136044502,111.06156921386719,445.98577880859375,0.0063630398362874985,396.02386474609375,480.0,0.0006511308019980788,215.74002075195312,480.0,0.00033431523479521275,416.8542175292969,460.47174072265625,0.0009692582534626126,215.45928955078125,467.05450439453125,0.0006615224992856383,389.50494384765625,469.7982177734375,0.00045162695460021496,244.68792724609375,457.66363525390625,0.0004204547149129212
20,webcam-0__tcn__20260807-122153_raw_30fps,58,59,1.9333333333333333,background,1,1,1,1,0,0,0,640,480,0.9452621340751648,0,0.0,80.17169189453125,604.224853515625,479.12200927734375,324.3882751464844,244.7425079345703,0.9990667700767517,363.1427917480469,212.6803741455078,0.9971242547035217,290.9257507324219,207.6600341796875,0.995349109172821,404.3472900390625,224.2681884765625,0.9180458188056946,244.2820281982422,213.61370849609375,0.9359106421470642,453.0254821777344,351.0263671875,0.9990725517272949,159.59820556640625,361.8856201171875,0.9946377873420715,570.7423706054688,464.60223388671875,0.6494354009628296,28.23089599609375,469.8795166015625,0.09200532734394073,552.7708740234375,477.134521484375,0.015588132664561272,113.23687744140625,446.4765930175781,0.007221999578177929,396.9541320800781,480.0,0.0006466129561886191,216.8929443359375,480.0,0.0003373409272171557,417.81121826171875,460.9231262207031,0.0009462021989747882,216.2306365966797,466.6266174316406,0.000682592042721808,390.898193359375,469.29949951171875,0.000445451500127092,245.32826232910156,457.4864501953125,0.0004331484960857779
20,webcam-0__tcn__20260807-122153_raw_30fps,59,60,1.9666666666666666,background,1,1,1,1,0,0,0,640,480,0.9455658197402954,0,0.430419921875,79.92742919921875,605.66845703125,479.11865234375,323.9878845214844,244.8372802734375,0.9989669322967529,362.310546875,212.71768188476562,0.9968371391296387,290.29705810546875,207.8863067626953,0.9954550266265869,404.32696533203125,225.32666015625,0.9269940257072449,244.05137634277344,215.23257446289062,0.946665346622467,453.9080810546875,351.8676452636719,0.9990179538726807,158.26638793945312,363.07843017578125,0.9946182370185852,571.24755859375,464.6770935058594,0.6090571284294128,29.159576416015625,471.1805419921875,0.07793748378753662,553.4075927734375,476.8756103515625,0.01468594465404749,115.0084228515625,444.9718933105469,0.006677212659269571,397.24920654296875,480.0,0.0006463403697125614,216.2805938720703,480.0,0.00033830097527243197,419.7084045410156,460.7619323730469,0.0009562146733514965,218.39300537109375,466.4024963378906,0.0006802372517995536,392.1591491699219,469.46728515625,0.00043726476724259555,247.74415588378906,457.64739990234375,0.00042321791988797486
20,webcam-0__tcn__20260807-122153_raw_30fps,60,61,2.0,background,1,1,1,1,0,0,0,640,480,0.9446893334388733,0,1.343048095703125,79.61224365234375,607.6049194335938,479.1282958984375,323.8439025878906,244.91253662109375,0.998982846736908,361.62847900390625,212.57107543945312,0.9967415928840637,290.1114807128906,207.54644775390625,0.9954193830490112,403.0534362792969,224.8507080078125,0.9157212972640991,243.5770263671875,214.64883422851562,0.9477689266204834,453.57867431640625,350.9927673339844,0.9989997744560242,156.23875427246094,364.3752136230469,0.993913471698761,572.458251953125,464.517822265625,0.5682794451713562,31.550018310546875,472.49639892578125,0.0616878941655159,551.068359375,477.8418884277344,0.012221596203744411,119.63784790039062,445.4903259277344,0.00594561081379652,397.09326171875,480.0,0.0006974439602345228,215.61085510253906,480.0,0.00035435325116850436,419.22833251953125,460.3117980957031,0.0009681492811068892,220.13449096679688,466.7724609375,0.0006720892270095646,391.89599609375,469.179443359375,0.00044475519098341465,249.35659790039062,457.9842529296875,0.0004284899914637208
20,webcam-0__tcn__20260807-122153_raw_30fps,61,62,2.033333333333333,background,1,1,1,1,0,0,0,640,480,0.9459922313690186,0,1.055145263671875,77.36492919921875,603.2862548828125,479.20855712890625,323.236572265625,244.86293029785156,0.9990314245223999,361.06488037109375,212.3411865234375,0.9969056248664856,289.3076477050781,207.6009521484375,0.9956682920455933,403.13214111328125,224.3050537109375,0.9147539138793945,242.95584106445312,214.66943359375,0.943703293800354,452.5177001953125,350.2779235839844,0.9990398287773132,157.0279083251953,363.4489440917969,0.9935943484306335,571.2879028320312,461.99310302734375,0.6107800006866455,32.39886474609375,471.5147399902344,0.060513850301504135,553.82421875,478.5535888671875,0.011635450646281242,117.65106201171875,443.94940185546875,0.005742242559790611,395.1956787109375,480.0,0.0006631690775975585,215.0549774169922,480.0,0.00032940259552560747,416.04217529296875,459.65350341796875,0.0009076602873392403,218.25042724609375,466.227294921875,0.0006459296564571559,389.22698974609375,468.5304870605469,0.00041772215627133846,246.7194366455078,457.0503234863281,0.00042085855966433883
20,webcam-0__tcn__20260807-122153_raw_30fps,62,63,2.066666666666667,background,1,1,1,1,0,0,0,640,480,0.9463132619857788,0,0.738677978515625,77.79486083984375,602.8302612304688,479.2101135253906,322.9833984375,244.94235229492188,0.9990255832672119,360.8854675292969,212.18746948242188,0.9970393776893616,289.1272277832031,207.47970581054688,0.9954935312271118,402.8340148925781,223.49781799316406,0.9151830673217773,242.93130493164062,213.88363647460938,0.9372172355651855,451.8175354003906,349.9884033203125,0.9990718364715576,158.6916046142578,362.72491455078125,0.9941480159759521,570.6790771484375,461.6947937011719,0.6301483511924744,30.74609375,470.9626770019531,0.07350551337003708,552.0379638671875,478.68524169921875,0.0114949531853199,116.39234924316406,445.03277587890625,0.005873980466276407,395.398681640625,480.0,0.0006762771517969668,216.44570922851562,480.0,0.0003414440725464374,415.87109375,459.7484130859375,0.0009248062269762158,217.99594116210938,466.648681640625,0.0006541808252222836,388.869873046875,468.80181884765625,0.00042882832349278033,246.4169158935547,457.09210205078125,0.00041934894397854805
20,webcam-0__tcn__20260807-122153_raw_30fps,63,64,2.1,background,1,1,1,1,0,0,0,640,480,0.9451830983161926,0,1.1966552734375,78.8541259765625,602.8368530273438,479.21282958984375,322.50469970703125,244.46160888671875,0.9989726543426514,360.44512939453125,211.57809448242188,0.9970030188560486,288.5347900390625,206.5420684814453,0.9955523610115051,402.3782958984375,224.54360961914062,0.9208483695983887,242.225830078125,214.34054565429688,0.9434928297996521,452.5296630859375,350.04541015625,0.9990683197975159,158.48985290527344,362.2038879394531,0.9936429262161255,572.685546875,463.4515686035156,0.6233288645744324,31.042236328125,470.81298828125,0.07406029105186462,542.401611328125,479.4000244140625,0.010806310921907425,118.49362182617188,447.0191955566406,0.006034863647073507,396.1681213378906,480.0,0.0007880639168433845,216.308349609375,480.0,0.0003914971021004021,418.7294921875,461.001953125,0.0009842447470873594,218.61956787109375,467.442138671875,0.0006976361037231982,391.2325439453125,470.5216369628906,0.00044392331619746983,246.72079467773438,459.0528564453125,0.00044422660721465945
20,webcam-0__tcn__20260807-122153_raw_30fps,64,65,2.1333333333333333,background,1,1,1,1,0,0,0,640,480,0.9450846314430237,0,0.761810302734375,80.20211791992188,602.5819702148438,479.2017517089844,322.62249755859375,244.33602905273438,0.9990676045417786,361.4441833496094,210.77085876464844,0.9971627593040466,288.74261474609375,205.46978759765625,0.9953716397285461,403.1322021484375,224.94332885742188,0.9283686280250549,242.3404998779297,214.01095581054688,0.9432030916213989,453.4494934082031,350.8049621582031,0.9990072846412659,155.4241180419922,364.7997131347656,0.99277663230896,573.2862548828125,463.979736328125,0.5851767063140869,31.076324462890625,473.1887512207031,0.05478135868906975,540.83740234375,479.6748962402344,0.010638780891895294,123.01290893554688,446.5828857421875,0.0058699413202703,396.4501037597656,480.0,0.0008152323425747454,214.10702514648438,480.0,0.0003881656448356807,417.2286071777344,460.1593017578125,0.0010095387697219849,218.099853515625,467.13604736328125,0.0007030984852463007,389.48870849609375,469.0390625,0.0004297021951060742,246.8490753173828,458.4751281738281,0.00043930092942900956
20,webcam-0__tcn__20260807-122153_raw_30fps,65,66,2.1666666666666665,background,1,1,1,1,0,0,0,640,480,0.9449474215507507,0,0.99493408203125,79.06427001953125,602.5601806640625,479.2210693359375,322.7444152832031,244.3716583251953,0.999036431312561,361.8777770996094,210.54721069335938,0.9971776008605957,289.0651550292969,205.07199096679688,0.9956032037734985,402.99169921875,225.21112060546875,0.9267264008522034,242.58604431152344,213.70962524414062,0.9496340751647949,453.4908447265625,350.8059387207031,0.9990299940109253,156.72763061523438,363.2518005371094,0.9931273460388184,573.1427001953125,462.5041198730469,0.6176396012306213,30.671356201171875,471.665771484375,0.06494837999343872,545.0384521484375,478.5880432128906,0.010993311181664467,115.52091979980469,446.4615783691406,0.005779571831226349,397.369384765625,480.0,0.0009424907038919628,215.62669372558594,480.0,0.00046242811367847025,418.5343322753906,461.25006103515625,0.0010997788049280643,218.27175903320312,467.4510498046875,0.0008230499806813896,391.233154296875,470.121826171875,0.0004361545143183321,246.61012268066406,459.24383544921875,0.0004891441785730422
20,webcam-0__tcn__20260807-122153_raw_30fps,66,67,2.2,background,1,1,1,1,0,0,0,640,480,0.9459989666938782,0,1.12066650390625,79.6845703125,601.8201904296875,479.2301025390625,322.75213623046875,244.1219482421875,0.9990015625953674,361.7373352050781,210.05101013183594,0.9971887469291687,289.05474853515625,204.6153564453125,0.9956170320510864,402.29669189453125,225.39263916015625,0.9257988929748535,242.54367065429688,214.019287109375,0.9517847299575806,453.22802734375,350.3576354980469,0.9990537762641907,157.9463348388672,362.3896484375,0.9933884143829346,573.7706909179688,462.67816162109375,0.632503867149353,29.55426025390625,470.59552001953125,0.07545018196105957,546.3740234375,479.2484130859375,0.010149972513318062,111.25767517089844,446.4061279296875,0.00574524374678731,397.974365234375,480.0,0.0008603938622400165,216.83676147460938,480.0,0.0004324158071540296,417.91595458984375,461.6412048339844,0.0010932529112324119,217.8837890625,467.8048095703125,0.0008290596888400614,390.82470703125,470.43243408203125,0.00043468165677040815,246.01095581054688,459.3281555175781,0.00048801294178701937
20,webcam-0__tcn__20260807-122153_raw_30fps,67,68,2.2333333333333334,background,1,1,1,1,0,0,0,640,480,0.946293294429779,0,1.336761474609375,80.45138549804688,602.0009765625,479.1997985839844,322.839111328125,244.06634521484375,0.9990383386611938,361.7616882324219,210.13397216796875,0.9972483515739441,289.2143859863281,204.40919494628906,0.9957491159439087,402.3797607421875,225.19033813476562,0.9198655486106873,242.5843963623047,213.2630615234375,0.9504026174545288,453.26885986328125,350.300537109375,0.9990563988685608,158.22987365722656,362.7472839355469,0.9932727813720703,573.4813842773438,462.49407958984375,0.6360138654708862,29.46826171875,471.1174011230469,0.07330921292304993,545.30908203125,479.5987854003906,0.009556572884321213,109.27464294433594,445.99652099609375,0.005595122464001179,398.85595703125,480.0,0.0008096055244095623,217.72775268554688,480.0,0.0003973720013163984,419.267333984375,461.1093444824219,0.001071567414328456,218.9236297607422,467.437255859375,0.0007863194332458079,391.9025573730469,470.3309326171875,0.0004312428645789623,246.60736083984375,458.94183349609375,0.0004719349672086537
20,webcam-0__tcn__20260807-122153_raw_30fps,68,69,2.2666666666666666,background,1,1,1,1,0,0,0,640,480,0.9461931586265564,0,1.98773193359375,78.33251953125,603.163330078125,479.22021484375,322.7951965332031,244.08363342285156,0.9990071654319763,361.18487548828125,209.81813049316406,0.9972767233848572,288.8974609375,204.3603515625,0.9954559803009033,402.0649108886719,224.3238525390625,0.9275746941566467,242.38839721679688,213.17855834960938,0.9494022727012634,452.92828369140625,350.40582275390625,0.9990467429161072,154.56939697265625,364.0304260253906,0.9934497475624084,573.0031127929688,461.662109375,0.6398270726203918,28.1500244140625,471.70086669921875,0.07126785814762115,545.9140625,480.0,0.008656399324536324,107.73471069335938,447.0467529296875,0.005380559246987104,397.6690368652344,480.0,0.0008295816951431334,215.05465698242188,480.0,0.0004097039927728474,419.1497497558594,460.10504150390625,0.0010908304248005152,217.90628051757812,467.39093017578125,0.0008138441480696201,392.23944091796875,469.3914794921875,0.00040720769902691245,246.83831787109375,458.4150085449219,0.0004664486041292548
20,webcam-0__tcn__20260807-122153_raw_30fps,69,70,2.3,background,1,1,1,1,0,0,0,640,480,0.9456316828727722,0,1.666259765625,78.9073486328125,603.1448974609375,479.2086181640625,322.84808349609375,243.97853088378906,0.999002993106842,361.1932067871094,209.99130249023438,0.9972267746925354,289.0190124511719,204.29763793945312,0.9954659938812256,401.9969482421875,224.12057495117188,0.9254801869392395,242.27438354492188,212.51748657226562,0.9503243565559387,453.41094970703125,350.76470947265625,0.9990044236183167,154.53057861328125,364.39739990234375,0.993423581123352,574.12109375,463.4912109375,0.5877066254615784,28.21136474609375,473.0222473144531,0.06688421219587326,549.0492553710938,478.566650390625,0.0090014124289155,111.26261901855469,446.71044921875,0.005730257369577885,397.2553405761719,480.0,0.0007609218591824174,214.15966796875,480.0,0.00038573049823753536,418.9401550292969,460.6453857421875,0.0010323130991309881,217.39776611328125,467.58392333984375,0.0007635178044438362,392.047119140625,469.8203125,0.0004159814561717212,246.55079650878906,458.86907958984375,0.0004570988821797073
20,webcam-0__tcn__20260807-122153_raw_30fps,70,71,2.3333333333333335,background,1,1,1,1,0,0,0,640,480,0.9458156228065491,0,1.871978759765625,79.46115112304688,602.3209228515625,479.21173095703125,322.67095947265625,244.4868927001953,0.9990027546882629,361.1407470703125,210.03268432617188,0.9971520900726318,288.5918273925781,204.37680053710938,0.995677649974823,401.93658447265625,224.10531616210938,0.9203327894210815,241.45550537109375,212.6320037841797,0.9543562531471252,452.4298095703125,350.5386047363281,0.9990103244781494,155.1294708251953,364.7804260253906,0.9930881857872009,573.41455078125,462.4722900390625,0.6046574115753174,28.434661865234375,472.990478515625,0.06600864231586456,544.621337890625,478.4698486328125,0.009364883415400982,114.29273986816406,446.52362060546875,0.005740780849009752,396.03057861328125,480.0,0.0007834809948690236,213.77603149414062,480.0,0.00038417233736254275,418.0347595214844,459.6165466308594,0.0010655401274561882,217.54824829101562,466.8603515625,0.000770331360399723,391.0958251953125,469.0147399902344,0.00043020755401812494,246.37574768066406,457.85345458984375,0.00046933244448155165
20,webcam-0__tcn__20260807-122153_raw_30fps,71,72,2.3666666666666667,background,1,1,1,1,0,0,0,640,480,0.9456630349159241,0,1.438873291015625,79.44879150390625,600.9796752929688,479.2074890136719,322.8175048828125,245.31858825683594,0.998910665512085,362.49017333984375,211.73291015625,0.9968679547309875,288.8563537597656,206.15635681152344,0.9953183531761169,403.762939453125,224.59506225585938,0.9292657971382141,241.64642333984375,212.87701416015625,0.9540343880653381,452.78106689453125,351.13214111328125,0.9990187883377075,153.48263549804688,366.11468505859375,0.9933874607086182,572.6725463867188,462.3027648925781,0.6259108185768127,29.123504638671875,473.9743347167969,0.0628998726606369,547.895751953125,478.220703125,0.009504063986241817,113.94593811035156,446.044189453125,0.005507821682840586,394.9887390136719,480.0,0.0007523000822402537,212.43972778320312,480.0,0.0003644449752755463,415.4291687011719,458.9340515136719,0.000950980931520462,216.82015991210938,466.6717224121094,0.0006961875478737056,389.0647888183594,468.15521240234375,0.00042661739280447364,246.10203552246094,457.31304931640625,0.00047387328231707215
20,webcam-0__tcn__20260807-122153_raw_30fps,72,73,2.4,background,1,1,1,1,0,0,0,640,480,0.9454151391983032,0,1.6746826171875,79.40847778320312,600.6156616210938,479.20477294921875,322.958984375,245.48760986328125,0.9989468455314636,362.4544372558594,212.11907958984375,0.9970906972885132,289.1393737792969,206.3182373046875,0.9953757524490356,403.8421325683594,224.88818359375,0.9288754463195801,241.94839477539062,212.72174072265625,0.9494105577468872,452.6756286621094,351.0777587890625,0.9990430474281311,155.7925262451172,364.66876220703125,0.9936894178390503,573.8179931640625,462.73443603515625,0.6124836802482605,29.335693359375,473.2324523925781,0.06881997734308243,542.8319091796875,477.7207946777344,0.009926511906087399,114.59141540527344,446.4278564453125,0.005808856803923845,395.2711181640625,480.0,0.0007747177733108401,213.9817352294922,480.0,0.0003819999401457608,415.51806640625,459.54931640625,0.0009739733068272471,217.117919921875,466.846435546875,0.0007080248324200511,388.9376525878906,469.44146728515625,0.0004394280258566141,245.95339965820312,458.3052062988281,0.00047046953113749623
20,webcam-0__tcn__20260807-122153_raw_30fps,73,74,2.433333333333333,background,1,1,1,1,0,0,0,640,480,0.9449569582939148,0,0.4432373046875,79.03335571289062,602.415283203125,479.19305419921875,323.56109619140625,244.8911895751953,0.9990870952606201,363.0643615722656,211.46664428710938,0.9974240064620972,288.6421203613281,205.56048583984375,0.9960378408432007,404.8346862792969,225.46231079101562,0.9267573356628418,239.80931091308594,213.45553588867188,0.9550669193267822,453.5913391113281,351.3309326171875,0.9989883303642273,153.21484375,365.786865234375,0.9924903512001038,572.7948608398438,464.29547119140625,0.5654153227806091,30.841522216796875,473.1148681640625,0.05064951628446579,549.4418334960938,477.4652099609375,0.010479657910764217,118.196044921875,444.8648681640625,0.0059490324929356575,395.52545166015625,480.0,0.0007264584419317544,212.77960205078125,480.0,0.00035884795943275094,414.3965148925781,460.3367614746094,0.0009609872358851135,216.73345947265625,467.3506164550781,0.0007162856054492295,388.8001708984375,468.24591064453125,0.0004189166647847742,246.52581787109375,457.7069396972656,0.0004683039733208716
20,webcam-0__tcn__20260807-122153_raw_30fps,74,75,2.466666666666667,background,1,1,1,1,0,0,0,640,480,0.945164144039154,0,0.273345947265625,78.94659423828125,602.3190307617188,479.2099914550781,323.7358093261719,244.8663787841797,0.9989771842956543,363.7079772949219,211.00978088378906,0.9972143769264221,288.8484802246094,205.21575927734375,0.9961144924163818,405.4458312988281,225.7359161376953,0.9323053956031799,240.21182250976562,213.7518310546875,0.9616495966911316,454.2986755371094,351.31134033203125,0.9989402890205383,154.7770233154297,364.1663818359375,0.9931477904319763,573.9971313476562,464.91693115234375,0.558745801448822,29.8319091796875,471.3695983886719,0.06069041043519974,547.50341796875,477.4689636230469,0.010686633177101612,114.89617919921875,445.2330322265625,0.006050681695342064,395.9355163574219,480.0,0.0007085202960297465,213.67138671875,480.0,0.0003651619190350175,414.23956298828125,460.8665771484375,0.0009602714562788606,216.20101928710938,467.22607421875,0.0007185475551523268,388.3760681152344,468.87481689453125,0.0004350004019215703,245.7517852783203,457.9735107421875,0.0004755502741318196
20,webcam-0__tcn__20260807-122153_raw_30fps,75,76,2.5,background,1,1,1,1,0,0,0,640,480,0.9443171620368958,0,0.07684326171875,79.96713256835938,602.2923583984375,479.2023010253906,323.8670654296875,244.93240356445312,0.9990136623382568,364.3928527832031,210.97628784179688,0.997201681137085,289.47296142578125,204.95443725585938,0.9960653185844421,405.2651062011719,226.17295837402344,0.9244321584701538,240.85960388183594,213.36669921875,0.9598808288574219,453.98699951171875,351.6355895996094,0.998916506767273,157.7043914794922,362.4987487792969,0.9929719567298889,573.993896484375,464.53814697265625,0.525105357170105,30.88958740234375,470.0107116699219,0.06530831754207611,545.3568725585938,477.6076965332031,0.009767573326826096,116.70950317382812,444.39373779296875,0.006705272477120161,395.3836669921875,480.0,0.0006932620890438557,214.09255981445312,480.0,0.0003659395733848214,411.3729553222656,460.98419189453125,0.0009555119904689491,215.07862854003906,466.50982666015625,0.0007500144420191646,386.24957275390625,469.35699462890625,0.00046167339314706624,243.94776916503906,458.13201904296875,0.0005076815723441541
20,webcam-0__tcn__20260807-122153_raw_30fps,76,77,2.533333333333333,background,1,1,1,1,0,0,0,640,480,0.945459246635437,0,0.28302001953125,78.32830810546875,602.6036376953125,479.1801452636719,325.10784912109375,244.72415161132812,0.9990642666816711,365.4739074707031,210.72796630859375,0.9970790147781372,290.64813232421875,205.03433227539062,0.996134877204895,405.67047119140625,226.16744995117188,0.9133410453796387,241.90548706054688,214.11318969726562,0.9633587598800659,453.5126647949219,350.9390869140625,0.9989830851554871,155.36865234375,364.8638916015625,0.9927116632461548,572.2989501953125,463.1943359375,0.5973321795463562,29.68560791015625,472.7801818847656,0.06054225564002991,545.6468505859375,478.0003662109375,0.01022957731038332,118.81684875488281,446.178955078125,0.006455900147557259,396.5945129394531,480.0,0.0007125468691810966,214.01870727539062,480.0,0.00034649731242097914,415.9268493652344,461.49713134765625,0.0009339146199636161,219.1446075439453,468.09228515625,0.0007203751592896879,388.96136474609375,468.9395446777344,0.0004343916953075677,248.0664825439453,458.72479248046875,0.0004960269434377551
20,webcam-0__tcn__20260807-122153_raw_30fps,77,78,2.566666666666667,background,1,1,1,1,0,0,0,640,480,0.9450019001960754,0,0.455841064453125,79.70306396484375,601.3895874023438,479.179443359375,325.0729064941406,244.65362548828125,0.9991400241851807,365.5732421875,210.79281616210938,0.9970901012420654,290.85675048828125,205.09823608398438,0.9960522651672363,405.1118469238281,226.30838012695312,0.9082114696502686,242.23361206054688,214.15591430664062,0.9613721966743469,453.0936279296875,351.1241149902344,0.9990129470825195,154.4601287841797,365.6702880859375,0.9922657608985901,571.21533203125,462.7087707519531,0.6178266406059265,30.812652587890625,473.3777770996094,0.053326960653066635,550.44140625,477.27581787109375,0.012190508656203747,117.7257080078125,445.41302490234375,0.00617971271276474,396.04156494140625,480.0,0.0007168438751250505,212.85595703125,480.0,0.0003347438760101795,414.8024597167969,460.8250732421875,0.0009509342489764094,218.71759033203125,467.5685729980469,0.0007242329884320498,387.8979187011719,467.76910400390625,0.00042374394251964986,248.12677001953125,458.17694091796875,0.0004879061598330736
20,webcam-0__tcn__20260807-122153_raw_30fps,78,79,2.6,background,1,1,1,1,0,0,0,640,480,0.9446856379508972,0,0.66845703125,79.55157470703125,600.9739990234375,479.1379089355469,325.0520324707031,244.4324188232422,0.9991021156311035,365.75799560546875,210.8494415283203,0.9971374273300171,290.8639831542969,205.0606689453125,0.9960528612136841,405.62982177734375,226.14825439453125,0.9162251949310303,242.1658477783203,213.72279357910156,0.961605429649353,453.53802490234375,351.21405029296875,0.9990274906158447,156.01882934570312,364.6295471191406,0.9926651120185852,572.0468139648438,463.66326904296875,0.6251715421676636,31.44549560546875,472.1652526855469,0.059775304049253464,550.394287109375,476.8802185058594,0.013077651150524616,115.75688171386719,445.61572265625,0.006376932375133038,396.3612365722656,480.0,0.0007727661286480725,213.83807373046875,480.0,0.0003723424451891333,416.61328125,461.05450439453125,0.0009831031784415245,219.33116149902344,467.4029846191406,0.0007732533849775791,390.05224609375,468.7728271484375,0.0004387081426102668,248.1929931640625,458.71575927734375,0.0005180315929464996
20,webcam-0__tcn__20260807-122153_raw_30fps,79,80,2.6333333333333333,background,1,1,1,1,0,0,0,640,480,0.9446437954902649,0,0.05462646484375,78.290283203125,601.3302001953125,479.1588134765625,325.2681579589844,244.42361450195312,0.9990808963775635,366.0003662109375,210.9293212890625,0.9970487952232361,291.1690673828125,205.01950073242188,0.9962611794471741,405.724609375,226.23216247558594,0.9128024578094482,242.50772094726562,213.47840881347656,0.9654993414878845,454.46685791015625,351.4176025390625,0.9989809393882751,156.39637756347656,363.7488708496094,0.9928378462791443,570.97607421875,463.04461669921875,0.6134234666824341,29.200714111328125,470.8780822753906,0.06578075885772705,551.2365112304688,476.8385925292969,0.01190934143960476,113.98112487792969,445.804443359375,0.006516822148114443,396.0854187011719,480.0,0.0007158932276070118,213.11843872070312,480.0,0.00035200678394176066,417.4803466796875,461.41693115234375,0.000947251683101058,218.71986389160156,467.29437255859375,0.000762852025218308,390.9023742675781,468.9224853515625,0.0004502648953348398,247.52294921875,458.89056396484375,0.0005311205168254673
20,webcam-0__tcn__20260807-122153_raw_30fps,80,81,2.6666666666666665,background,1,1,1,1,0,0,0,640,480,0.9445822238922119,0,0.0,78.8590087890625,601.4476928710938,479.13812255859375,325.21337890625,244.3852081298828,0.9991242289543152,365.9232177734375,210.98611450195312,0.9971279501914978,291.1994934082031,204.9786376953125,0.9960229396820068,405.8439636230469,226.63885498046875,0.9112342000007629,242.82293701171875,213.69805908203125,0.9590723514556885,454.2247314453125,351.5873107910156,0.9989792704582214,155.6775665283203,364.4344787597656,0.992763102054596,571.4090576171875,463.8895568847656,0.6233288049697876,28.759368896484375,470.69989013671875,0.06319593638181686,554.0220947265625,477.5985412597656,0.012227388098835945,112.23233032226562,445.4842529296875,0.006218540016561747,395.9401550292969,480.0,0.0006834694650024176,212.72755432128906,480.0,0.0003329713363200426,416.9270324707031,461.3021240234375,0.0009760234388522804,218.35292053222656,467.59033203125,0.0007691690698266029,390.2834777832031,468.24224853515625,0.0004375051648821682,247.40798950195312,458.39080810546875,0.0005071795312687755
20,webcam-0__tcn__20260807-122153_raw_30fps,81,82,2.7,background,1,1,1,1,0,0,0,640,480,0.9460505247116089,0,0.063568115234375,80.20230102539062,600.8907470703125,479.13885498046875,324.2289123535156,245.3158416748047,0.9988239407539368,363.3881530761719,212.61703491210938,0.9964736104011536,289.7663269042969,207.08154296875,0.9955364465713501,404.5835876464844,226.47805786132812,0.9096611142158508,242.0074462890625,215.06744384765625,0.9570704698562622,454.17987060546875,350.9679260253906,0.9990148544311523,156.45343017578125,364.2553405761719,0.9936703443527222,571.4610595703125,464.116943359375,0.6375207901000977,28.153717041015625,470.5731201171875,0.07075383514165878,554.2271728515625,476.39776611328125,0.012877287343144417,109.15647888183594,446.4613037109375,0.005957100074738264,396.24761962890625,480.0,0.0006498864968307316,214.34751892089844,480.0,0.00032546406146138906,418.9058532714844,461.70477294921875,0.0009094575652852654,219.35061645507812,468.0045166015625,0.0006798836984671652,390.98101806640625,468.3493347167969,0.00043537543388083577,247.48141479492188,457.8795166015625,0.00046563634532503784
20,webcam-0__tcn__20260807-122153_raw_30fps,82,83,2.7333333333333334,background,1,1,1,1,0,0,0,640,480,0.9460824131965637,0,0.018524169921875,79.2340087890625,601.71044921875,479.14306640625,324.0614318847656,245.70289611816406,0.9987919926643372,363.3935852050781,212.86514282226562,0.9960018992424011,289.321533203125,208.10330200195312,0.9951139092445374,404.99822998046875,226.07424926757812,0.9017583727836609,241.71774291992188,216.20877075195312,0.9512197375297546,453.69683837890625,350.9647216796875,0.9990113973617554,156.21343994140625,364.5971984863281,0.9933202266693115,571.816162109375,464.2579040527344,0.6257315874099731,28.548583984375,471.43951416015625,0.06205525994300842,552.9085693359375,476.7427978515625,0.012716760858893394,111.26319885253906,445.62884521484375,0.0058642541989684105,395.0240478515625,480.0,0.0006557054002769291,212.9805908203125,480.0,0.00031472707632929087,417.49566650390625,460.595703125,0.0009237718768417835,218.22024536132812,466.9910583496094,0.0006633814773522317,390.3792724609375,467.6051940917969,0.000439491675933823,246.414794921875,456.7178039550781,0.00045296415919438004
20,webcam-0__tcn__20260807-122153_raw_30fps,83,84,2.7666666666666666,background,1,1,1,1,0,0,0,640,480,0.944911003112793,0,0.0,79.64828491210938,601.3959350585938,479.1587219238281,323.98480224609375,245.8441925048828,0.9987449645996094,363.6213073730469,212.91464233398438,0.9958739876747131,289.1980895996094,207.9582977294922,0.9948574304580688,405.162109375,226.3192596435547,0.9039871096611023,241.39981079101562,215.97515869140625,0.9501522183418274,454.8214111328125,351.8100891113281,0.9989821314811707,156.8188934326172,363.9013366699219,0.9936261177062988,572.1870727539062,465.7778015136719,0.6160038709640503,28.172332763671875,470.6536865234375,0.0723394826054573,553.9335327148438,475.8551025390625,0.015753021463751793,110.57963562011719,446.4251708984375,0.0063094208016991615,394.7950439453125,480.0,0.0006157573079690337,212.437744140625,480.0,0.00030344980768859386,417.6218566894531,461.60498046875,0.0009243925451301038,217.05735778808594,467.2528076171875,0.0006476567941717803,390.62213134765625,468.0982360839844,0.00046001901500858366,245.2031707763672,457.48504638671875,0.00044227243051864207
20,webcam-0__tcn__20260807-122153_raw_30fps,84,85,2.8,background,1,1,1,1,0,0,0,640,480,0.9444348216056824,0,0.03466796875,78.34796142578125,601.0387573242188,479.1357421875,324.1839294433594,245.74261474609375,0.9988536834716797,362.96746826171875,213.29067993164062,0.996278703212738,289.6328430175781,208.3917694091797,0.9957631826400757,404.8302307128906,226.06338500976562,0.9093158841133118,242.00994873046875,216.0316619873047,0.9573192000389099,454.601806640625,351.83599853515625,0.9989485144615173,156.83030700683594,364.4212341308594,0.993614912033081,572.0892333984375,466.2544250488281,0.5937738418579102,29.92694091796875,471.72625732421875,0.06885287910699844,549.6193237304688,476.9221496582031,0.014923037961125374,117.3551025390625,446.4695739746094,0.0066793630830943584,394.6196594238281,480.0,0.0006664519896730781,212.58786010742188,480.0,0.00033732078736647964,418.2403564453125,461.0191345214844,0.0009134658612310886,217.6817626953125,467.30224609375,0.000648557092063129,391.0934753417969,468.6629638671875,0.0004596309154294431,246.2437744140625,457.9667053222656,0.0004464247322175652
20,webcam-0__tcn__20260807-122153_raw_30fps,85,86,2.8333333333333335,background,1,1,1,1,0,0,0,640,480,0.9457372426986694,0,0.0,78.66400146484375,600.33837890625,479.17266845703125,324.6258239746094,244.72598266601562,0.999007523059845,362.6873474121094,212.53761291503906,0.996947705745697,290.5338134765625,207.71417236328125,0.9961056113243103,404.4671630859375,225.40896606445312,0.9244785904884338,243.83267211914062,215.57492065429688,0.9545581340789795,453.8173522949219,350.8840026855469,0.9989649057388306,157.61044311523438,362.8031005859375,0.9944690465927124,572.2118530273438,466.4440612792969,0.6168577671051025,29.03997802734375,470.9844055175781,0.0813254565000534,551.64892578125,476.09320068359375,0.014721591956913471,111.74407958984375,446.1935729980469,0.006640455219894648,394.7630310058594,480.0,0.0006314817583188415,213.61575317382812,480.0,0.0003365943266544491,417.39874267578125,460.9332275390625,0.0008903844282031059,216.3924560546875,467.1106872558594,0.0006393245421350002,389.0152587890625,468.6562805175781,0.0004200967960059643,244.7607421875,457.23809814453125,0.0004144156409893185
20,webcam-0__tcn__20260807-122153_raw_30fps,86,87,2.8666666666666667,background,1,1,1,1,0,0,0,640,480,0.9462205171585083,0,0.22393798828125,78.5604248046875,600.6419677734375,479.18902587890625,324.5581359863281,244.81199645996094,0.9990170001983643,362.71337890625,212.3570098876953,0.997006356716156,290.3888244628906,207.60702514648438,0.9960785508155823,404.727294921875,224.92184448242188,0.9270923733711243,243.74371337890625,215.238037109375,0.9528526663780212,454.0105285644531,351.0007019042969,0.9989745616912842,157.60235595703125,362.9559326171875,0.9942248463630676,572.9674682617188,466.60498046875,0.6101230978965759,30.38397216796875,471.4238586425781,0.07599794119596481,549.2987670898438,474.6453552246094,0.014752763323485851,113.16740417480469,446.83428955078125,0.006428459193557501,394.59576416015625,480.0,0.0006384735461324453,213.59963989257812,480.0,0.00033104594331234694,417.8822937011719,460.83642578125,0.0009058680152520537,217.24087524414062,467.27667236328125,0.0006275539635680616,389.07696533203125,468.8723449707031,0.0004263059818185866,245.00509643554688,457.5745849609375,0.0004072179726790637
20,webcam-0__tcn__20260807-122153_raw_30fps,87,88,2.9,background,1,1,1,1,0,0,0,640,480,0.9459021091461182,0,0.0,79.50640869140625,601.9319458007812,479.1259765625,324.1794738769531,244.67857360839844,0.9990208148956299,362.4156799316406,212.52670288085938,0.9972001314163208,290.2454833984375,207.59323120117188,0.9958063364028931,405.3126525878906,224.7142333984375,0.933925449848175,244.00262451171875,214.502685546875,0.9426566362380981,453.77294921875,351.7341003417969,0.9990082383155823,158.70814514160156,362.2891540527344,0.9941976070404053,571.4920654296875,464.85809326171875,0.6238429546356201,30.216949462890625,470.47784423828125,0.0772838369011879,551.727294921875,477.15081787109375,0.012493881396949291,111.68283081054688,446.6488952636719,0.0062769269570708275,393.46014404296875,480.0,0.000712069624569267,213.4531707763672,480.0,0.0003684809198603034,416.4400634765625,460.53326416015625,0.0009014415554702282,216.3046875,466.5140380859375,0.0006542241317220032,388.5593566894531,468.6524963378906,0.0004221272247377783,243.58299255371094,456.77850341796875,0.00042774516623467207
20,webcam-0__tcn__20260807-122153_raw_30fps,88,89,2.933333333333333,background,1,1,1,1,0,0,0,640,480,0.9454731941223145,0,0.0,79.42074584960938,601.4984741210938,479.10455322265625,324.1699523925781,244.76004028320312,0.998963475227356,362.4658508300781,212.52305603027344,0.9970371723175049,290.15997314453125,207.5590362548828,0.9958667755126953,405.4520263671875,225.1064453125,0.9314581751823425,243.86639404296875,214.766357421875,0.9466027617454529,453.27764892578125,351.65350341796875,0.9990251064300537,160.217529296875,360.88330078125,0.9943963289260864,571.1614990234375,465.390380859375,0.6347368955612183,29.834625244140625,469.9029235839844,0.08535740524530411,553.373291015625,477.3301086425781,0.01447649858891964,113.90159606933594,446.266845703125,0.006615574471652508,392.5769348144531,480.0,0.0006712231552228332,213.45358276367188,480.0,0.00035079658846370876,416.3849792480469,462.1173095703125,0.0008792986627668142,216.26953125,466.9013671875,0.000641500751953572,388.71063232421875,469.06292724609375,0.000428713858127594,243.76046752929688,456.907470703125,0.00042674512951634824
20,webcam-0__tcn__20260807-122153_raw_30fps,89,90,2.966666666666667,background,1,1,1,1,0,0,0,640,480,0.9449669718742371,0,0.0,79.83758544921875,601.9482421875,479.13726806640625,324.12158203125,244.8916778564453,0.9989621639251709,362.6557922363281,212.52003479003906,0.9970231652259827,289.95086669921875,207.42208862304688,0.9957889914512634,405.0956726074219,225.36392211914062,0.9266748428344727,243.04153442382812,214.775146484375,0.9465553164482117,453.875732421875,351.5009460449219,0.9989796280860901,161.17677307128906,360.5494689941406,0.9940130114555359,572.3733520507812,465.542236328125,0.5912476181983948,31.355438232421875,469.1387939453125,0.0813225731253624,554.7061767578125,477.49298095703125,0.014572222717106342,116.43043518066406,446.5113830566406,0.006934096105396748,393.799072265625,480.0,0.0006797541282139719,214.67959594726562,480.0,0.0003658328205347061,414.88330078125,461.86859130859375,0.0008884637500159442,216.4817352294922,466.6803894042969,0.0006637884071096778,388.5087890625,469.529296875,0.00045099001727066934,243.90658569335938,457.471435546875,0.000447700236691162
20,webcam-0__tcn__20260807-122153_raw_30fps,90,91,3.0,background,1,1,1,1,0,0,0,640,480,0.9447252750396729,0,0.0,80.13174438476562,600.6004638671875,479.1453857421875,324.13775634765625,244.80184936523438,0.9989894032478333,362.5703125,212.50196838378906,0.9970341920852661,290.02166748046875,207.4503631591797,0.9958460927009583,404.852783203125,225.18882751464844,0.9261632561683655,243.1527099609375,214.75228881835938,0.9476776123046875,452.9580383300781,351.2205505371094,0.9989783763885498,160.24859619140625,361.7201843261719,0.9939107894897461,571.6569213867188,465.5824890136719,0.6172326803207397,31.02899169921875,470.08782958984375,0.07656731456518173,552.6507568359375,477.2080383300781,0.015140452422201633,114.42552185058594,445.6853332519531,0.006371049676090479,393.24139404296875,480.0,0.000693446199875325,214.02969360351562,480.0,0.0003625745011959225,415.065185546875,461.0719299316406,0.0009391266503371298,216.22238159179688,466.790771484375,0.0006883140886202455,388.32861328125,469.1018371582031,0.00043621211079880595,243.59445190429688,457.0977783203125,0.0004430292174220085
20,webcam-0__tcn__20260807-122153_raw_30fps,91,92,3.033333333333333,background,1,1,1,1,0,0,0,640,480,0.944494903087616,0,0.0,80.13360595703125,600.9904174804688,479.15679931640625,324.2653503417969,244.8624725341797,0.9990690350532532,362.6568603515625,212.4017333984375,0.9970855116844177,290.09967041015625,207.59194946289062,0.9957988858222961,404.6231994628906,225.29127502441406,0.9250191450119019,243.17367553710938,215.40188598632812,0.947413980960846,453.06353759765625,351.8653564453125,0.9989874958992004,157.3877410888672,364.1060485839844,0.9928941130638123,571.001953125,465.2313232421875,0.6041209101676941,33.43841552734375,471.7362976074219,0.05777876079082489,552.7919921875,478.2662353515625,0.013042710721492767,118.51972961425781,445.8562927246094,0.005948787555098534,393.25885009765625,480.0,0.0007651953492313623,212.50970458984375,480.0,0.0003786113520618528,416.3461608886719,460.65948486328125,0.0009464460890740156,218.7677764892578,466.9399108886719,0.0007010895060375333,389.2842102050781,468.31280517578125,0.0004263283626642078,245.9791259765625,457.19024658203125,0.00045557660632766783
20,webcam-0__tcn__20260807-122153_raw_30fps,92,93,3.066666666666667,background,1,1,1,1,0,0,0,640,480,0.9444723725318909,0,0.0,79.74139404296875,601.955810546875,479.1665344238281,324.1223449707031,244.87005615234375,0.9990586638450623,362.55352783203125,212.4970245361328,0.9970966577529907,289.9028625488281,207.60806274414062,0.9956782460212708,404.7666931152344,225.2608184814453,0.9248942732810974,242.89804077148438,215.20895385742188,0.9441086053848267,453.11859130859375,352.1277160644531,0.9989469647407532,157.7086181640625,363.91912841796875,0.9931672215461731,570.75830078125,465.7864990234375,0.5735191702842712,32.696746826171875,471.7954406738281,0.059843532741069794,552.9752197265625,477.5412902832031,0.012911513447761536,119.48126220703125,446.0562744140625,0.006165745202451944,393.3603515625,480.0,0.0007195679936558008,212.79483032226562,480.0,0.00036479413392953575,415.76513671875,461.2300720214844,0.0009404119336977601,218.31393432617188,467.3509826660156,0.000684127677232027,388.81829833984375,468.6316833496094,0.0004352714749984443,245.9611053466797,457.27215576171875,0.0004434946458786726
20,webcam-0__tcn__20260807-122153_raw_30fps,93,94,3.1,background,1,1,1,1,0,0,0,640,480,0.9440163969993591,0,0.0360107421875,79.70501708984375,602.0974731445312,479.1761474609375,324.1014099121094,244.73861694335938,0.9990641474723816,362.64410400390625,212.47946166992188,0.9970245957374573,290.006103515625,207.58078002929688,0.9956515431404114,404.64117431640625,225.29815673828125,0.9252846240997314,243.00750732421875,215.17176818847656,0.9459642767906189,453.3079528808594,352.46551513671875,0.9989216327667236,156.27642822265625,364.6585998535156,0.9929049611091614,570.9903564453125,466.6303405761719,0.5607923865318298,32.638153076171875,472.5035095214844,0.05245088040828705,553.138671875,476.9779968261719,0.014292484149336815,119.37980651855469,445.872314453125,0.005941626615822315,393.7444152832031,480.0,0.0007096065091900527,212.1839141845703,480.0,0.0003533978306222707,416.9213562011719,461.73797607421875,0.0009416711982339621,218.96035766601562,468.004638671875,0.0006698096403852105,389.8390197753906,468.6591796875,0.00042468757601454854,247.08370971679688,457.6769714355469,0.00042692903662100434
20,webcam-0__tcn__20260807-122153_raw_30fps,94,95,3.1333333333333333,background,1,1,1,1,0,0,0,640,480,0.9450738430023193,0,0.0,79.24398803710938,602.1387939453125,479.1329345703125,323.9847717285156,244.74566650390625,0.9990198612213135,362.1268615722656,212.39727783203125,0.9969724416732788,290.0845947265625,207.57473754882812,0.9956236481666565,404.06671142578125,224.67257690429688,0.9261704087257385,243.46815490722656,214.7367706298828,0.948384702205658,452.9814147949219,352.23004150390625,0.9989205598831177,155.3020477294922,365.0951843261719,0.9933298230171204,569.720458984375,463.4722900390625,0.5905683636665344,30.45269775390625,472.9309997558594,0.05560528114438057,557.3954467773438,477.34832763671875,0.01419435441493988,116.54557800292969,447.00909423828125,0.005884222220629454,393.81317138671875,480.0,0.0007979589863680303,212.1685791015625,480.0,0.0004010793927591294,418.09490966796875,461.259765625,0.0009839507983997464,218.87481689453125,468.26971435546875,0.0007236861856654286,390.23199462890625,467.90692138671875,0.00041914312168955803,247.04544067382812,457.2192687988281,0.00044414319563657045
20,webcam-0__tcn__20260807-122153_raw_30fps,95,96,3.1666666666666665,background,1,1,1,1,0,0,0,640,480,0.94477379322052,0,0.0,79.26309204101562,602.81298828125,479.1575927734375,324.1510314941406,244.506591796875,0.9990959167480469,362.49005126953125,211.9232177734375,0.997089684009552,290.046630859375,207.140869140625,0.9954564571380615,404.0298156738281,224.93649291992188,0.9278141260147095,243.0699462890625,215.17172241210938,0.947403073310852,452.8787841796875,352.07000732421875,0.9988821148872375,153.07167053222656,367.31414794921875,0.9918975830078125,568.1988525390625,464.30133056640625,0.5734626650810242,33.0689697265625,474.6291198730469,0.040441568940877914,556.0357055664062,477.5908203125,0.015153860673308372,121.05076599121094,446.07891845703125,0.0059870206750929356,394.4864501953125,480.0,0.0008070808835327625,211.39553833007812,480.0,0.00037824054015800357,419.4591979980469,460.3836975097656,0.001002540229819715,221.6144561767578,467.9464111328125,0.0007100495276972651,391.71673583984375,467.16094970703125,0.00040778727270662785,249.86569213867188,457.2209167480469,0.00043700041715055704
20,webcam-0__tcn__20260807-122153_raw_30fps,96,97,3.2,background,1,1,1,1,0,0,0,640,480,0.9444853067398071,0,0.0,79.4420166015625,603.2252197265625,479.16278076171875,324.23602294921875,244.4869384765625,0.9990623593330383,362.4812316894531,211.86087036132812,0.9970653653144836,289.9546813964844,207.1976776123047,0.9955917000770569,404.07354736328125,225.0072479248047,0.9290560483932495,242.94784545898438,215.55972290039062,0.9505687952041626,452.9912414550781,351.76251220703125,0.998877227306366,153.3527374267578,367.0484619140625,0.9923573732376099,567.52978515625,464.3370361328125,0.5724788308143616,31.50347900390625,474.34320068359375,0.042960405349731445,554.16064453125,477.431640625,0.013818686828017235,117.029296875,445.63690185546875,0.005923025775700808,395.1087341308594,480.0,0.0007875661249272525,212.134521484375,480.0,0.0003742889384739101,419.74310302734375,460.2199401855469,0.0010115740587934852,221.18194580078125,467.8496398925781,0.0007175091886892915,391.598388671875,467.3953857421875,0.00040816646651364863,249.43060302734375,457.1192626953125,0.00043886853381991386
20,webcam-0__tcn__20260807-122153_raw_30fps,97,98,3.2333333333333334,background,1,1,1,1,0,0,0,640,480,0.9457294344902039,0,0.0,79.2071533203125,599.1471557617188,479.2176818847656,324.9442443847656,244.303466796875,0.9989691972732544,364.00244140625,210.2493133544922,0.9970030188560486,289.9978332519531,204.94229125976562,0.9960049986839294,404.4006652832031,226.16233825683594,0.9224984645843506,241.82655334472656,215.42388916015625,0.9606093764305115,455.37896728515625,352.7198791503906,0.9986502528190613,156.1970977783203,364.7410583496094,0.9932519793510437,571.2638549804688,467.74896240234375,0.46185338497161865,28.456024169921875,470.4111633300781,0.06286323070526123,541.3554077148438,476.938232421875,0.009315076284110546,107.44091796875,444.37261962890625,0.006698274053633213,398.08782958984375,480.0,0.0006474683177657425,214.20196533203125,480.0,0.00036119334981776774,415.33880615234375,460.44927978515625,0.0009638186893425882,214.95794677734375,466.7863464355469,0.0007187037845142186,387.8041076660156,468.39373779296875,0.0004349386435933411,243.70639038085938,457.3080749511719,0.00045036643859930336
20,webcam-0__tcn__20260807-122153_raw_30fps,98,99,3.2666666666666666,background,1,1,1,1,0,0,0,640,480,0.9463617205619812,0,0.0,79.8199462890625,599.158447265625,479.24664306640625,325.0211181640625,244.36993408203125,0.9990204572677612,364.43634033203125,210.18585205078125,0.9970995187759399,290.0863952636719,204.66390991210938,0.9961321353912354,404.7284851074219,226.37237548828125,0.9241004586219788,241.68966674804688,215.13858032226562,0.9629483222961426,454.9298095703125,353.0862121582031,0.9986403584480286,153.73300170898438,366.50213623046875,0.9926573634147644,571.1300048828125,467.36419677734375,0.46204304695129395,29.235687255859375,471.19091796875,0.05303361266851425,539.82177734375,476.8223876953125,0.008203870616853237,107.22286987304688,445.04156494140625,0.00605133268982172,397.6018981933594,480.0,0.0006477641873061657,212.7588653564453,480.0,0.0003486243658699095,414.9395751953125,459.9940490722656,0.0009574207360856235,215.749267578125,466.723388671875,0.0007172785117290914,387.4415283203125,467.67218017578125,0.0004199778486508876,244.12612915039062,457.3428039550781,0.00045597675489261746
20,webcam-0__tcn__20260807-122153_raw_30fps,99,100,3.3,background,1,1,1,1,0,0,0,640,480,0.9461281895637512,0,0.0,80.227294921875,600.5892333984375,479.20733642578125,325.03607177734375,243.74342346191406,0.9990288019180298,364.1339416503906,208.64556884765625,0.9970430731773376,289.9527282714844,203.2707977294922,0.9960058331489563,404.6083068847656,225.96731567382812,0.9240896105766296,241.91790771484375,215.14950561523438,0.9641768932342529,454.81982421875,353.3670349121094,0.9986292123794556,151.29705810546875,368.0658264160156,0.9918718338012695,570.6727294921875,467.0494384765625,0.4780966341495514,28.960357666015625,473.70050048828125,0.040939122438430786,542.0927734375,477.5830993652344,0.009388282895088196,109.84756469726562,444.1717224121094,0.0052489303052425385,397.5917663574219,480.0,0.0007080595823936164,211.56500244140625,480.0,0.00035542150726541877,417.3099365234375,459.7459716796875,0.001075349166058004,218.53945922851562,466.6148681640625,0.0007788738003000617,390.39019775390625,467.10601806640625,0.00039911316707730293,247.70889282226562,457.0259094238281,0.00044957463978789747
20,webcam-0__tcn__20260807-122153_raw_30fps,100,101,3.3333333333333335,background,1,1,1,1,0,0,0,640,480,0.9461415410041809,0,0.0,81.811767578125,601.1260986328125,479.213134765625,324.824462890625,243.62539672851562,0.999049961566925,363.9419250488281,208.5965576171875,0.9970394968986511,289.8564758300781,203.3126220703125,0.9959329962730408,404.1306457519531,226.1170654296875,0.9217312335968018,242.08018493652344,215.43624877929688,0.9629798531532288,454.72802734375,353.3658752441406,0.9986734390258789,150.88050842285156,368.5039367675781,0.9916109442710876,570.2985229492188,466.2679443359375,0.4857558012008667,29.10137939453125,473.80767822265625,0.039137210696935654,545.77392578125,478.69866943359375,0.008575864136219025,111.96766662597656,445.67205810546875,0.005057722795754671,398.18206787109375,480.0,0.0006704757688567042,211.9783477783203,480.0,0.0003331729967612773,417.0478515625,460.4557800292969,0.0009990427643060684,219.91432189941406,467.27001953125,0.0007406238000839949,389.9730224609375,467.21441650390625,0.00039330238359980285,248.98646545410156,457.79205322265625,0.00045067243627272546
20,webcam-0__tcn__20260807-122153_raw_30fps,101,102,3.3666666666666667,background,1,1,1,1,0,0,0,640,480,0.9458211660385132,0,0.0,81.7979736328125,601.23486328125,479.19677734375,324.775634765625,243.6637420654297,0.9990098476409912,363.64874267578125,208.58319091796875,0.997012734413147,289.8078308105469,203.43765258789062,0.9960302710533142,403.7952880859375,226.16786193847656,0.9220725893974304,242.22866821289062,215.7783966064453,0.9641126394271851,454.3654479980469,353.132080078125,0.9987389445304871,152.6939239501953,366.8667297363281,0.992107093334198,570.4937744140625,465.416748046875,0.5268104672431946,28.322509765625,472.3766174316406,0.04902937635779381,547.511474609375,478.23321533203125,0.009072111919522285,108.93157958984375,445.87921142578125,0.005421828478574753,396.8752136230469,480.0,0.0006820474518463016,211.7344207763672,480.0,0.00034620772930793464,416.05731201171875,460.6501770019531,0.0010075642494484782,217.34190368652344,466.96337890625,0.0007710745558142662,389.1325378417969,467.16094970703125,0.00039700904744677246,246.30877685546875,457.2403259277344,0.00046528203529305756
20,webcam-0__tcn__20260807-122153_raw_30fps,102,103,3.4,background,1,1,1,1,0,0,0,640,480,0.9447079300880432,0,0.0,82.76580810546875,600.6610717773438,479.2145690917969,324.9486999511719,243.70217895507812,0.9990573525428772,363.6911315917969,208.6497802734375,0.9970676302909851,290.0377502441406,203.5384521484375,0.9957399368286133,403.2829895019531,225.39144897460938,0.915282666683197,242.1575927734375,215.09588623046875,0.9595627784729004,453.4708251953125,353.0871887207031,0.9987917542457581,153.27024841308594,366.9981994628906,0.9918899536132812,570.0369873046875,465.49884033203125,0.5224297046661377,29.735015869140625,472.65435791015625,0.050399698317050934,546.8505859375,478.16937255859375,0.009222209453582764,114.6676025390625,446.9537048339844,0.00575411319732666,395.3471374511719,480.0,0.0007175263017416,210.87677001953125,480.0,0.0003602737560868263,414.36090087890625,460.7344970703125,0.0010154242627322674,216.68722534179688,467.3807373046875,0.0007751184166409075,387.53155517578125,467.3862609863281,0.000415870628785342,245.32522583007812,457.6876220703125,0.0004749642394017428
20,webcam-0__tcn__20260807-122153_raw_30fps,103,104,3.433333333333333,background,1,1,1,1,0,0,0,640,480,0.9449656009674072,0,0.0,82.26416015625,599.9873657226562,479.1900634765625,324.8375549316406,243.70816040039062,0.9990279674530029,363.9169921875,208.7421875,0.9969565868377686,289.95220947265625,203.44229125976562,0.9958946704864502,403.7292785644531,225.29769897460938,0.9154784679412842,241.92874145507812,214.48414611816406,0.9634753465652466,453.1674499511719,353.2593994140625,0.9987764954566956,153.4217529296875,366.6944274902344,0.9921841025352478,568.9828491210938,465.10565185546875,0.5193015336990356,29.81573486328125,472.6403503417969,0.05035169795155525,550.0033569335938,476.3523254394531,0.01036392617970705,115.41484069824219,446.447265625,0.005773558281362057,395.26470947265625,480.0,0.0006605772068724036,210.9412841796875,480.0,0.00033186309156008065,414.5297546386719,460.2913818359375,0.0010071300202980638,216.9671173095703,466.885009765625,0.000749248662032187,387.86260986328125,467.09844970703125,0.0004239053523633629,246.2732696533203,457.292724609375,0.00046589714474976063
20,webcam-0__tcn__20260807-122153_raw_30fps,104,105,3.466666666666667,background,1,1,1,1,0,0,0,640,480,0.9443058371543884,0,0.0,82.720703125,600.5931396484375,479.18902587890625,324.88385009765625,243.80055236816406,0.9990472197532654,363.9015808105469,208.809326171875,0.9969664216041565,290.188232421875,203.42636108398438,0.995657205581665,403.79925537109375,225.77017211914062,0.918489396572113,242.45492553710938,214.78436279296875,0.9614112377166748,453.291015625,353.33349609375,0.9987536668777466,152.62368774414062,367.67523193359375,0.9914599657058716,568.791748046875,464.38494873046875,0.5196019411087036,30.918853759765625,473.92974853515625,0.04391312226653099,547.915283203125,475.4757995605469,0.0105460649356246,118.1453857421875,446.41668701171875,0.005604267586022615,394.82952880859375,480.0,0.000709024490788579,210.14312744140625,480.0,0.000341024249792099,415.1906433105469,459.89263916015625,0.0010631876066327095,218.00755310058594,466.67230224609375,0.0007779859588481486,388.1642150878906,466.8173522949219,0.0004210591723676771,246.8450927734375,457.55328369140625,0.0004693246737588197
20,webcam-0__tcn__20260807-122153_raw_30fps,105,106,3.5,background,1,1,1,1,0,0,0,640,480,0.9453670978546143,0,0.0,82.92584228515625,598.5536499023438,479.224365234375,324.3787841796875,244.1231689453125,0.9990133047103882,362.0135498046875,210.98831176757812,0.9969307780265808,289.81689453125,206.01419067382812,0.9954490065574646,403.093505859375,224.99996948242188,0.9226553440093994,242.3759307861328,215.20962524414062,0.9537441730499268,452.3424377441406,352.85491943359375,0.9988681077957153,152.24070739746094,367.49737548828125,0.9918609261512756,569.3260498046875,466.23284912109375,0.5630945563316345,31.714263916015625,474.58599853515625,0.045983221381902695,548.0176391601562,476.77587890625,0.012921459041535854,119.031005859375,447.2090148925781,0.005744711961597204,391.9878234863281,480.0,0.0007655848166905344,209.0238037109375,480.0,0.00036461054696701467,414.91827392578125,461.0661315917969,0.001038669142872095,216.2786407470703,468.3781433105469,0.0007264037267304957,387.7464599609375,467.7759094238281,0.00041669109486974776,245.14097595214844,458.12591552734375,0.000442056218162179
20,webcam-0__tcn__20260807-122153_raw_30fps,106,107,3.533333333333333,background,1,1,1,1,0,0,0,640,480,0.9445861577987671,0,0.0,82.5816650390625,599.4767456054688,479.24432373046875,324.2840576171875,244.26864624023438,0.9990195035934448,361.8895568847656,210.88925170898438,0.9969680905342102,289.6302185058594,206.00843811035156,0.9955529570579529,402.90362548828125,224.7694091796875,0.9241005778312683,242.10433959960938,215.21856689453125,0.955309271812439,452.6186218261719,352.9824523925781,0.9988148212432861,152.3851318359375,367.79034423828125,0.9918881058692932,568.7191162109375,465.1694030761719,0.5277228951454163,31.68890380859375,473.67059326171875,0.044058658182621,546.4544677734375,476.421142578125,0.012153208255767822,119.56536865234375,446.23809814453125,0.005859771743416786,391.78948974609375,480.0,0.000736640824470669,208.59539794921875,480.0,0.0003569105756469071,413.2662353515625,459.8828125,0.0010163437109440565,215.85302734375,467.46746826171875,0.0007121320813894272,385.9883117675781,467.10760498046875,0.00041884538950398564,244.71121215820312,457.0984191894531,0.00043983806972391903
20,webcam-0__tcn__20260807-122153_raw_30fps,107,108,3.566666666666667,background,1,1,1,1,0,0,0,640,480,0.9447195529937744,0,0.0,81.22381591796875,599.8780517578125,479.1915283203125,324.5059814453125,244.22012329101562,0.9990420937538147,362.1294250488281,210.96224975585938,0.9969539642333984,289.73297119140625,206.12464904785156,0.9956145286560059,403.1016845703125,225.10772705078125,0.9213516116142273,242.07078552246094,215.61520385742188,0.9561711549758911,451.91741943359375,352.85150146484375,0.9988503456115723,152.2164764404297,367.31103515625,0.9917834997177124,567.7827758789062,464.871826171875,0.548669159412384,31.231689453125,473.4422607421875,0.04317469149827957,549.741943359375,476.9022521972656,0.012980700470507145,120.00498962402344,445.1750793457031,0.005912128370255232,391.5802001953125,480.0,0.000717360177077353,208.40130615234375,480.0,0.00034340113052167,414.1044921875,459.46923828125,0.001004519290290773,216.08346557617188,466.3475646972656,0.0007171048782765865,387.350341796875,466.6798400878906,0.0004146373539697379,245.13710021972656,456.66192626953125,0.000448365171905607
20,webcam-0__tcn__20260807-122153_raw_30fps,108,109,3.6,background,1,1,1,1,0,0,0,640,480,0.9439874887466431,0,0.0,80.94635009765625,599.7645263671875,479.23004150390625,324.4917907714844,244.2913818359375,0.9990721940994263,362.0803527832031,210.9698486328125,0.9968691468238831,289.7038879394531,206.15228271484375,0.995707631111145,403.05377197265625,225.23422241210938,0.9199565052986145,241.95596313476562,215.88369750976562,0.9577783942222595,452.8761901855469,352.98291015625,0.9988137483596802,151.33297729492188,368.8240051269531,0.9906337261199951,569.333251953125,465.5523681640625,0.5136866569519043,36.360809326171875,474.78228759765625,0.0347125306725502,546.2423095703125,477.24853515625,0.011743409559130669,126.03610229492188,445.6768798828125,0.0055472226813435555,392.31634521484375,480.0,0.000754687876906246,208.0928192138672,480.0,0.00034878775477409363,415.8498840332031,458.9809875488281,0.0010135594056919217,218.43438720703125,466.27313232421875,0.0007039056508801877,388.9550476074219,466.77838134765625,0.0004212486674077809,247.03802490234375,457.25299072265625,0.0004502355004660785
20,webcam-0__tcn__20260807-122153_raw_30fps,109,110,3.6333333333333333,background,1,1,1,1,0,0,0,640,480,0.9450896382331848,0,0.0,80.37017822265625,600.5397338867188,479.23712158203125,324.2613220214844,244.54238891601562,0.9989725351333618,362.0160827636719,211.14874267578125,0.9969618916511536,289.4805908203125,206.320556640625,0.9954303503036499,402.6736755371094,224.5825653076172,0.9181472063064575,241.90249633789062,215.09063720703125,0.9502216577529907,452.42169189453125,351.79620361328125,0.9988672733306885,154.33006286621094,364.95098876953125,0.9930382370948792,569.3233032226562,465.9136962890625,0.551577091217041,29.459503173828125,470.92999267578125,0.06036039814352989,549.8959350585938,475.31378173828125,0.011128943413496017,111.12387084960938,445.4754333496094,0.005914549808949232,394.09112548828125,480.0,0.0007161716348491609,211.43600463867188,480.0,0.0003756884834729135,413.9806213378906,460.8057861328125,0.0009635290480218828,215.12139892578125,467.8262939453125,0.0007176333456300199,386.8544006347656,467.9481201171875,0.0004156712384428829,244.24948120117188,457.44598388671875,0.00044566282304003835
20,webcam-0__tcn__20260807-122153_raw_30fps,110,111,3.6666666666666665,background,1,1,1,1,0,0,0,640,480,0.9452725648880005,0,0.0,81.091552734375,599.3056030273438,479.24102783203125,324.7679748535156,244.80062866210938,0.9989196062088013,362.4167175292969,211.0694122314453,0.996850311756134,290.06048583984375,206.3834686279297,0.9955470561981201,403.24578857421875,225.48106384277344,0.9177807569503784,242.9090576171875,216.20375061035156,0.9525620341300964,452.31805419921875,351.3020935058594,0.9988435506820679,156.34127807617188,362.9640808105469,0.9935421943664551,570.076171875,465.8606872558594,0.5700095295906067,28.42864990234375,470.4524230957031,0.07269692420959473,544.57373046875,476.78717041015625,0.012006361037492752,110.09547424316406,445.82122802734375,0.0064911870285868645,393.9888610839844,480.0,0.0007311325753107667,212.334716796875,480.0,0.0003907498612534255,413.5799255371094,460.454833984375,0.0010068508563563228,214.49964904785156,466.768798828125,0.0007510927389375865,386.3992614746094,468.4671630859375,0.0004250445927027613,242.5748291015625,457.25872802734375,0.0004523326933849603
20,webcam-0__tcn__20260807-122153_raw_30fps,111,112,3.7,background,1,1,1,1,0,0,0,640,480,0.9446617960929871,0,0.0,81.598388671875,600.7489624023438,479.21197509765625,324.8122253417969,244.66650390625,0.9989537000656128,362.4691162109375,211.17575073242188,0.9968904852867126,290.0754699707031,206.41293334960938,0.9955950379371643,403.26666259765625,225.7445068359375,0.9148125648498535,242.665283203125,216.3204345703125,0.9537405967712402,452.5309143066406,351.5130920410156,0.9988271594047546,156.44976806640625,363.74139404296875,0.9931506514549255,568.8753051757812,465.16217041015625,0.5320225358009338,28.851837158203125,471.3282470703125,0.06202685460448265,547.0616455078125,476.8989562988281,0.011490223929286003,115.42250061035156,445.10699462890625,0.0064898463897407055,394.5090637207031,480.0,0.0007296055555343628,212.72900390625,480.0,0.0003822667640633881,413.6804504394531,460.8035583496094,0.0009814318036660552,215.83013916015625,467.1068115234375,0.0007242995779961348,387.2057189941406,468.5133056640625,0.000435773836215958,244.215576171875,457.4970703125,0.00045409443555399776
20,webcam-0__tcn__20260807-122153_raw_30fps,112,113,3.7333333333333334,background,1,1,1,1,0,0,0,640,480,0.9451623558998108,0,0.0,81.87759399414062,600.1292724609375,479.221923828125,324.6224670410156,244.64788818359375,0.9989153146743774,362.2184143066406,211.64120483398438,0.9968656897544861,290.29058837890625,206.56109619140625,0.995684027671814,402.7652587890625,226.3102264404297,0.9136343002319336,243.02862548828125,216.12258911132812,0.9543861746788025,452.8534240722656,352.1312255859375,0.9988258481025696,157.5607452392578,362.48468017578125,0.9935882091522217,568.9735717773438,465.42022705078125,0.5368375778198242,28.53680419921875,468.7890625,0.07526778429746628,545.2059936523438,477.70672607421875,0.010408196598291397,110.20048522949219,445.6911315917969,0.006515343673527241,394.5236511230469,480.0,0.0006920359446667135,213.3792724609375,480.0,0.000376890558982268,413.11761474609375,460.737548828125,0.0009970113169401884,214.18882751464844,466.8414306640625,0.0007467694231308997,386.3365783691406,468.8495788574219,0.0004549527948256582,242.54107666015625,457.58489990234375,0.00046599266352131963
20,webcam-0__tcn__20260807-122153_raw_30fps,113,114,3.7666666666666666,background,1,1,1,1,0,0,0,640,480,0.9453832507133484,0,0.02178955078125,82.35601806640625,602.8101806640625,479.2021789550781,324.6089782714844,244.6695098876953,0.9988976716995239,362.42706298828125,211.58834838867188,0.9967838525772095,290.33416748046875,206.51727294921875,0.9957742094993591,402.71044921875,226.38314819335938,0.9118899703025818,243.08563232421875,216.10545349121094,0.955781102180481,452.6220703125,352.2447509765625,0.9988118410110474,158.293212890625,361.9704284667969,0.9935923218727112,569.2889404296875,466.48663330078125,0.5275437235832214,29.32440185546875,469.5392761230469,0.07571990042924881,546.8013916015625,478.271728515625,0.010357511229813099,108.70954895019531,445.2505798339844,0.006472449749708176,394.2195739746094,480.0,0.0006689627189189196,213.20494079589844,480.0,0.00036788545548915863,413.1351013183594,461.1349792480469,0.0009705602424219251,214.7378692626953,466.6435546875,0.0007387230871245265,386.3627014160156,468.8717346191406,0.00045265836524777114,242.7445831298828,457.33990478515625,0.00046872865641489625
20,webcam-0__tcn__20260807-122153_raw_30fps,114,115,3.8,background,1,1,1,1,0,0,0,640,480,0.9446308016777039,0,0.0,83.25701904296875,605.1472778320312,479.18646240234375,324.6301574707031,244.68804931640625,0.9988692402839661,362.2752380371094,211.6129608154297,0.996726393699646,290.413330078125,206.55746459960938,0.9954848289489746,402.2134094238281,226.76376342773438,0.912040650844574,243.2529296875,216.57618713378906,0.9545233249664307,452.2296142578125,352.0238342285156,0.9988070726394653,158.80621337890625,362.3040771484375,0.9937809109687805,569.4691772460938,466.5050354003906,0.5160884857177734,28.79205322265625,469.5716552734375,0.07619529962539673,548.1651000976562,478.3354797363281,0.010627669282257557,109.09672546386719,446.1849060058594,0.006538047455251217,395.5103759765625,480.0,0.0006787869497202337,214.76028442382812,480.0,0.0003764849971048534,413.35601806640625,461.11798095703125,0.001017842791043222,214.64959716796875,466.9495544433594,0.0007578181102871895,386.6712951660156,468.9899597167969,0.000460428767837584,243.2550048828125,457.4044189453125,0.0004636001540347934
20,webcam-0__tcn__20260807-122153_raw_30fps,115,116,3.8333333333333335,background,1,1,1,1,0,0,0,640,480,0.9434576034545898,0,0.0,81.8231201171875,601.1455078125,479.18560791015625,324.105712890625,244.18878173828125,0.9988824725151062,361.80950927734375,211.50885009765625,0.9967381358146667,289.7868957519531,206.54354858398438,0.9953846335411072,402.5316467285156,226.37884521484375,0.9162251353263855,242.62582397460938,216.40150451660156,0.9519662857055664,451.7393798828125,351.9873046875,0.9988440275192261,157.32525634765625,363.45904541015625,0.9933607578277588,568.0501098632812,465.81317138671875,0.5552537441253662,29.64227294921875,470.18560791015625,0.07155976444482803,548.211181640625,479.1622314453125,0.010024955496191978,111.1461181640625,446.1174011230469,0.006379655562341213,395.509765625,480.0,0.0007262677536346018,214.58888244628906,480.0,0.00038835182203911245,415.90496826171875,461.1354675292969,0.0010162981925532222,216.30044555664062,467.0523681640625,0.0007705457392148674,389.02740478515625,468.95318603515625,0.00044805946527048945,245.0403594970703,457.97503662109375,0.00047661946155130863
20,webcam-0__tcn__20260807-122153_raw_30fps,116,117,3.8666666666666667,background,1,1,1,1,0,0,0,640,480,0.943199634552002,0,0.0,81.988037109375,601.5498657226562,479.2060546875,324.05181884765625,244.20193481445312,0.998913049697876,361.8105773925781,211.50653076171875,0.9968499541282654,289.792236328125,206.51736450195312,0.9954315423965454,402.59185791015625,226.4038543701172,0.91889488697052,242.74630737304688,216.34939575195312,0.9511989951133728,451.67584228515625,351.7554626464844,0.9988574981689453,157.180908203125,363.41693115234375,0.9932998418807983,568.4307861328125,464.92626953125,0.5394588708877563,30.36328125,470.7304992675781,0.06671496480703354,547.9577026367188,478.4110107421875,0.009284359402954578,112.55094909667969,446.0457763671875,0.0061833481304347515,394.7993469238281,480.0,0.0007309333886951208,214.03817749023438,480.0,0.00038882895023562014,414.20550537109375,461.008056640625,0.0009863638551905751,216.2784423828125,466.9831848144531,0.0007540344377048314,387.1954345703125,468.85626220703125,0.0004454319132491946,244.61219787597656,458.0738525390625,0.00047771973186172545
20,webcam-0__tcn__20260807-122153_raw_30fps,117,118,3.9,background,1,1,1,1,0,0,0,640,480,0.9433421492576599,0,0.0,82.12777709960938,601.3028564453125,479.1822509765625,324.0125427246094,244.1926727294922,0.9988515377044678,361.636962890625,211.35247802734375,0.9966565370559692,289.67633056640625,206.56716918945312,0.9954444169998169,402.07965087890625,226.34805297851562,0.9162529110908508,242.60397338867188,216.76287841796875,0.9545301795005798,451.596435546875,351.6135559082031,0.998878538608551,157.36856079101562,363.23272705078125,0.9934821724891663,568.5985717773438,465.39410400390625,0.5684273838996887,29.008636474609375,470.34222412109375,0.07291507720947266,546.9979248046875,477.96820068359375,0.009752185083925724,108.63735961914062,445.89251708984375,0.0059209344908595085,395.0218505859375,480.0,0.0007183586712926626,214.31173706054688,480.0,0.00038202505675144494,414.1026611328125,460.74365234375,0.001026171026751399,214.81439208984375,466.90179443359375,0.0007746480405330658,386.8001403808594,468.6712341308594,0.0004432454879861325,242.97457885742188,457.67279052734375,0.000474228902021423
20,webcam-0__tcn__20260807-122153_raw_30fps,118,119,3.933333333333333,background,1,1,1,1,0,0,0,640,480,0.943347156047821,0,0.0,81.2828369140625,601.5119018554688,479.1942443847656,324.09234619140625,244.0887451171875,0.9988846182823181,361.5855407714844,211.54086303710938,0.996894121170044,289.6579895019531,206.544921875,0.9952547550201416,402.6866149902344,226.01315307617188,0.9206061363220215,242.42184448242188,216.07882690429688,0.9474356770515442,451.50543212890625,351.3069152832031,0.9989156723022461,157.72366333007812,362.62908935546875,0.9935216307640076,568.1511840820312,465.0994873046875,0.5846111178398132,29.58013916015625,469.8020324707031,0.07309823483228683,547.3006591796875,478.03570556640625,0.011552670039236546,109.51022338867188,445.896484375,0.006235861219465733,394.9456787109375,480.0,0.0007587930303998291,214.62908935546875,480.0,0.00039708835538476706,415.9244079589844,461.3127136230469,0.0010441666236147285,215.3870849609375,467.24652099609375,0.0007701184949837625,388.5777893066406,469.0152282714844,0.00043662378448061645,243.64999389648438,457.8418884277344,0.00045850846800021827
20,webcam-0__tcn__20260807-122153_raw_30fps,119,120,3.966666666666667,background,1,1,1,1,0,0,0,640,480,0.9431855082511902,0,0.0,82.83551025390625,600.9666137695312,479.1993713378906,323.8946228027344,244.3137969970703,0.9989458918571472,361.21270751953125,211.84017944335938,0.9969544410705566,289.4195556640625,206.89407348632812,0.995526134967804,402.42724609375,225.9365234375,0.9198415279388428,242.0955810546875,216.1771240234375,0.9499489665031433,451.5461730957031,352.14373779296875,0.9988730549812317,156.18186950683594,364.2784423828125,0.9928021430969238,567.409423828125,465.2714538574219,0.5512905716896057,30.963226318359375,470.3750915527344,0.05912334844470024,546.6353149414062,477.173095703125,0.010216260328888893,112.68492126464844,444.3424072265625,0.005927272140979767,394.4825134277344,480.0,0.0007353345863521099,213.75369262695312,480.0,0.00037938496097922325,414.15716552734375,460.70989990234375,0.0010189823806285858,215.14755249023438,466.868408203125,0.0007520914077758789,387.44390869140625,468.7165222167969,0.0004332792304921895,243.45327758789062,457.7751770019531,0.0004619401879608631
20,webcam-0__tcn__20260807-122153_raw_30fps,120,121,4.0,background,1,1,1,1,0,0,0,640,480,0.9435071349143982,0,0.49908447265625,82.81997680664062,600.7314453125,479.20849609375,324.0240173339844,244.29214477539062,0.9989722967147827,361.2381591796875,211.93905639648438,0.9969969987869263,289.6373291015625,207.0105743408203,0.9956691265106201,402.3448181152344,225.78240966796875,0.9197331070899963,242.28700256347656,216.0860595703125,0.9512161612510681,451.57330322265625,352.1093444824219,0.9988678693771362,155.84495544433594,364.4794921875,0.9928862452507019,568.4489135742188,465.8888244628906,0.5448365807533264,30.76751708984375,470.2100830078125,0.05887648090720177,544.9371337890625,477.8092346191406,0.010922173038125038,113.83140563964844,444.39202880859375,0.006095930002629757,393.8681335449219,480.0,0.0007176428916864097,212.98936462402344,480.0,0.0003710911551024765,414.56402587890625,460.6788635253906,0.0009921701857820153,214.92918395996094,467.2124328613281,0.0007206295267678797,387.735107421875,468.7484130859375,0.00043263271800242364,243.4300537109375,457.89849853515625,0.000448898907052353
20,webcam-0__tcn__20260807-122153_raw_30fps,121,122,4.033333333333333,background,1,1,1,1,0,0,0,640,480,0.9448918104171753,0,0.0,80.2244873046875,596.974609375,479.1993408203125,323.9447021484375,244.48995971679688,0.999007523059845,361.956787109375,212.12899780273438,0.9971076846122742,289.8314208984375,207.03221130371094,0.9957239627838135,403.1260681152344,225.88211059570312,0.9242742657661438,242.82249450683594,215.53330993652344,0.9506327509880066,450.8837890625,351.5593566894531,0.9989110231399536,154.32310485839844,364.6946716308594,0.9933261871337891,567.785400390625,464.7282409667969,0.5873051285743713,29.992095947265625,471.668701171875,0.059440672397613525,543.9578857421875,479.20458984375,0.009480244480073452,107.88572692871094,444.747314453125,0.005626571364700794,393.1859436035156,480.0,0.0007650745683349669,212.5484619140625,480.0,0.00038503448013216257,413.24822998046875,460.3157653808594,0.001019822433590889,214.53941345214844,467.49530029296875,0.0007546750130131841,385.6559143066406,468.11553955078125,0.00041541713289916515,242.76364135742188,457.3848571777344,0.0004585368442349136
20,webcam-0__tcn__20260807-122153_raw_30fps,122,123,4.066666666666666,background,1,1,1,1,0,0,0,640,480,0.9455494284629822,0,0.0,80.67327880859375,597.6474609375,479.2220764160156,324.1634521484375,244.52239990234375,0.9990167617797852,361.9627685546875,212.0634765625,0.9970853924751282,289.82080078125,207.0645294189453,0.9959617257118225,402.985595703125,225.8868408203125,0.9195713996887207,242.5665283203125,215.87020874023438,0.9542257189750671,451.6251220703125,351.5174865722656,0.9988941550254822,154.29885864257812,364.918212890625,0.9932498931884766,567.5515747070312,464.6310119628906,0.5766645073890686,29.046905517578125,471.84051513671875,0.05936838313937187,544.4108276367188,478.9424743652344,0.008728543296456337,106.35575866699219,443.9520263671875,0.005707067903131247,394.12738037109375,480.0,0.0006861419533379376,212.9464569091797,480.0,0.00034682234399951994,413.66064453125,460.9542236328125,0.0009871033253148198,214.38632202148438,467.7896728515625,0.0007297310512512922,385.59423828125,468.40478515625,0.00041042634984478354,242.361328125,457.3744201660156,0.0004521009686868638
20,webcam-0__tcn__20260807-122153_raw_30fps,123,124,4.1,background,1,1,1,1,0,0,0,640,480,0.9451360702514648,0,0.0,82.21942138671875,599.3682861328125,479.2249755859375,324.1158142089844,244.6024627685547,0.999016523361206,362.15277099609375,212.30247497558594,0.9970988035202026,290.05377197265625,207.06192016601562,0.9956443309783936,402.9801025390625,225.90606689453125,0.9219009280204773,242.8596954345703,215.32623291015625,0.9503792524337769,450.85687255859375,351.2072448730469,0.998908281326294,154.50808715820312,365.3863220214844,0.9931653141975403,569.4953002929688,466.41162109375,0.5693560242652893,29.70233154296875,472.429931640625,0.05607323348522186,541.6617431640625,476.1971435546875,0.010545069351792336,111.407470703125,444.53289794921875,0.005807969719171524,393.53680419921875,480.0,0.0006790664629079401,212.24383544921875,480.0,0.000338877784088254,414.2156677246094,460.6843566894531,0.0009970711544156075,215.50271606445312,468.1778564453125,0.0007086434634402394,386.3021545410156,468.6952209472656,0.0004190822073724121,244.06683349609375,457.757080078125,0.00044236562098376453
20,webcam-0__tcn__20260807-122153_raw_30fps,124,125,4.133333333333334,background,1,1,1,1,0,0,0,640,480,0.9453253149986267,0,0.0,82.34738159179688,598.8995361328125,479.25213623046875,324.1130676269531,244.60777282714844,0.9990243911743164,362.1553955078125,212.31146240234375,0.997086226940155,290.0490417480469,207.07321166992188,0.9956705570220947,402.9487609863281,225.9254913330078,0.9214233756065369,242.84414672851562,215.3524169921875,0.9510552883148193,450.76068115234375,351.3400573730469,0.9988969564437866,153.92520141601562,365.7865905761719,0.9930936098098755,569.5950317382812,466.13018798828125,0.5684028267860413,29.268646240234375,472.7515869140625,0.054141316562891006,541.1675415039062,476.3807067871094,0.010674946941435337,110.66990661621094,444.61749267578125,0.005766293033957481,393.3136901855469,480.0,0.0006811785860918462,211.9014892578125,480.0,0.0003372076607774943,413.53094482421875,460.58258056640625,0.0010011775884777308,215.5016326904297,468.19158935546875,0.0007075640605762601,385.66644287109375,468.4172058105469,0.0004174566129222512,244.1116180419922,457.6319580078125,0.0004417516465764493
20,webcam-0__tcn__20260807-122153_raw_30fps,125,126,4.166666666666667,background,1,1,1,1,0,0,0,640,480,0.9448248147964478,0,0.0,82.50552368164062,598.8740234375,479.25579833984375,324.24603271484375,244.62744140625,0.9990332126617432,362.2416076660156,212.219970703125,0.9969310164451599,290.2244567871094,207.16452026367188,0.9959476590156555,403.07586669921875,226.12164306640625,0.9157227277755737,243.09671020507812,215.90682983398438,0.9557984471321106,450.3406677246094,351.2807312011719,0.9988609552383423,153.8409423828125,366.1055603027344,0.9929094910621643,568.724853515625,465.86590576171875,0.5736737847328186,29.638458251953125,472.2829284667969,0.05229644849896431,540.5713500976562,476.1527404785156,0.011202697642147541,112.53239440917969,444.9567565917969,0.005723306909203529,393.42095947265625,480.0,0.0007195333600975573,211.84121704101562,480.0,0.0003507033106870949,414.0299072265625,460.4220886230469,0.001033623469993472,215.44580078125,468.25421142578125,0.0007071637082844973,387.1097717285156,468.7518310546875,0.00042390997987240553,244.76287841796875,458.0694885253906,0.00043924336205236614
20,webcam-0__tcn__20260807-122153_raw_30fps,126,127,4.2,background,1,1,1,1,0,0,0,640,480,0.9451007843017578,0,0.0,83.43255615234375,600.0914916992188,479.2325439453125,323.5972595214844,245.10305786132812,0.998969316482544,361.8585205078125,212.80642700195312,0.997018575668335,289.8848571777344,207.5057373046875,0.9959140419960022,403.304931640625,226.63462829589844,0.9241458773612976,243.33718872070312,215.74700927734375,0.953927218914032,451.4826354980469,351.06622314453125,0.9988330006599426,155.2012939453125,364.7607421875,0.9934183359146118,568.146240234375,464.7195739746094,0.548283576965332,28.737213134765625,471.2432861328125,0.060178957879543304,541.0947265625,476.4421081542969,0.008602357469499111,111.0826416015625,446.99310302734375,0.005806629545986652,394.0734558105469,480.0,0.0007207099697552621,212.6983642578125,480.0,0.0003676382766570896,413.367431640625,460.6406555175781,0.0009968479862436652,214.89950561523438,468.096435546875,0.0007050036219879985,385.71673583984375,468.9354553222656,0.0004418765311129391,243.72821044921875,457.99822998046875,0.0004566292045637965
20,webcam-0__tcn__20260807-122153_raw_30fps,127,128,4.233333333333333,background,1,1,1,1,0,0,0,640,480,0.9439781308174133,0,0.0,82.7457275390625,600.0468139648438,479.24407958984375,323.5135803222656,245.03346252441406,0.9989216327667236,361.591796875,212.59762573242188,0.9968389272689819,289.8009033203125,207.427001953125,0.9957903027534485,402.78350830078125,226.92572021484375,0.9252560138702393,243.3465118408203,216.30484008789062,0.9565774202346802,451.54583740234375,351.6786193847656,0.9988440275192261,154.8124542236328,364.6888732910156,0.9931780099868774,568.9956665039062,465.4725341796875,0.5663599967956543,29.076568603515625,471.599853515625,0.058527871966362,545.6354370117188,477.8849182128906,0.010300296358764172,110.64837646484375,446.58624267578125,0.005770753603428602,393.22979736328125,480.0,0.0007708979537710547,211.80389404296875,480.0,0.00039521881262771785,412.14154052734375,460.09765625,0.001038031536154449,213.70953369140625,467.2899169921875,0.000756138761062175,385.3605651855469,468.4356994628906,0.00043736424413509667,242.52589416503906,457.39300537109375,0.0004737664421554655
20,webcam-0__tcn__20260807-122153_raw_30fps,128,129,4.266666666666667,background,1,1,1,1,0,0,0,640,480,0.9440327286720276,0,0.0,83.08209228515625,599.7365112304688,479.2455749511719,323.48394775390625,245.07052612304688,0.9989340901374817,361.6029052734375,212.52294921875,0.9968485236167908,289.56439208984375,207.2963409423828,0.9958677291870117,402.6436767578125,227.01119995117188,0.9217405915260315,242.75650024414062,216.36676025390625,0.9581276774406433,451.20526123046875,351.43115234375,0.9988623857498169,155.1986541748047,365.0492248535156,0.9930549263954163,568.8939819335938,465.96759033203125,0.5615996718406677,29.087371826171875,471.8687744140625,0.05775414779782295,544.4078369140625,476.68280029296875,0.010366160422563553,113.82156372070312,446.7092590332031,0.005891099572181702,393.8755187988281,480.0,0.0007331300876103342,212.50328063964844,480.0,0.0003726202994585037,413.233642578125,460.8392333984375,0.0010144530097022653,214.51516723632812,468.3538818359375,0.0007232680218294263,385.98114013671875,468.96514892578125,0.00043661025119945407,243.96951293945312,458.1850280761719,0.00045754050370305777
20,webcam-0__tcn__20260807-122153_raw_30fps,129,130,4.3,background,1,1,1,1,0,0,0,640,480,0.9445000290870667,0,0.496978759765625,81.38540649414062,601.1016235351562,479.2308349609375,323.03509521484375,245.17955017089844,0.9989111423492432,361.25640869140625,212.5457305908203,0.9969379901885986,289.3821716308594,207.31564331054688,0.9956178665161133,402.7904052734375,226.50193786621094,0.9243504405021667,243.140869140625,215.68850708007812,0.9484052062034607,451.2826843261719,350.6947326660156,0.9989326596260071,157.4514617919922,362.4266052246094,0.9936766028404236,569.833251953125,465.064208984375,0.6051631569862366,29.813446044921875,470.1882019042969,0.07519757002592087,546.0759887695312,478.29296875,0.010460400953888893,109.66925048828125,446.7142333984375,0.006047671660780907,394.4858703613281,480.0,0.0007022955687716603,214.18368530273438,480.0,0.00036547917989082634,413.84295654296875,461.87750244140625,0.000984654645435512,214.58900451660156,468.3664245605469,0.0007119671208783984,386.1924743652344,470.0201721191406,0.0004304746107663959,242.99887084960938,458.7669677734375,0.0004459428309928626
20,webcam-0__tcn__20260807-122153_raw_30fps,130,131,4.333333333333333,background,1,1,1,1,0,0,0,640,480,0.9436052441596985,0,0.0,80.54290771484375,600.3966064453125,479.2647705078125,322.7671203613281,245.28335571289062,0.998950183391571,360.5153503417969,212.552978515625,0.9970399737358093,288.7658386230469,207.47607421875,0.9955676198005676,402.29052734375,225.3661651611328,0.9199496507644653,242.1162109375,215.12347412109375,0.9442659020423889,451.0333251953125,350.6316833496094,0.9989615678787231,157.08193969726562,362.81646728515625,0.9934101700782776,570.8292846679688,464.32080078125,0.5973108410835266,30.538787841796875,470.64306640625,0.07584249973297119,544.0172729492188,477.9996337890625,0.009826765395700932,113.78326416015625,447.70745849609375,0.0064591094851493835,393.498291015625,480.0,0.0007078659255057573,213.35125732421875,480.0,0.0003680085646919906,414.22357177734375,461.19903564453125,0.0009730244637466967,215.21435546875,467.82562255859375,0.0007122311508283019,386.9864196777344,469.92364501953125,0.000439480587374419,243.08677673339844,458.43878173828125,0.0004570368037093431
20,webcam-0__tcn__20260807-122153_raw_30fps,131,132,4.366666666666666,background,1,1,1,1,0,0,0,640,480,0.9429059624671936,0,0.0,80.761962890625,600.558837890625,479.2352294921875,322.88458251953125,245.24163818359375,0.9989829659461975,360.36572265625,212.58456420898438,0.9969600439071655,288.8529052734375,207.57962036132812,0.9958164095878601,401.9906921386719,225.79833984375,0.9177558422088623,242.04078674316406,215.79420471191406,0.9510966539382935,451.7351989746094,351.3035888671875,0.9988786578178406,155.8783721923828,364.1224670410156,0.992642343044281,570.23388671875,463.9749450683594,0.5360357165336609,33.94439697265625,471.9159851074219,0.0597417876124382,541.2736206054688,477.95343017578125,0.009783308021724224,122.51077270507812,446.2120666503906,0.006463229656219482,393.4061279296875,480.0,0.0007507491973228753,212.23269653320312,480.0,0.00038512388709932566,414.52020263671875,460.97265625,0.000960514007601887,216.8203887939453,467.0604553222656,0.0007060280186124146,387.38330078125,469.6329040527344,0.00044869520934298635,244.5780029296875,458.7056884765625,0.00046867551282048225
20,webcam-0__tcn__20260807-122153_raw_30fps,132,133,4.4,background,1,1,1,1,0,0,0,640,480,0.9439986348152161,0,0.0,80.40713500976562,599.506591796875,479.2333068847656,322.9435119628906,245.17994689941406,0.99893718957901,360.2889099121094,212.53121948242188,0.9967697858810425,288.8372497558594,207.67724609375,0.9960426092147827,401.6478271484375,226.26918029785156,0.9141122698783875,242.1148681640625,216.61146545410156,0.9567927718162537,452.13165283203125,351.21868896484375,0.9988906979560852,156.8157958984375,363.50616455078125,0.9932783246040344,570.3333740234375,464.07330322265625,0.5575495958328247,31.02398681640625,470.8243408203125,0.06955734640359879,542.4910888671875,477.2252502441406,0.010061626322567463,117.29949951171875,446.176025390625,0.0064111375249922276,394.2891845703125,480.0,0.0007046547252684832,213.2954864501953,480.0,0.00036832690238952637,415.5824279785156,461.47027587890625,0.0009402098949067295,216.47158813476562,467.5213623046875,0.0006794549408368766,388.245361328125,469.8982849121094,0.0004491768777370453,244.95957946777344,458.48101806640625,0.0004548142314888537
20,webcam-0__tcn__20260807-122153_raw_30fps,133,134,4.433333333333334,background,1,1,1,1,0,0,0,640,480,0.9442800283432007,0,0.0,81.39398193359375,601.321533203125,479.20562744140625,323.39154052734375,245.03875732421875,0.998831570148468,360.9617614746094,212.3311767578125,0.9964554309844971,288.54351806640625,207.72592163085938,0.9963454604148865,402.8102722167969,226.0643768310547,0.9201076626777649,241.14212036132812,217.01406860351562,0.9664624333381653,452.0407409667969,351.96710205078125,0.9988605976104736,155.80747985839844,363.7328796386719,0.9939131140708923,571.2328491210938,466.38623046875,0.5798035860061646,28.71343994140625,470.80963134765625,0.07424018532037735,544.3949584960938,475.6601867675781,0.012616617605090141,110.84548950195312,446.62255859375,0.006136538926512003,392.9676818847656,480.0,0.0007028667023405433,211.76455688476562,480.0,0.0003784109139814973,415.30108642578125,461.9589538574219,0.0009391059866175056,213.87741088867188,468.27459716796875,0.0006722736870869994,388.35748291015625,469.9330749511719,0.0004356787248980254,242.91348266601562,457.86419677734375,0.0004456850583665073
20,webcam-0__tcn__20260807-122153_raw_30fps,134,135,4.466666666666667,background,1,1,1,1,0,0,0,640,480,0.9453717470169067,0,0.0,81.275146484375,601.2586669921875,479.2347412109375,323.8819580078125,245.28530883789062,0.9988164901733398,361.2387390136719,212.42672729492188,0.9964519739151001,288.7247009277344,207.96023559570312,0.9964731335639954,402.57354736328125,226.05564880371094,0.9154230356216431,240.887451171875,217.42794799804688,0.9692873358726501,451.89892578125,351.8675842285156,0.9988651275634766,156.17787170410156,363.92822265625,0.993736982345581,571.0943603515625,465.5539245605469,0.5559373497962952,28.841522216796875,470.6907653808594,0.06881119310855865,543.9664306640625,475.9933776855469,0.009931156411767006,110.65274047851562,446.6121826171875,0.005506291054189205,393.38494873046875,480.0,0.0006919588195160031,212.685546875,480.0,0.00037628583959303796,414.0575256347656,461.2040710449219,0.000903117994312197,214.41717529296875,467.65618896484375,0.0006737990188412368,387.099609375,469.37322998046875,0.00043865563930012286,242.72799682617188,457.3901062011719,0.0004675227391999215
20,webcam-0__tcn__20260807-122153_raw_30fps,135,136,4.5,background,1,1,1,1,0,0,0,640,480,0.9451032876968384,0,0.670501708984375,80.11962890625,601.0375366210938,479.21917724609375,323.75457763671875,245.3202362060547,0.9988736510276794,361.0583190917969,212.41397094726562,0.9963662624359131,288.81817626953125,207.98953247070312,0.9964073300361633,401.99505615234375,225.8665008544922,0.9093331098556519,241.12588500976562,217.28515625,0.9685026407241821,451.77020263671875,352.12054443359375,0.9988535642623901,155.61782836914062,364.4539489746094,0.9934617280960083,569.956787109375,465.6518859863281,0.5466676354408264,29.20660400390625,471.4798583984375,0.06356193125247955,543.1043090820312,474.46319580078125,0.012638455256819725,115.78053283691406,446.4824523925781,0.006209520623087883,393.2514953613281,480.0,0.0006756954244337976,211.60205078125,480.0,0.0003547715023159981,416.0599365234375,461.04144287109375,0.0008849730365909636,215.8614501953125,467.7146301269531,0.000626321358140558,388.4768371582031,469.10577392578125,0.00044205557787790895,245.07882690429688,457.47412109375,0.00043930657557211816
20,webcam-0__tcn__20260807-122153_raw_30fps,136,137,4.533333333333333,background,1,1,1,1,0,0,0,640,480,0.9443128705024719,0,0.0,81.4803466796875,600.67236328125,479.2119445800781,324.045166015625,245.27874755859375,0.9990336894989014,363.0919189453125,212.600830078125,0.9967808723449707,289.6103515625,207.342041015625,0.9963071346282959,403.26519775390625,226.25408935546875,0.9034605622291565,241.2015380859375,215.35049438476562,0.963161826133728,452.1502685546875,353.3197937011719,0.9988627433776855,155.6143798828125,365.03778076171875,0.9926152229309082,570.1284790039062,464.9771728515625,0.5117948651313782,30.724517822265625,472.9139404296875,0.053002018481492996,543.5755004882812,475.0294189453125,0.010641103610396385,119.07264709472656,447.35028076171875,0.005942082963883877,393.8683166503906,480.0,0.0006621456705033779,211.48727416992188,480.0,0.00033662529313005507,415.0175476074219,461.0262756347656,0.0008797516347840428,217.0558319091797,467.322265625,0.0006629899144172668,387.74676513671875,468.3680114746094,0.0004573595360852778,245.54913330078125,457.444580078125,0.00048133466043509543
20,webcam-0__tcn__20260807-122153_raw_30fps,137,138,4.566666666666666,background,1,1,1,1,0,0,0,640,480,0.9453883767127991,0,0.1419677734375,81.316162109375,601.0148315429688,479.21478271484375,324.04119873046875,245.15121459960938,0.9990530610084534,363.028564453125,212.11167907714844,0.9968519806861877,289.7791748046875,206.90306091308594,0.9964838027954102,403.0038146972656,225.65457153320312,0.89508455991745,241.62783813476562,214.79031372070312,0.961504340171814,451.7931823730469,352.8092346191406,0.998903751373291,157.40374755859375,363.7054443359375,0.9929484128952026,569.7517700195312,465.240478515625,0.5590456128120422,30.667236328125,471.45721435546875,0.06311028450727463,544.5283203125,477.51220703125,0.010213907808065414,113.55253601074219,446.4336242675781,0.005755310878157616,393.9140625,480.0,0.000680695113260299,212.7373809814453,480.0,0.0003538154996931553,412.02532958984375,461.4037170410156,0.0008967714384198189,214.29638671875,467.409912109375,0.0006971399416215718,385.85894775390625,468.74786376953125,0.0004515186883509159,242.42495727539062,457.2287902832031,0.0004937767516821623
20,webcam-0__tcn__20260807-122153_raw_30fps,138,139,4.6,background,1,1,1,1,0,0,0,640,480,0.9450873136520386,0,0.218170166015625,80.85931396484375,600.4479370117188,479.2179260253906,324.00018310546875,245.10763549804688,0.9990792274475098,363.3937072753906,212.26455688476562,0.9969550371170044,289.78167724609375,207.08291625976562,0.996601939201355,403.37603759765625,225.93057250976562,0.9034703373908997,241.51669311523438,214.9991455078125,0.96416836977005,451.5194396972656,353.0624694824219,0.9988954067230225,157.03570556640625,364.3955993652344,0.9929950833320618,569.7626953125,465.23486328125,0.5528684258460999,30.458740234375,471.8919677734375,0.061190515756607056,545.44482421875,477.4586486816406,0.01013122033327818,115.48466491699219,447.19586181640625,0.005783963482826948,393.85040283203125,480.0,0.000689593143761158,212.593994140625,480.0,0.0003581987111829221,413.17315673828125,461.39752197265625,0.0008911467157304287,215.69219970703125,468.0867614746094,0.0006941241445019841,386.7975158691406,468.6697692871094,0.00045202617184259,244.24893188476562,457.318359375,0.0004943072563037276
20,webcam-0__tcn__20260807-122153_raw_30fps,139,140,4.633333333333334,background,1,1,1,1,0,0,0,640,480,0.9443947672843933,0,0.293975830078125,81.211181640625,600.47216796875,479.1997985839844,324.324462890625,245.31600952148438,0.9991359114646912,363.8252868652344,211.85348510742188,0.9970671534538269,289.9991455078125,206.75457763671875,0.9962325692176819,403.7962646484375,226.0375518798828,0.9080525636672974,241.84603881835938,215.3300323486328,0.9582911729812622,451.8750915527344,353.06036376953125,0.9988961219787598,156.43728637695312,365.6874694824219,0.9924391508102417,569.6923828125,465.46331787109375,0.5455490946769714,32.708648681640625,472.5246276855469,0.05230547860264778,546.31787109375,478.1222839355469,0.01117020659148693,119.45182800292969,445.657958984375,0.005787485279142857,394.71417236328125,480.0,0.0007030130364000797,212.72378540039062,480.0,0.00035260681761428714,413.205810546875,460.7537841796875,0.0009433029335923493,216.27395629882812,467.3556213378906,0.0007126164273358881,387.6384582519531,468.06976318359375,0.00044328562216833234,245.25540161132812,457.3822021484375,0.0004811529943253845
20,webcam-0__tcn__20260807-122153_raw_30fps,140,141,4.666666666666667,background,1,1,1,1,0,0,0,640,480,0.9438519477844238,0,0.447479248046875,80.29034423828125,599.989013671875,479.18994140625,324.3389587402344,245.45269775390625,0.9991160035133362,363.9971923828125,211.83705139160156,0.9970498085021973,290.0362243652344,206.7386474609375,0.9961309432983398,404.02069091796875,225.824951171875,0.9076270461082458,241.9779052734375,215.03524780273438,0.95713210105896,451.8396911621094,352.9362487792969,0.9988914132118225,157.4375,364.9969482421875,0.9925985336303711,569.115966796875,465.9720153808594,0.5361050963401794,32.027923583984375,472.4576721191406,0.05681561306118965,548.2033081054688,476.4356689453125,0.010842140763998032,122.10235595703125,446.1289367675781,0.0061692227609455585,394.7596130371094,480.0,0.000682829471770674,213.07403564453125,480.0,0.00034919814788736403,413.40716552734375,460.7229309082031,0.0009285002597607672,216.11280822753906,466.9261474609375,0.0007073365850374103,387.91180419921875,468.1355285644531,0.00045956953545100987,245.3535614013672,457.3688049316406,0.000489629281219095
20,webcam-0__tcn__20260807-122153_raw_30fps,141,142,4.7,background,1,1,1,1,0,0,0,640,480,0.944851815700531,0,0.104705810546875,80.32623291015625,601.8359375,479.1864318847656,324.3572692871094,245.56863403320312,0.9991224408149719,364.0902404785156,211.84881591796875,0.9970243573188782,290.01666259765625,206.71559143066406,0.9960024952888489,404.287841796875,225.76040649414062,0.9101489186286926,241.874755859375,214.90676879882812,0.9566652178764343,451.9464416503906,353.10711669921875,0.9989129304885864,156.47418212890625,365.8087158203125,0.9922743439674377,569.1322021484375,465.87176513671875,0.5545386075973511,32.556976318359375,471.805419921875,0.0525759719312191,550.4835205078125,477.98370361328125,0.012276027351617813,122.83682250976562,445.6173095703125,0.006025811657309532,395.16107177734375,480.0,0.0007339182775467634,213.06427001953125,480.0,0.00036366513813845813,414.65625,460.02166748046875,0.000995428184978664,216.83544921875,466.39642333984375,0.0007406255463138223,389.56494140625,467.8023681640625,0.0004612124466802925,246.3946990966797,457.552001953125,0.0004900796338915825
20,webcam-0__tcn__20260807-122153_raw_30fps,142,143,4.733333333333333,background,1,1,1,1,0,0,0,640,480,0.944324254989624,0,0.3829345703125,80.59130859375,602.6605834960938,479.18048095703125,324.3516845703125,245.48214721679688,0.999068558216095,364.201171875,211.81622314453125,0.9969178438186646,290.1670227050781,206.62611389160156,0.9958603978157043,404.11224365234375,226.04959106445312,0.9110976457595825,242.26736450195312,214.9183349609375,0.957227885723114,451.9743957519531,353.0349426269531,0.9989149570465088,157.73800659179688,364.1334228515625,0.9927022457122803,568.5184936523438,464.9336242675781,0.5559332370758057,32.157470703125,471.86517333984375,0.05706045404076576,556.1498413085938,476.2330322265625,0.014020268805325031,120.1231689453125,446.14630126953125,0.0062767514027655125,395.0188903808594,480.0,0.0006793464417569339,213.33126831054688,480.0,0.0003420942521188408,415.86651611328125,460.91693115234375,0.000951132329646498,218.02627563476562,466.43939208984375,0.0007191724143922329,390.3883972167969,467.736083984375,0.000455573812359944,247.03163146972656,457.0290832519531,0.0004813828563783318
20,webcam-0__tcn__20260807-122153_raw_30fps,143,144,4.766666666666667,background,1,1,1,1,0,0,0,640,480,0.9447691440582275,0,0.0,80.8916015625,601.7635498046875,479.1607360839844,324.1352233886719,245.9259033203125,0.9991042017936707,364.3956298828125,212.01248168945312,0.9968357682228088,290.0160217285156,207.05136108398438,0.995917022228241,404.4557189941406,226.8243408203125,0.9147164225578308,242.4495849609375,216.08839416503906,0.9589722752571106,451.8369140625,352.7330017089844,0.9988877177238464,155.4447021484375,366.2828063964844,0.9917680025100708,567.859130859375,464.6435546875,0.569832980632782,34.474151611328125,473.80828857421875,0.0445554293692112,555.4664306640625,477.2253112792969,0.01394155714660883,122.21330261230469,447.6759033203125,0.005682067014276981,395.08941650390625,480.0,0.0007949334103614092,212.0377197265625,480.0,0.000373463291907683,417.0753479003906,460.1072998046875,0.0010144839761778712,219.606689453125,466.5137939453125,0.0007380683673545718,391.2927551269531,467.00531005859375,0.0004484331584535539,248.28421020507812,457.1310119628906,0.00048651616089046
20,webcam-0__tcn__20260807-122153_raw_30fps,144,145,4.8,background,1,1,1,1,0,0,0,640,480,0.943855345249176,0,0.0,81.36474609375,601.941162109375,479.1864929199219,324.3143005371094,245.97357177734375,0.9991487264633179,364.5152282714844,212.00640869140625,0.9968580007553101,290.00640869140625,206.97979736328125,0.9961467981338501,404.3661193847656,227.22677612304688,0.9100490212440491,242.018310546875,216.52825927734375,0.9618515968322754,452.358642578125,352.5244140625,0.9988401532173157,155.53390502929688,367.5810546875,0.9911609888076782,568.3803100585938,464.8177490234375,0.5179271697998047,37.466064453125,474.76513671875,0.03929400071501732,550.6270141601562,477.4947509765625,0.011945357546210289,128.71717834472656,446.78179931640625,0.005930023733526468,395.04119873046875,480.0,0.0008200926822610199,211.51638793945312,480.0,0.00038550462340936065,415.744873046875,459.64776611328125,0.001012996188364923,219.3663330078125,466.05413818359375,0.0007448249380104244,390.561767578125,467.1131286621094,0.0004643650318030268,248.231201171875,457.5611572265625,0.0005092761130072176
20,webcam-0__tcn__20260807-122153_raw_30fps,145,146,4.833333333333333,background,1,1,1,1,0,0,0,640,480,0.9434319138526917,0,0.0,82.537109375,601.1607666015625,479.2184753417969,324.7635192871094,246.4482421875,0.9990620017051697,364.1466369628906,212.40518188476562,0.9967671632766724,290.1314697265625,207.32382202148438,0.9960687160491943,403.9932861328125,226.68060302734375,0.9188310503959656,241.93557739257812,216.26791381835938,0.9664504528045654,453.0914306640625,352.3316650390625,0.9987668991088867,150.73703002929688,369.29913330078125,0.9910378456115723,569.0399780273438,464.5306396484375,0.4899772107601166,38.51251220703125,475.74627685546875,0.0334283746778965,545.6806640625,479.62286376953125,0.009598861448466778,125.15431213378906,445.0458984375,0.005586676299571991,394.665283203125,480.0,0.0007819757447578013,209.5476837158203,480.0,0.0003733470803126693,413.99359130859375,459.3665771484375,0.0009087143698707223,218.83486938476562,466.2314453125,0.0006899280706420541,387.65179443359375,466.1862487792969,0.00041744508780539036,248.12399291992188,457.103515625,0.0004937334451824427
20,webcam-0__tcn__20260807-122153_raw_30fps,146,147,4.866666666666666,background,1,1,1,1,0,0,0,640,480,0.9433913826942444,0,0.0,83.03616333007812,601.402587890625,479.2125244140625,324.9220275878906,246.4132080078125,0.9990597367286682,364.0471496582031,212.41250610351562,0.996920108795166,290.02520751953125,207.17510986328125,0.9960669875144958,403.74969482421875,226.50537109375,0.9171961545944214,241.32965087890625,215.94717407226562,0.9663501977920532,453.1719055175781,352.2009582519531,0.9987972974777222,150.27955627441406,369.263671875,0.9913095235824585,568.8416137695312,464.54388427734375,0.49940869212150574,35.221649169921875,475.36785888671875,0.03620942309498787,546.1317749023438,479.4794006347656,0.009195752441883087,121.88795471191406,445.071533203125,0.005740340333431959,395.3825378417969,480.0,0.0007469672709703445,210.14682006835938,480.0,0.00036257330793887377,414.3199768066406,459.304443359375,0.0009059375151991844,217.93386840820312,466.3675537109375,0.0006983012426644564,387.60711669921875,465.9869384765625,0.0004132615285925567,247.39956665039062,456.7178955078125,0.0004960283986292779
20,webcam-0__tcn__20260807-122153_raw_30fps,147,148,4.9,background,1,1,1,1,0,0,0,640,480,0.9430112838745117,0,0.0,82.26736450195312,602.6777954101562,479.19390869140625,324.4950866699219,246.7346954345703,0.9991083741188049,364.0934753417969,212.75912475585938,0.9968830943107605,289.8081970214844,207.52369689941406,0.9962205290794373,403.801513671875,226.96340942382812,0.9137393832206726,241.11767578125,216.18869018554688,0.9664965271949768,452.8314208984375,352.0491027832031,0.9988308548927307,152.5670928955078,368.4319152832031,0.9906432032585144,568.8309326171875,464.2312316894531,0.5034292340278625,39.15057373046875,475.3810119628906,0.03487817943096161,549.6273803710938,478.55609130859375,0.010572753846645355,128.0406494140625,445.26708984375,0.006017050705850124,395.4266052246094,480.0,0.000748121296055615,211.22116088867188,480.0,0.000352830917108804,415.118896484375,459.38134765625,0.0009156521409749985,220.13937377929688,465.9210510253906,0.0006880442379042506,389.755615234375,466.4684143066406,0.0004354237753432244,249.30484008789062,457.003173828125,0.0005038045346736908
20,webcam-0__tcn__20260807-122153_raw_30fps,148,149,4.933333333333334,background,1,1,1,1,0,0,0,640,480,0.9429818391799927,0,0.329833984375,81.91827392578125,603.656982421875,479.2344970703125,323.0094299316406,247.15927124023438,0.9989838004112244,361.2808837890625,213.35528564453125,0.9966055154800415,288.24383544921875,208.5859832763672,0.9958070516586304,402.31658935546875,225.9940643310547,0.9196270704269409,240.54638671875,216.5751953125,0.9603362083435059,453.1476135253906,352.2177734375,0.9988189339637756,152.6921844482422,367.98968505859375,0.9914462566375732,570.5311889648438,464.8943176269531,0.4796222150325775,36.78369140625,474.3628234863281,0.037672899663448334,544.6717529296875,478.3907775878906,0.011329910717904568,124.8951416015625,445.27984619140625,0.006097125820815563,394.2502746582031,480.0,0.0007536838529631495,210.48068237304688,480.0,0.0003643263189587742,414.6097412109375,459.59576416015625,0.0009233965538442135,218.13604736328125,466.385986328125,0.0006418796256184578,388.0445251464844,467.2002258300781,0.0004400540783535689,247.03219604492188,457.09747314453125,0.0004526855191215873
20,webcam-0__tcn__20260807-122153_raw_30fps,149,150,4.966666666666667,background,1,1,1,1,0,0,0,640,480,0.9439406394958496,0,1.09515380859375,81.50933837890625,601.7364501953125,479.20965576171875,322.2891845703125,247.26551818847656,0.9989093542098999,360.950927734375,213.32290649414062,0.9965531826019287,287.73931884765625,208.73672485351562,0.9955630302429199,402.0147705078125,225.66925048828125,0.9204170107841492,240.48306274414062,216.37734985351562,0.9524533152580261,452.7057189941406,351.8135986328125,0.9988802075386047,157.34959411621094,364.1507568359375,0.9924300312995911,573.2340698242188,465.8452453613281,0.5097485184669495,35.507720947265625,471.11419677734375,0.05711323767900467,542.2293701171875,477.1399230957031,0.01216809544712305,119.10499572753906,445.23468017578125,0.006711983121931553,392.9320068359375,480.0,0.0007972482708282769,211.74072265625,480.0,0.00040916414582170546,412.6497802734375,460.0194091796875,0.0009609257685951889,214.98580932617188,465.9896240234375,0.000685818144120276,386.2721862792969,468.5997619628906,0.0004764668410643935,242.91233825683594,457.41802978515625,0.00047390739200636744
20,webcam-0__tcn__20260807-122153_raw_30fps,150,151,5.0,background,1,1,1,1,0,0,0,640,480,0.9445079565048218,0,0.132354736328125,80.7281494140625,602.608154296875,479.2154846191406,322.09521484375,247.225830078125,0.9988905787467957,360.6294250488281,213.23606872558594,0.9967310428619385,287.4579772949219,208.71182250976562,0.995326042175293,402.1287841796875,225.18179321289062,0.926703155040741,240.40847778320312,216.05642700195312,0.9492732286453247,452.94891357421875,352.06842041015625,0.998946487903595,156.0186309814453,365.1158447265625,0.9925461411476135,572.2935791015625,465.050537109375,0.5418883562088013,33.052642822265625,471.2485046386719,0.05417156592011452,551.1544799804688,477.93634033203125,0.01115498598664999,113.66311645507812,445.9978942871094,0.005893297493457794,394.416259765625,480.0,0.0007694762898609042,212.6421356201172,480.0,0.00038982529076747596,414.3681640625,460.72357177734375,0.000933237315621227,215.88577270507812,467.3345031738281,0.0006752058397978544,387.7049865722656,468.5311279296875,0.0004434663278516382,243.92422485351562,457.5471496582031,0.00045961420983076096
20,webcam-0__tcn__20260807-122153_raw_30fps,151,152,5.033333333333333,background,1,1,1,1,0,0,0,640,480,0.9446882605552673,0,0.071624755859375,80.73089599609375,602.08154296875,479.2276916503906,321.99273681640625,247.1420440673828,0.9988528490066528,360.6802673339844,213.3126220703125,0.9967216849327087,287.2874450683594,208.7418212890625,0.9956777691841125,402.03753662109375,225.63055419921875,0.9258918762207031,239.97134399414062,216.3482666015625,0.954468309879303,452.5655517578125,351.9449157714844,0.9989587068557739,158.55816650390625,363.5570373535156,0.9932271838188171,572.895751953125,465.3248291015625,0.5484345555305481,30.77569580078125,469.430419921875,0.06758834421634674,548.640625,478.5545349121094,0.011389868333935738,112.20713806152344,445.105224609375,0.0064359926618635654,394.47705078125,480.0,0.0007547879358753562,214.2691192626953,480.0,0.0003989441320300102,412.3743591308594,460.8377685546875,0.0009314651251770556,213.15127563476562,466.7618408203125,0.0006805594894103706,386.45440673828125,469.4728088378906,0.0004670006746891886,241.48605346679688,457.6088562011719,0.0004738378047477454
20,webcam-0__tcn__20260807-122153_raw_30fps,152,153,5.066666666666666,background,1,1,1,1,0,0,0,640,480,0.9447982907295227,0,0.452423095703125,80.232177734375,601.9305419921875,479.23309326171875,321.13812255859375,247.1722869873047,0.9988627433776855,359.89453125,213.57315063476562,0.9967669248580933,286.5435485839844,209.15892028808594,0.9958516359329224,401.6869201660156,224.85519409179688,0.9274271130561829,239.25112915039062,215.83021545410156,0.9536375403404236,451.6649169921875,352.05633544921875,0.9989373087882996,158.9818572998047,363.451904296875,0.9932606816291809,573.4461669921875,464.6116027832031,0.5328862071037292,30.342926025390625,467.1998596191406,0.06878003478050232,547.8162841796875,477.7076416015625,0.010485448874533176,109.83078002929688,444.2856750488281,0.006195226684212685,393.5292053222656,480.0,0.0006725091952830553,213.9832763671875,480.0,0.0003575517039280385,410.98577880859375,460.16192626953125,0.0009314517956227064,211.51510620117188,466.318603515625,0.0006617387407459319,385.23773193359375,469.75115966796875,0.0004764125624205917,240.054931640625,457.2491455078125,0.0004652512143366039
20,webcam-0__tcn__20260807-122153_raw_30fps,153,154,5.1,background,1,1,1,1,0,0,0,640,480,0.9437409043312073,0,0.988739013671875,79.9930419921875,602.419677734375,479.1791076660156,321.2149963378906,247.29583740234375,0.998838484287262,359.8526916503906,213.54698181152344,0.9964978694915771,286.4066162109375,209.12713623046875,0.9959728121757507,401.3526916503906,225.52651977539062,0.9220390319824219,238.73162841796875,216.60813903808594,0.9609804749488831,451.8053894042969,352.22296142578125,0.9989468455314636,157.80076599121094,364.49981689453125,0.9924829602241516,572.7294921875,465.4194030761719,0.5571865439414978,31.137481689453125,467.82684326171875,0.06217355281114578,551.0205688476562,478.0689697265625,0.013336129486560822,115.46537780761719,444.47503662109375,0.006610381416976452,393.1854248046875,480.0,0.000703859725035727,212.74151611328125,480.0,0.0003635396424215287,412.27398681640625,460.48193359375,0.000920951715670526,212.67636108398438,466.56793212890625,0.00065696204546839,387.37286376953125,469.1227111816406,0.0004732586967293173,242.06036376953125,457.3081359863281,0.0004741764860227704
20,webcam-0__tcn__20260807-122153_raw_30fps,154,155,5.133333333333334,background,1,1,1,1,0,0,0,640,480,0.9429094195365906,0,0.094329833984375,80.78622436523438,602.6951904296875,479.18914794921875,320.2490539550781,246.5078582763672,0.9988930821418762,359.5741882324219,211.97860717773438,0.9969223141670227,285.7390441894531,207.06158447265625,0.9958261251449585,401.1217346191406,226.1510772705078,0.9260973930358887,238.55313110351562,215.9521484375,0.9542574286460876,451.71478271484375,351.700927734375,0.9989418387413025,158.6968994140625,362.63079833984375,0.9924910664558411,572.0579833984375,465.170166015625,0.5691858530044556,28.864715576171875,466.45245361328125,0.07176583260297775,551.9837646484375,479.07757568359375,0.012257862836122513,113.60809326171875,445.28314208984375,0.006908923853188753,394.124267578125,480.0,0.0007174633792601526,213.33084106445312,480.0,0.00037998997140675783,412.5875244140625,461.2834167480469,0.000997117254883051,212.08255004882812,466.6024169921875,0.0007457957835868001,388.0478210449219,469.3608703613281,0.00046660026418976486,242.4086456298828,457.4818420410156,0.0004920386127196252
20,webcam-0__tcn__20260807-122153_raw_30fps,155,156,5.166666666666667,background,1,1,1,1,0,0,0,640,480,0.943560779094696,0,0.4825439453125,81.04364013671875,603.5416259765625,479.1444091796875,320.0833435058594,246.50416564941406,0.9989522695541382,359.4714050292969,211.88006591796875,0.9968649744987488,285.9688720703125,207.04739379882812,0.9956700801849365,401.03656005859375,226.25917053222656,0.9221398234367371,239.40719604492188,216.11167907714844,0.9492500424385071,451.31622314453125,351.9083557128906,0.9989472031593323,158.2003936767578,363.4075622558594,0.9921702742576599,572.8837890625,465.588623046875,0.5788103342056274,30.38751220703125,467.0555419921875,0.06533832103013992,553.1873779296875,478.8743896484375,0.01390419527888298,116.09846496582031,445.45452880859375,0.006621277425438166,393.8347473144531,480.0,0.0007320501026697457,212.92718505859375,480.0,0.0003754324861802161,412.23345947265625,460.82745361328125,0.0010257423855364323,213.30596923828125,466.4725646972656,0.000734766770619899,388.2540283203125,468.59136962890625,0.000460059818578884,243.45394897460938,457.2196350097656,0.00046743539860472083
20,webcam-0__tcn__20260807-122153_raw_30fps,156,157,5.2,background,1,1,1,1,0,0,0,640,480,0.9435282945632935,0,0.432647705078125,80.4285888671875,603.6170654296875,479.1441650390625,320.01226806640625,246.45339965820312,0.9989607334136963,359.5695495605469,212.07522583007812,0.9968801736831665,286.0223388671875,207.085205078125,0.9957516193389893,401.0409240722656,226.61056518554688,0.9243521690368652,239.3994140625,216.06723022460938,0.95195472240448,451.5850524902344,352.24969482421875,0.9989511966705322,157.13075256347656,363.713134765625,0.9924765229225159,572.8829956054688,465.656494140625,0.5861122012138367,29.14862060546875,467.65594482421875,0.06800876557826996,553.382080078125,478.8766784667969,0.013847398571670055,113.66006469726562,446.171630859375,0.006362886633723974,393.47564697265625,480.0,0.000759252579882741,212.1722412109375,480.0,0.0003902374592144042,412.1636047363281,461.05120849609375,0.001042183954268694,213.43133544921875,466.90557861328125,0.000749533879570663,388.1781311035156,468.49993896484375,0.00046450141235254705,243.78402709960938,457.4038391113281,0.00047553484910167754
20,webcam-0__tcn__20260807-122153_raw_30fps,157,158,5.233333333333333,background,1,1,1,1,0,0,0,640,480,0.9460906982421875,0,0.0,79.49505615234375,602.1807250976562,479.13519287109375,319.6286926269531,246.58041381835938,0.998872697353363,358.5417175292969,211.8294677734375,0.9967766404151917,285.3338623046875,206.79473876953125,0.9956028461456299,398.8919372558594,226.85975646972656,0.9301947355270386,238.542724609375,216.55322265625,0.9577839374542236,451.7009582519531,352.8885498046875,0.9988740086555481,153.82171630859375,363.97930908203125,0.9931086301803589,573.630126953125,465.498779296875,0.5740062594413757,27.67071533203125,466.3110046386719,0.07750982791185379,553.827880859375,469.33380126953125,0.019059207290410995,108.08772277832031,443.4989318847656,0.006410639733076096,391.91058349609375,480.0,0.0006697339122183621,209.59182739257812,480.0,0.0003684984694700688,408.51812744140625,460.16021728515625,0.0010232188506051898,210.50958251953125,466.09686279296875,0.0007145381532609463,382.75823974609375,466.6788330078125,0.00044144666753709316,241.49118041992188,455.8236083984375,0.0004323014582041651
20,webcam-0__tcn__20260807-122153_raw_30fps,158,159,5.266666666666667,background,1,1,1,1,0,0,0,640,480,0.9462945461273193,0,0.0,80.6287841796875,602.6077880859375,479.0841064453125,319.0896911621094,246.56307983398438,0.9988477230072021,358.3125,211.93630981445312,0.9965574741363525,285.1073303222656,206.81939697265625,0.9958165287971497,398.4347229003906,227.9562530517578,0.927737832069397,238.546630859375,217.2964324951172,0.963826596736908,451.364501953125,352.4259338378906,0.9989513158798218,154.84054565429688,363.715087890625,0.9931001663208008,574.2046508789062,464.35882568359375,0.6179100275039673,27.58184814453125,466.3382568359375,0.07877759635448456,559.0166625976562,469.97442626953125,0.02255301922559738,109.23539733886719,445.2093811035156,0.006309148855507374,392.583740234375,480.0,0.0006915305857546628,210.900390625,480.0,0.00037184759275987744,409.55157470703125,460.5459289550781,0.0010159641969949007,212.16116333007812,466.1143493652344,0.0007074727327562869,385.1402587890625,467.27471923828125,0.0004532338643912226,242.6407928466797,456.46533203125,0.0004511097795329988
20,webcam-0__tcn__20260807-122153_raw_30fps,159,160,5.3,background,1,1,1,1,0,0,0,640,480,0.9453717470169067,0,0.0,80.4959716796875,602.51904296875,479.0633544921875,318.98785400390625,246.397216796875,0.9989092350006104,358.1209716796875,211.82028198242188,0.9967580437660217,285.2017822265625,206.79354858398438,0.9955776929855347,398.4561767578125,227.24227905273438,0.9279646873474121,238.9501953125,216.69334411621094,0.9580598473548889,451.3616638183594,352.92193603515625,0.9989796280860901,154.40870666503906,364.05859375,0.993085503578186,573.4151611328125,464.79534912109375,0.6094978451728821,26.28997802734375,467.3257141113281,0.07927896827459335,556.428955078125,472.6964416503906,0.017337651923298836,111.37095642089844,445.34783935546875,0.006446773651987314,393.4626159667969,480.0,0.0006811717757955194,211.40061950683594,480.0,0.00036378338700160384,412.1593933105469,461.0238952636719,0.0010215698275715113,213.44219970703125,466.89447021484375,0.000730215513613075,386.7297058105469,467.5003662109375,0.00044834765139967203,244.3032989501953,456.825927734375,0.00045122759183868766
20,webcam-0__tcn__20260807-122153_raw_30fps,160,161,5.333333333333333,background,1,1,1,1,0,0,0,640,480,0.9455525279045105,0,0.0,79.24392700195312,604.3438720703125,479.078125,318.7083740234375,246.87908935546875,0.9989185333251953,358.19403076171875,211.92367553710938,0.9967087507247925,284.4942932128906,206.8927459716797,0.9951723217964172,398.59332275390625,227.32012939453125,0.9245713353157043,237.65869140625,216.81304931640625,0.9531026482582092,452.21356201171875,353.7568054199219,0.9989031553268433,154.12030029296875,365.1541442871094,0.9921108484268188,572.7090454101562,464.334716796875,0.5793788433074951,27.64337158203125,467.669921875,0.06463123112916946,558.4403076171875,473.3527526855469,0.0215196143835783,112.53581237792969,445.45819091796875,0.006718736607581377,395.5982971191406,480.0,0.0007234886870719492,212.21783447265625,480.0,0.00037847875501029193,414.93670654296875,460.8573913574219,0.0010946971597149968,216.3266143798828,466.515869140625,0.000788418052252382,389.794189453125,466.8934631347656,0.0004561691312119365,246.88870239257812,456.6069030761719,0.000467022939119488
20,webcam-0__tcn__20260807-122153_raw_30fps,161,162,5.366666666666666,background,1,1,1,1,0,0,0,640,480,0.9447849988937378,0,0.0,79.65591430664062,604.8154296875,479.07879638671875,318.71441650390625,246.8784942626953,0.9988803267478943,358.262939453125,211.970458984375,0.9966968297958374,284.5966796875,206.91262817382812,0.9952071309089661,398.827880859375,227.38800048828125,0.9268071055412292,237.9041290283203,216.76571655273438,0.953779399394989,451.83477783203125,353.790771484375,0.9988991022109985,154.8129119873047,364.95458984375,0.9923122525215149,572.1046142578125,465.18975830078125,0.5857967138290405,26.8575439453125,467.0434265136719,0.06743035465478897,558.6505737304688,473.16424560546875,0.02057856135070324,109.81224060058594,444.4783020019531,0.006548189092427492,395.1553955078125,480.0,0.0006876270053908229,212.3790283203125,480.0,0.0003624680684879422,414.5028076171875,460.8927001953125,0.0010763064492493868,215.91265869140625,466.9570617675781,0.0007701801951043308,389.17242431640625,466.830078125,0.00045224837958812714,246.21600341796875,456.443359375,0.00045802531531080604
20,webcam-0__tcn__20260807-122153_raw_30fps,162,163,5.4,background,1,1,1,1,0,0,0,640,480,0.9447860717773438,0,0.0,79.63751220703125,605.235107421875,479.03240966796875,318.7190246582031,246.86016845703125,0.9988638162612915,358.36480712890625,211.95162963867188,0.9967141151428223,284.61669921875,206.80621337890625,0.9952871799468994,399.0573425292969,227.41162109375,0.9259586930274963,237.82119750976562,216.5473175048828,0.9546182751655579,451.20098876953125,353.7300109863281,0.9989499449729919,156.24049377441406,364.3745422363281,0.9927056431770325,571.8639526367188,463.4122619628906,0.6124160289764404,26.918853759765625,466.3313903808594,0.07663936913013458,561.7822265625,474.3443908691406,0.019263871014118195,109.78924560546875,445.3602600097656,0.006769988685846329,395.3064270019531,480.0,0.0007188530871644616,213.57745361328125,480.0,0.00038385583320632577,415.07659912109375,461.0231628417969,0.001078990986570716,215.7908935546875,467.0370788574219,0.0007957810303196311,390.169921875,466.9599914550781,0.0004585431597661227,246.02862548828125,456.3298645019531,0.00047571235336363316
20,webcam-0__tcn__20260807-122153_raw_30fps,163,164,5.433333333333334,background,1,1,1,1,0,0,0,640,480,0.9439149498939514,0,0.0,80.0140380859375,604.8961791992188,479.05218505859375,319.94091796875,247.30972290039062,0.998814582824707,359.4391784667969,212.75265502929688,0.9966739416122437,285.768310546875,207.53477478027344,0.9953468441963196,400.65667724609375,226.819091796875,0.9260094165802002,238.67291259765625,215.90480041503906,0.9532374739646912,452.9385986328125,353.65765380859375,0.9988765120506287,157.8113555908203,364.0726013183594,0.9925732612609863,573.0526123046875,466.5537109375,0.546726644039154,28.7664794921875,466.4231262207031,0.07125312089920044,551.3828125,475.0151062011719,0.015824131667613983,111.7015380859375,444.3079528808594,0.006942930165678263,395.794921875,480.0,0.0007273114752024412,214.25770568847656,480.0,0.00039292723522521555,414.05389404296875,460.01593017578125,0.001070701633580029,214.71368408203125,466.37158203125,0.0007673063082620502,389.31719970703125,467.83416748046875,0.00048664258792996407,244.45684814453125,456.6684875488281,0.00047701262519694865
20,webcam-0__tcn__20260807-122153_raw_30fps,164,165,5.466666666666667,background,1,1,1,1,0,0,0,640,480,0.9440904259681702,0,0.137603759765625,80.42617797851562,605.657958984375,479.0950012207031,319.49285888671875,247.7684783935547,0.9986851811408997,358.1061096191406,214.51705932617188,0.9965835213661194,285.2451171875,208.70254516601562,0.9948377013206482,400.1586608886719,227.08621215820312,0.9274040460586548,238.07073974609375,215.29672241210938,0.9467686414718628,453.716552734375,354.4299011230469,0.9988970756530762,157.0052490234375,365.1041259765625,0.9927238821983337,572.516845703125,467.217529296875,0.5350922346115112,28.359710693359375,466.0277099609375,0.06946901232004166,553.4207153320312,476.5130310058594,0.015319152735173702,112.0643310546875,444.5541687011719,0.007047973107546568,394.8640441894531,480.0,0.0006809692131355405,213.45849609375,480.0,0.00037322554271668196,413.4533996582031,459.85516357421875,0.000977406743913889,214.1320037841797,466.27728271484375,0.0007001343765296042,388.6321716308594,467.5091857910156,0.0004948055138811469,243.70828247070312,456.12158203125,0.0004749047802761197
20,webcam-0__tcn__20260807-122153_raw_30fps,165,166,5.5,background,1,1,1,1,0,0,0,640,480,0.9424546360969543,0,0.0,80.7144775390625,606.322265625,479.0757141113281,319.6975402832031,247.82293701171875,0.9987024068832397,359.1337890625,214.23150634765625,0.9966269731521606,285.5161437988281,208.47677612304688,0.9950183629989624,401.9435729980469,226.88714599609375,0.9337261915206909,238.61505126953125,214.89468383789062,0.946423351764679,453.40484619140625,354.2621154785156,0.9988617897033691,158.82350158691406,363.98822021484375,0.9932870268821716,572.3211059570312,466.42584228515625,0.5538086891174316,28.281158447265625,464.767578125,0.07494311034679413,556.9141235351562,475.0379333496094,0.01966865174472332,111.20584106445312,443.88189697265625,0.007227626163512468,394.318115234375,480.0,0.0007113615283742547,213.7233123779297,480.0,0.00039308174746111035,412.790771484375,459.4207763671875,0.001022389275021851,213.68582153320312,465.387939453125,0.0007161395042203367,388.9527587890625,467.3984069824219,0.0005013754707761109,243.69000244140625,455.5207214355469,0.0004695105890277773
20,webcam-0__tcn__20260807-122153_raw_30fps,166,167,5.533333333333333,background,1,1,1,1,0,0,0,640,480,0.9444172978401184,0,0.0,81.675048828125,605.6959838867188,479.098388671875,321.9356384277344,247.7227325439453,0.9989282488822937,361.466796875,212.4696502685547,0.9969552755355835,287.8392333984375,207.1514892578125,0.9949337840080261,401.6903076171875,227.1484375,0.9250423908233643,241.03073120117188,216.02163696289062,0.9436858892440796,454.18353271484375,354.4868469238281,0.9987749457359314,157.06161499023438,365.360107421875,0.9928078651428223,572.23974609375,466.49652099609375,0.5127787590026855,28.804351806640625,465.5301208496094,0.07070749998092651,550.238525390625,476.6394958496094,0.012090340256690979,107.05091857910156,444.6380920410156,0.006258836481720209,396.4418029785156,480.0,0.0007048498373478651,213.48944091796875,480.0,0.00038810312980785966,411.7857666015625,459.1605224609375,0.0010756293777376413,214.4084014892578,465.8243408203125,0.0007825717329978943,386.2037658691406,466.7701416015625,0.00047348314546979964,244.2386016845703,455.9222412109375,0.00046986385132186115
20,webcam-0__tcn__20260807-122153_raw_30fps,167,168,5.566666666666666,background,1,1,1,1,0,0,0,640,480,0.9438736438751221,0,0.0,81.92626953125,606.208251953125,479.0932312011719,322.7225646972656,247.6622314453125,0.9989163875579834,362.4959716796875,212.4116668701172,0.9966951608657837,288.62786865234375,207.07626342773438,0.9955558180809021,402.49468994140625,227.25152587890625,0.9190081357955933,241.41571044921875,216.0001220703125,0.9574706554412842,454.681640625,354.1834716796875,0.9987632036209106,157.0373077392578,365.5528564453125,0.9926177859306335,572.7647094726562,466.90142822265625,0.5100849270820618,30.201019287109375,466.388427734375,0.06403391808271408,551.8956298828125,476.4637756347656,0.012774885632097721,109.62274169921875,443.7832946777344,0.00576526764780283,395.88299560546875,480.0,0.0006610431591980159,212.57321166992188,480.0,0.0003591722634155303,411.51397705078125,459.40234375,0.0010459556942805648,214.65103149414062,465.57244873046875,0.0007720841094851494,387.1021728515625,466.9681396484375,0.00047285351320169866,244.38511657714844,456.40802001953125,0.0004822598129976541
20,webcam-0__tcn__20260807-122153_raw_30fps,168,169,5.6,background,1,1,1,1,0,0,0,640,480,0.9454220533370972,0,0.0,82.0596923828125,606.5822143554688,479.067626953125,322.9784851074219,247.39849853515625,0.9989573955535889,362.8079833984375,211.84373474121094,0.9968984127044678,289.1312255859375,206.46322631835938,0.9953464865684509,403.0319519042969,226.73004150390625,0.9246336221694946,242.46461486816406,215.26828002929688,0.9537805914878845,455.1038513183594,354.77545166015625,0.9987667798995972,155.6522216796875,366.45318603515625,0.9922178983688354,572.4105224609375,466.6285400390625,0.5238065719604492,29.016357421875,467.97589111328125,0.05767468735575676,554.2969360351562,476.89093017578125,0.013386284932494164,112.16786193847656,444.9576416015625,0.005860002711415291,394.92584228515625,480.0,0.0007367458310909569,210.945068359375,480.0,0.00039045739686116576,412.01434326171875,459.571044921875,0.0010832227999344468,215.47964477539062,466.19158935546875,0.0008303073700517416,387.14129638671875,466.13232421875,0.0004588776791933924,244.88941955566406,456.28106689453125,0.0004973464529030025
20,webcam-0__tcn__20260807-122153_raw_30fps,169,170,5.633333333333334,background,1,1,1,1,0,0,0,640,480,0.9433252215385437,0,0.521881103515625,81.53656005859375,603.897705078125,479.09954833984375,323.3082580566406,247.6920928955078,0.9988563060760498,362.84735107421875,212.05050659179688,0.996728777885437,288.9749755859375,206.68382263183594,0.9957054257392883,402.9190979003906,227.31378173828125,0.9196544885635376,241.82504272460938,216.12474060058594,0.9605712294578552,454.2861328125,352.86572265625,0.9988407492637634,158.0432891845703,364.1100158691406,0.993084192276001,574.0648193359375,466.6721496582031,0.5835333466529846,27.753997802734375,466.60028076171875,0.08070652186870575,549.3773193359375,475.33758544921875,0.01602390594780445,110.87742614746094,444.2875671386719,0.006539583671838045,393.95574951171875,480.0,0.0006735700881108642,211.5413055419922,480.0,0.00036364170955494046,410.86419677734375,460.5955810546875,0.0010437807068228722,212.33465576171875,466.8579406738281,0.0007749503129161894,384.513671875,467.0069274902344,0.00045813925680704415,241.82818603515625,456.43304443359375,0.0004715787945315242
20,webcam-0__tcn__20260807-122153_raw_30fps,170,171,5.666666666666667,background,1,1,1,1,0,0,0,640,480,0.9444797039031982,0,0.0,81.2408447265625,603.2166137695312,479.09088134765625,323.51416015625,247.74244689941406,0.9988609552383423,363.00311279296875,211.98260498046875,0.9968276619911194,288.9473876953125,207.011474609375,0.9959549903869629,403.01885986328125,227.08749389648438,0.9169648289680481,241.7630615234375,216.6958465576172,0.9600540995597839,453.58502197265625,352.09771728515625,0.9988704323768616,159.74462890625,361.8643493652344,0.9933772683143616,574.1880493164062,465.07574462890625,0.594496488571167,27.688262939453125,464.21661376953125,0.09751925617456436,547.8610229492188,475.4060974121094,0.01295395102351904,105.84683227539062,444.8014221191406,0.006775383371859789,393.2025146484375,480.0,0.0007559442310594022,212.19110107421875,480.0,0.0004162946133874357,410.38372802734375,460.61920166015625,0.0010657167294993997,212.1707763671875,466.01324462890625,0.0008215428097173572,384.033447265625,467.45684814453125,0.0004809947859030217,240.45008850097656,456.230712890625,0.0005104946321807802
20,webcam-0__tcn__20260807-122153_raw_30fps,171,172,5.7,background,1,1,1,1,0,0,0,640,480,0.9444659948348999,0,0.46868896484375,80.935791015625,603.8020629882812,479.05328369140625,323.6302185058594,247.59164428710938,0.9988434314727783,362.9851989746094,211.9862518310547,0.9965444207191467,289.0333251953125,206.92916870117188,0.9959549903869629,402.76873779296875,227.27325439453125,0.9107087254524231,241.4962921142578,216.78189086914062,0.9635253548622131,453.7581481933594,352.47955322265625,0.9988465309143066,159.2664794921875,362.7850646972656,0.9929157495498657,575.0303344726562,467.7049560546875,0.5728838443756104,29.0369873046875,465.56817626953125,0.07977771013975143,552.625732421875,473.75665283203125,0.016689861193299294,109.99623107910156,443.36773681640625,0.006442896090447903,394.04400634765625,480.0,0.0006862623267807066,212.66287231445312,480.0,0.00037358366535045207,411.478759765625,459.680419921875,0.0010547678684815764,213.4974822998047,465.16845703125,0.000772898318246007,386.422119140625,467.0539245605469,0.00047655359958298504,242.55088806152344,455.7128601074219,0.00048088477342389524
20,webcam-0__tcn__20260807-122153_raw_30fps,172,173,5.733333333333333,background,1,1,1,1,0,0,0,640,480,0.9452024102210999,0,0.902191162109375,81.6519775390625,603.6835327148438,479.03326416015625,323.6123962402344,248.41049194335938,0.9988318085670471,362.8340148925781,212.3046417236328,0.996518611907959,289.0915832519531,207.45416259765625,0.9959034323692322,402.4403076171875,226.55685424804688,0.9076559543609619,241.83168029785156,216.54376220703125,0.9613909125328064,453.42742919921875,351.7288818359375,0.998880922794342,158.60809326171875,363.293701171875,0.9930251836776733,575.6783447265625,467.8927307128906,0.5886436700820923,28.340179443359375,465.9383239746094,0.08204291760921478,552.4227294921875,474.3238525390625,0.01550204772502184,107.29859924316406,444.880615234375,0.006077101919800043,394.78997802734375,480.0,0.000632330949883908,213.29290771484375,480.0,0.00033674840233288705,411.96832275390625,460.4803466796875,0.0010271011851727962,213.6732177734375,466.16400146484375,0.0007105802651494741,386.1951904296875,467.4649353027344,0.00046800138079561293,242.8185577392578,456.43890380859375,0.000448292528744787
20,webcam-0__tcn__20260807-122153_raw_30fps,173,174,5.766666666666667,background,1,1,1,1,0,0,0,640,480,0.9448455572128296,0,1.04718017578125,81.87368774414062,605.3989868164062,479.02398681640625,323.7690124511719,248.1775360107422,0.9989047050476074,363.10015869140625,212.3603515625,0.996683657169342,288.9324645996094,207.224609375,0.9960570335388184,402.80517578125,227.101318359375,0.9094296097755432,240.88323974609375,216.60342407226562,0.9639953970909119,454.06805419921875,352.6089172363281,0.9988341927528381,156.91928100585938,364.9188537597656,0.9926621913909912,574.7819213867188,467.1817626953125,0.5554589033126831,28.15673828125,467.6114501953125,0.06724733114242554,554.7234497070312,474.88702392578125,0.016021912917494774,109.12156677246094,443.468017578125,0.005917102098464966,394.8158874511719,480.0,0.0006433114758692682,212.27134704589844,480.0,0.00033962586894631386,412.0117492675781,459.38037109375,0.0010475257877260447,213.92294311523438,465.39093017578125,0.0007388610392808914,387.19818115234375,466.31768798828125,0.00046353472862392664,243.39346313476562,455.35882568359375,0.0004627424932550639
20,webcam-0__tcn__20260807-122153_raw_30fps,174,175,5.8,background,1,1,1,1,0,0,0,640,480,0.9442743062973022,0,1.1917724609375,81.3743896484375,605.346435546875,479.0167541503906,323.8775939941406,248.18597412109375,0.998845100402832,363.2069396972656,212.3761749267578,0.9965677261352539,288.9287109375,207.13763427734375,0.9962483048439026,402.9337463378906,227.13229370117188,0.9084094166755676,240.599365234375,216.47181701660156,0.9685368537902832,453.7486572265625,352.4579772949219,0.9988524913787842,157.21530151367188,365.0843200683594,0.9928760528564453,574.9542846679688,466.69049072265625,0.5719552636146545,29.109649658203125,467.6849670410156,0.07396391779184341,550.0665283203125,476.3516845703125,0.014538836665451527,110.09388732910156,444.49249267578125,0.006175154820084572,395.56134033203125,480.0,0.0006545609794557095,213.32928466796875,480.0,0.0003479052393231541,412.8904113769531,459.6099853515625,0.0010323121678084135,214.28811645507812,465.7271728515625,0.0007400967297144234,387.3787841796875,466.9801025390625,0.000469516176963225,243.50772094726562,456.016357421875,0.00047798140440136194
20,webcam-0__tcn__20260807-122153_raw_30fps,175,176,5.833333333333333,background,1,1,1,1,0,0,0,640,480,0.9437549114227295,0,1.121368408203125,81.26983642578125,607.4241943359375,479.010009765625,323.93450927734375,248.12225341796875,0.9988501071929932,363.3076477050781,212.36679077148438,0.9965583682060242,289.0382080078125,207.087158203125,0.9961352348327637,403.2161865234375,227.45375061035156,0.9108402132987976,240.7320556640625,216.67141723632812,0.9684061408042908,453.9308776855469,353.0851745605469,0.9988180994987488,156.90679931640625,366.11309814453125,0.9925394654273987,573.4400634765625,465.4394836425781,0.5638684630393982,29.72576904296875,467.8442687988281,0.06553156673908234,551.559814453125,477.474365234375,0.014593579806387424,113.09494018554688,444.7388610839844,0.005825717933475971,396.46197509765625,480.0,0.0007155514322221279,213.99514770507812,480.0,0.000371778616681695,414.24957275390625,459.41082763671875,0.0010854278225451708,216.49749755859375,465.6236572265625,0.0007726994808763266,389.2110595703125,466.6390380859375,0.0004759330186061561,245.865966796875,455.7724304199219,0.0004904778907075524
20,webcam-0__tcn__20260807-122153_raw_30fps,176,177,5.866666666666666,background,1,1,1,1,0,0,0,640,480,0.9439995884895325,0,1.074432373046875,81.55636596679688,608.01123046875,479.0328369140625,324.06689453125,248.45822143554688,0.9988948702812195,363.96051025390625,213.35830688476562,0.9965971112251282,289.727294921875,207.76861572265625,0.9960111379623413,403.3606872558594,228.92990112304688,0.9079313278198242,241.58192443847656,217.190185546875,0.9654094576835632,453.85174560546875,352.65069580078125,0.9988276362419128,158.4100799560547,364.7211608886719,0.9921358823776245,574.7789916992188,465.5411682128906,0.5689554810523987,30.2913818359375,466.2202453613281,0.06574822962284088,558.06201171875,477.1416320800781,0.017454616725444794,112.78953552246094,444.93011474609375,0.006259880028665066,395.7858581542969,480.0,0.0006734106573276222,213.65176391601562,480.0,0.00034769863123074174,413.951904296875,459.7691955566406,0.0010507075348868966,215.48089599609375,464.8283386230469,0.0007546378765255213,389.6488952636719,466.61236572265625,0.0004879406187683344,244.18389892578125,455.8402099609375,0.0004989749286323786
20,webcam-0__tcn__20260807-122153_raw_30fps,177,178,5.9,background,1,1,1,1,0,0,0,640,480,0.9439219832420349,0,0.953765869140625,82.2393798828125,606.9600219726562,479.0435485839844,324.26593017578125,248.33038330078125,0.9988877177238464,364.0408020019531,213.69334411621094,0.9966772794723511,289.9382629394531,207.92776489257812,0.9959975481033325,403.1278076171875,228.51156616210938,0.9079151153564453,241.3911895751953,216.50665283203125,0.9654256105422974,453.7940673828125,352.3592529296875,0.9987799525260925,158.28271484375,364.7801513671875,0.9926406741142273,575.484130859375,466.7820129394531,0.5292033553123474,29.41229248046875,466.7772521972656,0.06901231408119202,553.8821411132812,475.6957702636719,0.0168535728007555,111.33062744140625,445.67535400390625,0.006626887246966362,396.6255798339844,480.0,0.0006549808895215392,214.3309326171875,480.0,0.00034864680492319167,414.7412109375,459.80303955078125,0.001054106280207634,215.81008911132812,465.79766845703125,0.0007371088722720742,390.3639831542969,467.8729553222656,0.0005058124661445618,245.06265258789062,456.8435974121094,0.0004903242806904018
20,webcam-0__tcn__20260807-122153_raw_30fps,178,179,5.933333333333334,background,1,1,1,1,0,0,0,640,480,0.9441612362861633,0,1.360992431640625,81.80020141601562,606.3995361328125,479.008056640625,324.2245788574219,248.48638916015625,0.9988300204277039,364.0333251953125,213.7093505859375,0.9967531561851501,289.9671936035156,207.91769409179688,0.9957809448242188,403.5315246582031,228.68014526367188,0.9114900827407837,241.78482055664062,216.5227813720703,0.9611911177635193,453.3077697753906,352.0679016113281,0.9988732933998108,161.61195373535156,362.62652587890625,0.9931951761245728,575.3609619140625,465.8936462402344,0.5700938105583191,28.940399169921875,465.98541259765625,0.08809332549571991,552.9532470703125,476.48284912109375,0.016477668657898903,111.69332885742188,447.34796142578125,0.007382754236459732,396.45074462890625,480.0,0.000670198816806078,215.6710205078125,480.0,0.0003616881149355322,415.0711669921875,460.8699951171875,0.0010427773231640458,213.8182373046875,465.9637756347656,0.0007507756818085909,390.06982421875,468.5769958496094,0.0005098687252029777,242.72262573242188,456.8067321777344,0.0004990919260308146
20,webcam-0__tcn__20260807-122153_raw_30fps,179,180,5.966666666666667,background,1,1,1,1,0,0,0,640,480,0.9435662627220154,0,1.2615966796875,82.71725463867188,607.9027099609375,478.990234375,324.31817626953125,248.65000915527344,0.9989431500434875,364.3768005371094,214.19186401367188,0.9967756867408752,290.2373046875,208.3553924560547,0.9957852959632874,403.6000061035156,229.22238159179688,0.9069784879684448,241.895263671875,216.88687133789062,0.9603332281112671,452.94903564453125,352.04833984375,0.9988933205604553,160.116943359375,364.20849609375,0.9923645257949829,573.9609375,465.91510009765625,0.5760113000869751,30.40252685546875,468.1219177246094,0.06958062946796417,557.0687866210938,476.28509521484375,0.01786774769425392,114.20924377441406,445.74359130859375,0.007110762409865856,395.99383544921875,480.0,0.0007277271943166852,214.41001892089844,480.0,0.0003719466913025826,415.3240661621094,460.2286376953125,0.0010640424443408847,215.55043029785156,465.3754577636719,0.0007695782114751637,391.1547546386719,467.47430419921875,0.000498914800118655,244.3306427001953,456.39892578125,0.0005118527915328741
20,webcam-0__tcn__20260807-122153_raw_30fps,180,181,6.0,background,1,1,1,1,0,0,0,640,480,0.9436384439468384,0,1.03387451171875,82.6541748046875,608.401123046875,478.99993896484375,324.383056640625,248.61827087402344,0.9989515542984009,364.43756103515625,214.09291076660156,0.9966995120048523,290.1722412109375,208.36117553710938,0.9959625601768494,403.76251220703125,229.36416625976562,0.9050530195236206,241.76416015625,217.2771453857422,0.9621849060058594,453.2035217285156,352.4480895996094,0.9988783001899719,159.899169921875,364.4540710449219,0.9923123717308044,574.74169921875,466.15936279296875,0.5682735443115234,30.94842529296875,467.8681945800781,0.0661381185054779,554.7999267578125,477.0727233886719,0.016811368986964226,113.58332824707031,445.11199951171875,0.006574004888534546,396.45843505859375,480.0,0.0007813728298060596,214.90948486328125,480.0,0.000398432370275259,415.9866638183594,460.3181457519531,0.0010972776217386127,215.57086181640625,465.5523681640625,0.0007886051316745579,392.19775390625,467.8731384277344,0.000496630382258445,244.80520629882812,456.7958984375,0.0005106455064378679
20,webcam-0__tcn__20260807-122153_raw_30fps,181,182,6.033333333333333,background,1,1,1,1,0,0,0,640,480,0.9424110651016235,0,0.782867431640625,81.549072265625,607.27197265625,479.0550231933594,324.6365661621094,248.78797912597656,0.9989616870880127,364.92169189453125,213.23220825195312,0.9967473745346069,289.86968994140625,207.32635498046875,0.9959331154823303,404.0008544921875,228.41824340820312,0.9003475308418274,240.68582153320312,216.06549072265625,0.963878870010376,452.5602722167969,352.8164978027344,0.9988501071929932,157.54551696777344,365.24468994140625,0.9920359253883362,574.9105224609375,465.9400634765625,0.5503194332122803,30.98712158203125,468.46197509765625,0.06301738321781158,549.521240234375,477.1519470214844,0.014447634108364582,117.00576782226562,442.80877685546875,0.006562648806720972,395.0133361816406,480.0,0.0007360258605331182,212.76016235351562,480.0,0.0003829105116892606,412.31866455078125,459.51141357421875,0.0010275053791701794,214.74847412109375,465.24609375,0.0007908344850875437,387.2087707519531,466.75030517578125,0.0004677962278947234,243.97381591796875,456.3384094238281,0.0005120123387314379
20,webcam-0__tcn__20260807-122153_raw_30fps,182,183,6.066666666666666,background,1,1,1,1,0,0,0,640,480,0.943347692489624,0,0.0,80.7113037109375,609.0673828125,479.033203125,325.19482421875,248.30712890625,0.9989455342292786,365.1513366699219,212.55062866210938,0.9968720078468323,290.26422119140625,206.77197265625,0.9958140254020691,403.3589782714844,228.2540740966797,0.8939018249511719,240.85366821289062,216.21621704101562,0.9608855843544006,453.3648681640625,352.6060791015625,0.9988320469856262,159.5674591064453,362.1549072265625,0.9926967024803162,576.0572509765625,466.63275146484375,0.5422043800354004,28.213409423828125,465.0223083496094,0.08514967560768127,555.7174072265625,477.39910888671875,0.014228831976652145,110.03569030761719,443.76959228515625,0.007231062278151512,396.3883972167969,480.0,0.0007043744553811848,214.21664428710938,480.0,0.0004025587113574147,411.8288879394531,460.13275146484375,0.0010560357477515936,211.94680786132812,464.8989562988281,0.0008660172461532056,386.3200988769531,466.4980163574219,0.0004781268071383238,240.9815673828125,455.51416015625,0.0005248419474810362
20,webcam-0__tcn__20260807-122153_raw_30fps,183,184,6.1,background,1,1,1,1,0,0,0,640,480,0.9425382018089294,0,0.0,81.266845703125,607.182373046875,479.033203125,325.4264221191406,248.05099487304688,0.9989032745361328,365.4585266113281,212.42852783203125,0.9966490864753723,290.6255187988281,206.7373809814453,0.9959314465522766,403.5019226074219,228.3267822265625,0.8902440667152405,241.33038330078125,216.42129516601562,0.9646236896514893,452.9500732421875,351.77020263671875,0.9988755583763123,161.00210571289062,361.9563293457031,0.9930253028869629,576.0661010742188,466.7911682128906,0.5822317600250244,28.218841552734375,465.433349609375,0.09388463944196701,555.1878662109375,476.6809997558594,0.016646677628159523,110.20166015625,444.15338134765625,0.007743685971945524,396.6474914550781,480.0,0.0007166259456425905,215.35040283203125,480.0,0.00040391815127804875,413.1490478515625,460.5465393066406,0.0010763067984953523,212.07818603515625,465.4217224121094,0.0008640762534923851,387.58331298828125,467.27716064453125,0.000488300749566406,241.04356384277344,456.291259765625,0.0005299621843732893
20,webcam-0__tcn__20260807-122153_raw_30fps,184,185,6.133333333333334,background,1,1,1,1,0,0,0,640,480,0.9429054260253906,0,0.294525146484375,81.28536987304688,607.0217895507812,479.031494140625,325.2373962402344,248.27838134765625,0.9988746047019958,365.247314453125,212.35482788085938,0.996752917766571,290.33758544921875,206.6380157470703,0.9959409236907959,403.8271484375,228.49072265625,0.8976986408233643,241.29901123046875,216.52130126953125,0.9646075367927551,453.1081848144531,351.6720886230469,0.9989132881164551,161.8822784423828,361.3338317871094,0.9933382272720337,575.64892578125,464.0664367675781,0.6024249196052551,28.202239990234375,465.3523864746094,0.10120531916618347,557.3469848632812,478.9727783203125,0.01399697083979845,111.070556640625,445.5462646484375,0.007311397232115269,397.39154052734375,480.0,0.0008054276113398373,216.77557373046875,480.0,0.0004566512070596218,414.19586181640625,460.8800048828125,0.0010983172105625272,213.69204711914062,465.3255615234375,0.0009210206917487085,388.8111267089844,467.2840270996094,0.00048819187213666737,242.488037109375,456.0121154785156,0.0005591417429968715
20,webcam-0__tcn__20260807-122153_raw_30fps,185,186,6.166666666666667,background,1,1,1,1,0,0,0,640,480,0.9441786408424377,0,0.766571044921875,81.02102661132812,608.6351318359375,478.9770812988281,325.21868896484375,248.0716552734375,0.9989295601844788,365.2713317871094,212.18951416015625,0.9967352747917175,290.3059997558594,206.4310302734375,0.9959190487861633,404.51641845703125,228.2190399169922,0.9026781320571899,241.4243927001953,216.23971557617188,0.9641509652137756,454.59429931640625,352.078857421875,0.9988749623298645,159.52610778808594,363.55621337890625,0.9926227331161499,575.3008422851562,465.725341796875,0.5979956388473511,28.977874755859375,467.2969970703125,0.07636567950248718,558.2569580078125,477.8629150390625,0.019051482900977135,114.72892761230469,444.32861328125,0.006929369177669287,397.2977294921875,480.0,0.000802693422883749,214.89535522460938,480.0,0.00042617350118234754,416.3686828613281,460.576416015625,0.0011334664886817336,215.29525756835938,465.5783996582031,0.0008785754325799644,391.0703430175781,466.69775390625,0.0004769498482346535,244.85488891601562,456.17742919921875,0.0005226366338320076
20,webcam-0__tcn__20260807-122153_raw_30fps,186,187,6.2,background,1,1,1,1,0,0,0,640,480,0.9442086219787598,0,0.4669189453125,80.37640380859375,607.7987670898438,479.03009033203125,324.9507751464844,247.919677734375,0.9989074468612671,365.1417236328125,212.07916259765625,0.9966778755187988,290.02557373046875,206.50079345703125,0.9958164095878601,404.799072265625,228.40509033203125,0.906410276889801,241.48162841796875,216.73114013671875,0.9620773196220398,454.6750183105469,352.2017517089844,0.9988710284233093,160.53814697265625,363.05670166015625,0.9929800629615784,575.0603637695312,466.8655700683594,0.6072545051574707,28.24468994140625,466.5938720703125,0.08295619487762451,557.5138549804688,477.744140625,0.02001611329615116,112.566162109375,444.49505615234375,0.0069781700149178505,397.5497131347656,480.0,0.0007424579816870391,215.56410217285156,480.0,0.00039976052357815206,415.3802795410156,461.00775146484375,0.001110416604205966,214.7476043701172,465.728515625,0.0008478540694341063,390.14996337890625,467.1029052734375,0.00047399327741004527,244.10775756835938,456.30499267578125,0.0005046237492933869
20,webcam-0__tcn__20260807-122153_raw_30fps,187,188,6.233333333333333,background,1,1,1,1,0,0,0,640,480,0.9435201287269592,0,0.0,80.31198120117188,606.8709716796875,479.0163879394531,323.5409240722656,249.5589599609375,0.9988000392913818,362.61383056640625,214.9097442626953,0.996242880821228,288.9818420410156,209.72415161132812,0.9958125948905945,403.27728271484375,227.85140991210938,0.9035889506340027,241.13194274902344,217.2444305419922,0.9604137539863586,454.02020263671875,351.75341796875,0.9989043474197388,160.4561309814453,363.8587341308594,0.9933924078941345,574.9615478515625,467.2980651855469,0.6184324622154236,29.2900390625,466.93707275390625,0.08617646247148514,557.71826171875,477.04400634765625,0.02166544646024704,112.91087341308594,443.93780517578125,0.007252649404108524,396.7274169921875,480.0,0.0007277698023244739,215.80059814453125,480.0,0.00039180510793812573,416.1400146484375,460.15814208984375,0.0010894736042246222,213.44769287109375,465.95892333984375,0.0007623127894476056,391.5218811035156,467.38946533203125,0.0004927595146000385,243.73123168945312,456.1146545410156,0.0004704159509856254
20,webcam-0__tcn__20260807-122153_raw_30fps,188,189,6.266666666666667,background,1,1,1,1,0,0,0,640,480,0.9411566257476807,0,0.0,81.2052001953125,606.1691284179688,479.02606201171875,323.0587463378906,249.72242736816406,0.9988395571708679,361.95086669921875,215.16009521484375,0.9964960217475891,288.4029235839844,209.99166870117188,0.9957218170166016,402.80987548828125,227.64813232421875,0.9062262177467346,240.56683349609375,217.16265869140625,0.9544423222541809,454.03692626953125,352.19696044921875,0.9989365935325623,161.1005859375,363.478271484375,0.9934811592102051,574.744873046875,467.2054443359375,0.6314918398857117,29.503448486328125,465.89013671875,0.09821313619613647,556.4601440429688,476.9139709472656,0.0200505293905735,112.69300842285156,445.24090576171875,0.007428748998790979,396.4975891113281,480.0,0.0007841356564313173,216.13894653320312,480.0,0.0004318148421589285,416.1034851074219,460.5341491699219,0.0010880344780161977,212.88580322265625,466.4730224609375,0.0007785951602272689,391.1191101074219,468.1755065917969,0.0004991749301552773,242.9448699951172,456.7360534667969,0.0004788303340319544
20,webcam-0__tcn__20260807-122153_raw_30fps,189,190,6.3,background,1,1,1,1,0,0,0,640,480,0.941817581653595,0,0.0,81.38998413085938,606.1541748046875,479.05072021484375,322.8301696777344,250.45877075195312,0.9987731575965881,361.7156066894531,215.796142578125,0.9962479472160339,288.03753662109375,211.04774475097656,0.9955370426177979,402.7825927734375,228.267822265625,0.9054827094078064,240.3032684326172,218.61953735351562,0.9524012207984924,453.7597351074219,352.0146484375,0.9989074468612671,162.2888946533203,362.3611755371094,0.993330180644989,574.8768920898438,468.3046875,0.6015728116035461,29.941619873046875,465.7354736328125,0.09854049980640411,554.3434448242188,476.2021484375,0.019928667694330215,113.28176879882812,445.1043395996094,0.007899896241724491,396.0348205566406,480.0,0.0007533352472819388,216.34007263183594,480.0,0.00041698908898979425,415.0810241699219,460.5951843261719,0.0010513869347050786,211.58908081054688,465.5072326660156,0.0007321620942093432,390.79791259765625,469.01116943359375,0.0005097618559375405,241.2390594482422,457.0093078613281,0.00046823880984447896
20,webcam-0__tcn__20260807-122153_raw_30fps,190,191,6.333333333333333,background,1,1,1,1,0,0,0,640,480,0.9394143223762512,0,0.0,82.29525756835938,606.033935546875,479.0459289550781,322.17718505859375,250.52947998046875,0.9987528324127197,361.0723571777344,215.74484252929688,0.9961938858032227,287.7332763671875,211.01467895507812,0.9953658580780029,402.56634521484375,227.88497924804688,0.9110220074653625,240.808349609375,218.1461181640625,0.9487686157226562,453.6329345703125,352.1454162597656,0.9989333748817444,163.25840759277344,361.7870178222656,0.9936543703079224,575.1502685546875,468.43658447265625,0.6096858382225037,30.086761474609375,465.4319763183594,0.10637357085943222,555.77587890625,475.93157958984375,0.020453443750739098,113.17990112304688,445.66925048828125,0.008018826134502888,395.10382080078125,480.0,0.0007403105264529586,215.96112060546875,480.0,0.0004120597441215068,414.6944580078125,460.51513671875,0.001058362191542983,211.22869873046875,465.3463134765625,0.0007271389476954937,390.2802429199219,468.92388916015625,0.0005140774883329868,240.6868438720703,456.9754333496094,0.0004562387184705585
20,webcam-0__tcn__20260807-122153_raw_30fps,191,192,6.366666666666666,background,1,1,1,1,0,0,0,640,480,0.9423636198043823,0,0.0,81.8905029296875,605.9134521484375,479.07037353515625,321.019775390625,251.534423828125,0.9987143278121948,359.94024658203125,215.87118530273438,0.9961169958114624,286.4966735839844,211.25830078125,0.9951156377792358,401.7744140625,227.83639526367188,0.912492036819458,240.06687927246094,218.41610717773438,0.9429163336753845,453.8746032714844,351.8372497558594,0.9989035129547119,163.50424194335938,361.79931640625,0.9933738708496094,576.810791015625,467.9082336425781,0.5888805985450745,30.634002685546875,466.38629150390625,0.10255549848079681,549.9766845703125,474.85955810546875,0.02018275484442711,114.35015869140625,445.5171813964844,0.008092421106994152,395.07757568359375,480.0,0.0007394093554466963,215.3958282470703,480.0,0.000407020008424297,414.014404296875,459.96820068359375,0.0010870653204619884,210.85626220703125,464.6501159667969,0.0007257844554260373,389.1833801269531,469.0653076171875,0.0005130676436237991,240.03253173828125,456.9078369140625,0.00044595389044843614
20,webcam-0__tcn__20260807-122153_raw_30fps,192,193,6.4,background,1,1,1,1,0,0,0,640,480,0.9423531293869019,0,0.0,80.49972534179688,604.7083129882812,479.0544128417969,320.7013244628906,250.89013671875,0.998746395111084,359.4676513671875,215.84881591796875,0.9963690042495728,286.3466796875,211.17161560058594,0.9950432777404785,401.97979736328125,227.5696258544922,0.9251169562339783,240.13192749023438,218.01446533203125,0.9408780336380005,453.2962646484375,352.401611328125,0.9989058971405029,162.142822265625,362.6782531738281,0.9932984709739685,575.6104736328125,468.17340087890625,0.5969569683074951,30.94708251953125,466.1722717285156,0.0939921885728836,550.5213623046875,474.9072265625,0.0221765898168087,113.09317016601562,446.4546203613281,0.007840843871235847,393.8045349121094,480.0,0.0007447035168297589,214.27239990234375,480.0,0.0004002619825769216,414.7489013671875,459.9208679199219,0.0011028763838112354,211.593505859375,465.29193115234375,0.0007122062961570919,389.5975036621094,468.98480224609375,0.000504339812323451,240.73623657226562,457.00506591796875,0.0004319956060498953
20,webcam-0__tcn__20260807-122153_raw_30fps,193,194,6.433333333333334,background,1,1,1,1,0,0,0,640,480,0.9443360567092896,0,0.98101806640625,80.76422119140625,609.3136596679688,479.0599060058594,320.6600341796875,251.64566040039062,0.9988646507263184,359.3780212402344,216.2288360595703,0.996557891368866,286.3565979003906,211.42465209960938,0.9952414035797119,401.1951904296875,226.9357147216797,0.9208146929740906,239.9286346435547,217.2223663330078,0.9437828660011292,454.8255615234375,352.4616394042969,0.9989475607872009,157.42111206054688,365.1778259277344,0.9925382733345032,574.6152954101562,466.27740478515625,0.5833861231803894,31.781524658203125,467.1723327636719,0.07077609747648239,551.0519409179688,476.3279113769531,0.01673002913594246,116.36001586914062,444.9283752441406,0.007090426981449127,396.0093078613281,480.0,0.0007556576747447252,213.70277404785156,480.0,0.00039094456587918103,417.03057861328125,459.0211181640625,0.001050138147547841,215.02215576171875,465.47430419921875,0.0006995935109443963,391.3388977050781,467.18310546875,0.000472463812911883,245.19537353515625,455.8340759277344,0.00043454390834085643
20,webcam-0__tcn__20260807-122153_raw_30fps,194,195,6.466666666666667,background,1,1,1,1,0,0,0,640,480,0.9423618316650391,0,0.656341552734375,80.60861206054688,609.5258178710938,479.0933837890625,319.642333984375,252.42166137695312,0.9988473653793335,358.7530517578125,216.9901123046875,0.9964809417724609,285.2297058105469,212.2948760986328,0.995567262172699,400.57672119140625,227.8055419921875,0.91762375831604,238.4871826171875,218.2222900390625,0.9477167725563049,454.3450622558594,352.43804931640625,0.9989206790924072,158.20887756347656,364.6628723144531,0.9922531247138977,574.9478759765625,464.7618103027344,0.5686493515968323,31.82574462890625,465.9501647949219,0.07315585762262344,551.3245239257812,477.5126647949219,0.014425347559154034,114.41351318359375,444.362060546875,0.007028940599411726,394.5674133300781,480.0,0.0007759856525808573,212.97775268554688,480.0,0.0004133421170990914,412.3740234375,458.35400390625,0.0010335122933611274,212.73049926757812,464.600830078125,0.0007275128737092018,387.35137939453125,466.76397705078125,0.0004942528321407735,241.81759643554688,455.4343566894531,0.0004756856360472739
20,webcam-0__tcn__20260807-122153_raw_30fps,195,196,6.5,background,1,1,1,1,0,0,0,640,480,0.9432015419006348,0,0.0,82.0159912109375,604.9805908203125,479.09368896484375,319.26873779296875,252.092041015625,0.998816967010498,358.4925231933594,217.02877807617188,0.996461808681488,285.08551025390625,212.19186401367188,0.9957277774810791,400.588623046875,228.0926971435547,0.921493649482727,238.6648406982422,218.180908203125,0.9501202702522278,454.2362060546875,352.0245666503906,0.9989374279975891,158.007568359375,364.7650146484375,0.99294513463974,575.3527221679688,466.08294677734375,0.5985056161880493,30.364898681640625,465.95867919921875,0.08277387917041779,547.1519165039062,476.10418701171875,0.01522696204483509,109.81941223144531,445.4564208984375,0.006902340799570084,396.02081298828125,480.0,0.0007348210783675313,214.50375366210938,480.0,0.00039081339491531253,414.1761474609375,458.5162353515625,0.0010518217459321022,212.94085693359375,465.2176208496094,0.0006956831202842295,388.46337890625,467.7464599609375,0.0004917277838103473,242.45748901367188,456.5067138671875,0.000447668629931286
20,webcam-0__tcn__20260807-122153_raw_30fps,196,197,6.533333333333333,background,1,1,1,1,0,0,0,640,480,0.9431592226028442,0,0.04925537109375,82.13800048828125,607.001708984375,479.114501953125,319.1324768066406,252.17987060546875,0.998723566532135,358.360107421875,217.049560546875,0.9963454604148865,284.8450927734375,212.3736114501953,0.9956244826316833,400.3497009277344,228.0874786376953,0.9228776693344116,238.33349609375,218.45196533203125,0.9504812359809875,453.641357421875,351.7221374511719,0.9989659786224365,161.1587677001953,362.6246032714844,0.9934985637664795,575.1548461914062,467.2834167480469,0.5970566868782043,28.745361328125,464.86273193359375,0.09897401183843613,550.46533203125,475.6019287109375,0.016098758205771446,108.25523376464844,444.6310729980469,0.007659131195396185,395.6025085449219,480.0,0.0007082879892550409,215.6377716064453,480.0,0.00039541759178973734,412.2856140136719,458.8966064453125,0.0010568610159680247,209.41024780273438,464.65106201171875,0.0007184993592090905,386.683837890625,468.099365234375,0.000506604032125324,238.82333374023438,455.9913635253906,0.0004568281874526292
20,webcam-0__tcn__20260807-122153_raw_30fps,197,198,6.566666666666666,background,1,1,1,1,0,0,0,640,480,0.9425283670425415,0,0.30279541015625,81.7476806640625,604.70556640625,479.1175842285156,318.7770080566406,252.2434539794922,0.9987289309501648,357.78802490234375,217.43341064453125,0.9962271451950073,284.4814758300781,212.89163208007812,0.9958437085151672,399.9939880371094,228.14456176757812,0.9220271110534668,237.966064453125,218.92596435546875,0.9531762599945068,453.49200439453125,351.1532287597656,0.9989535808563232,160.6536407470703,363.5530090332031,0.9936285614967346,575.6189575195312,466.9964599609375,0.5981582999229431,29.489501953125,465.3088073730469,0.0954933762550354,546.2123413085938,474.35308837890625,0.017037713900208473,108.21551513671875,443.95001220703125,0.007074945140630007,395.66156005859375,480.0,0.0007004076614975929,215.7444610595703,480.0,0.00038397955358959734,412.36065673828125,458.67132568359375,0.001067528035491705,208.70803833007812,464.7330627441406,0.0006779772229492664,386.6758117675781,468.6512756347656,0.0005065511795692146,238.4660186767578,456.40911865234375,0.00043464728514663875
20,webcam-0__tcn__20260807-122153_raw_30fps,198,199,6.6,background,1,1,1,1,0,0,0,640,480,0.9413331151008606,0,0.159637451171875,82.43887329101562,604.9442138671875,479.1190490722656,318.4438171386719,252.30360412597656,0.9986186027526855,356.824951171875,217.63275146484375,0.9959576725959778,283.62933349609375,213.69898986816406,0.9955009818077087,399.32769775390625,227.87208557128906,0.9175965189933777,236.84600830078125,220.19293212890625,0.949365496635437,453.52642822265625,351.3830871582031,0.9989412426948547,160.1904754638672,364.0032653808594,0.9932888150215149,575.9031372070312,467.1051330566406,0.5853171348571777,29.61773681640625,465.34027099609375,0.09167269617319107,545.38818359375,474.28375244140625,0.01740330085158348,109.66361999511719,444.5981750488281,0.006869481410831213,395.7577819824219,480.0,0.0007026825333014131,216.23826599121094,480.0,0.00038381959893740714,411.1525573730469,459.0935363769531,0.0010590521851554513,208.61306762695312,465.0237731933594,0.0006592554855160415,385.8537902832031,469.18206787109375,0.0005204366752877831,238.02557373046875,456.74102783203125,0.000435651745647192
20,webcam-0__tcn__20260807-122153_raw_30fps,199,200,6.633333333333334,background,1,1,1,1,0,0,0,640,480,0.9412867426872253,0,0.293060302734375,82.34735107421875,605.1354370117188,479.10943603515625,318.4964599609375,252.29879760742188,0.9986227750778198,356.8252868652344,217.64144897460938,0.9959558844566345,283.65380859375,213.80142211914062,0.9954634308815002,399.3509216308594,227.72708129882812,0.916531503200531,236.85433959960938,220.23219299316406,0.948329746723175,453.19183349609375,351.40887451171875,0.9989651441574097,160.70062255859375,363.7206726074219,0.9932199120521545,575.6686401367188,466.7088317871094,0.5918851494789124,30.00457763671875,464.63946533203125,0.09259524941444397,546.6514282226562,474.55474853515625,0.01743248477578163,110.47824096679688,444.49505615234375,0.007038728799670935,395.3038330078125,480.0,0.0007154454360716045,216.38278198242188,480.0,0.00039007695158943534,410.371337890625,458.6728515625,0.0010704869637265801,208.44473266601562,464.4673767089844,0.0006740816170349717,385.20928955078125,468.88800048828125,0.0005282265483401716,237.6153106689453,456.4231262207031,0.00044558694935403764
20,webcam-0__tcn__20260807-122153_raw_30fps,200,201,6.666666666666667,background,1,1,1,1,0,0,0,640,480,0.9421941637992859,0,0.268798828125,81.91653442382812,604.9547729492188,479.07958984375,318.17352294921875,252.1981658935547,0.9986580610275269,356.6800537109375,217.6268310546875,0.9961446523666382,283.4492492675781,213.48837280273438,0.9960910677909851,399.4227294921875,227.9931182861328,0.923747181892395,236.6820831298828,219.83151245117188,0.9587335586547852,453.3932800292969,351.37652587890625,0.9989581108093262,158.9464874267578,364.4234924316406,0.9932563304901123,575.0574951171875,465.82781982421875,0.5926946997642517,28.91357421875,465.1372985839844,0.08689343929290771,547.7102661132812,475.0487060546875,0.015210747718811035,110.44615173339844,444.96820068359375,0.006754781119525433,395.8353271484375,480.0,0.0007266277098096907,216.29769897460938,480.0,0.00039707645191811025,411.7891845703125,458.7995300292969,0.0010269617196172476,210.31588745117188,464.848388671875,0.0006608419353142381,386.6373596191406,468.81951904296875,0.0005165075417608023,239.89801025390625,456.6124267578125,0.0004565904673654586
20,webcam-0__tcn__20260807-122153_raw_30fps,201,202,6.7,background,1,1,1,1,0,0,0,640,480,0.9425880908966064,0,0.868438720703125,81.43695068359375,604.0557250976562,479.0908508300781,319.0661926269531,252.4453582763672,0.9987792372703552,358.4033508300781,216.36508178710938,0.9963537454605103,284.5752258300781,211.79440307617188,0.9953261613845825,399.3990783691406,228.39056396484375,0.9186332821846008,237.6966552734375,219.1224365234375,0.9502303600311279,452.8177490234375,351.5257873535156,0.9989455342292786,157.99925231933594,365.24969482421875,0.9925006031990051,576.35546875,465.4899597167969,0.5877053737640381,30.41522216796875,466.0191650390625,0.08364110440015793,543.989990234375,475.17657470703125,0.015275795944035053,113.045166015625,445.1296691894531,0.006872556637972593,394.9601135253906,480.0,0.0007370632374659181,213.56719970703125,480.0,0.00038790242979303,411.1550598144531,459.17034912109375,0.00107274716719985,210.86724853515625,465.6398620605469,0.0007018115138635039,385.46295166015625,468.1726989746094,0.0004935057368129492,239.8720245361328,457.19903564453125,0.0004482645308598876
20,webcam-0__tcn__20260807-122153_raw_30fps,202,203,6.733333333333333,background,1,1,1,1,0,0,0,640,480,0.9426976442337036,0,0.167449951171875,82.03521728515625,602.5241088867188,479.08502197265625,319.34320068359375,252.53726196289062,0.9987642765045166,358.65704345703125,216.39923095703125,0.9961876273155212,284.8038635253906,211.92715454101562,0.995610773563385,399.7695617675781,228.36134338378906,0.9172678589820862,237.92742919921875,219.30300903320312,0.9560843706130981,452.8219909667969,351.6786193847656,0.9989163875579834,157.26390075683594,365.7652282714844,0.9926207065582275,575.7576904296875,464.9089050292969,0.6023335456848145,29.89825439453125,466.2533874511719,0.0853823721408844,538.930908203125,476.0984802246094,0.014846783131361008,113.07261657714844,445.85809326171875,0.00673280656337738,395.41680908203125,480.0,0.0007681495044380426,213.73858642578125,480.0,0.00039569305954501033,413.3460998535156,458.9547119140625,0.0010960468789562583,212.47567749023438,466.1072082519531,0.0006946437060832977,387.6387634277344,468.1651611328125,0.0004953430616296828,242.25709533691406,457.30108642578125,0.00044092346797697246
20,webcam-0__tcn__20260807-122153_raw_30fps,203,204,6.766666666666667,background,1,1,1,1,0,0,0,640,480,0.943068265914917,0,0.67169189453125,82.17962646484375,602.5415649414062,479.0888671875,319.6678161621094,252.46029663085938,0.9988032579421997,359.25238037109375,216.31594848632812,0.9964125752449036,285.3211975097656,211.75543212890625,0.9953442215919495,399.9256591796875,228.60816955566406,0.9178464412689209,238.48397827148438,219.2157745361328,0.9504474997520447,452.689453125,351.7725524902344,0.9989538192749023,157.69491577148438,365.28497314453125,0.9928094148635864,576.5995483398438,464.2214660644531,0.6029720902442932,29.1658935546875,466.04608154296875,0.08855240792036057,543.5224609375,476.5995788574219,0.013834205456078053,110.69462585449219,446.0618896484375,0.006495081819593906,394.8477478027344,480.0,0.000754883571062237,213.55718994140625,480.0,0.00039658730383962393,410.77117919921875,459.0223388671875,0.0010738002602010965,211.02044677734375,465.77215576171875,0.0007153881597332656,385.6652526855469,467.86236572265625,0.00048507488099858165,240.42745971679688,456.9400634765625,0.00045146571937948465
20,webcam-0__tcn__20260807-122153_raw_30fps,204,205,6.8,background,1,1,1,1,0,0,0,640,480,0.943246603012085,0,1.096405029296875,81.06451416015625,602.3342895507812,479.064208984375,321.60723876953125,252.52914428710938,0.998802900314331,360.765869140625,216.3295440673828,0.9962244033813477,287.01873779296875,211.72250366210938,0.9955329895019531,400.6998291015625,228.86862182617188,0.8957498073577881,239.6625213623047,219.50555419921875,0.9519792795181274,453.18487548828125,351.017822265625,0.99896240234375,161.69192504882812,363.12054443359375,0.992889404296875,575.9381103515625,465.5257263183594,0.6064625978469849,31.09503173828125,465.5987854003906,0.09566045552492142,543.7591552734375,476.0684814453125,0.013443688862025738,108.762939453125,445.21514892578125,0.00614150520414114,396.17279052734375,480.0,0.0007098905625753105,216.25762939453125,480.0,0.000374828465282917,412.58917236328125,459.2086181640625,0.0010817137081176043,212.63084411621094,465.32037353515625,0.000727006932720542,386.4425354003906,468.889404296875,0.0005025340360589325,240.42279052734375,457.2928161621094,0.00045964031596668065
20,webcam-0__tcn__20260807-122153_raw_30fps,205,206,6.833333333333333,background,1,1,1,1,0,0,0,640,480,0.943271815776825,0,0.0,79.919189453125,604.7567138671875,479.09765625,321.59661865234375,252.80984497070312,0.9988875985145569,360.877685546875,216.23052978515625,0.9963682889938354,286.8297424316406,211.59152221679688,0.9954087138175964,401.05352783203125,228.868896484375,0.8991761803627014,239.29595947265625,219.37905883789062,0.9524705410003662,453.4307556152344,353.49444580078125,0.9988991022109985,155.65309143066406,366.3486633300781,0.9918477535247803,574.3101196289062,465.02081298828125,0.5796475410461426,28.818572998046875,467.47552490234375,0.06678666919469833,553.388916015625,478.071044921875,0.013016966171562672,109.80718994140625,442.9343566894531,0.005714486353099346,396.22491455078125,480.0,0.0007043374935165048,214.0661163330078,480.0,0.000360210397047922,413.50323486328125,458.8123779296875,0.0010723706800490618,215.76406860351562,465.34051513671875,0.0007477364270016551,389.21319580078125,466.81585693359375,0.00044912402518093586,245.36288452148438,456.3902587890625,0.0004412482667248696
20,webcam-0__tcn__20260807-122153_raw_30fps,206,207,6.866666666666666,background,1,1,1,1,0,0,0,640,480,0.9441057443618774,0,0.0,80.36965942382812,605.8807373046875,479.0705261230469,322.02508544921875,253.1040496826172,0.9989230036735535,361.4561462402344,216.67807006835938,0.9964249730110168,287.68243408203125,211.8101806640625,0.995116114616394,401.3242492675781,229.46018981933594,0.9001525640487671,240.56796264648438,219.35394287109375,0.9483872056007385,453.55621337890625,353.70501708984375,0.9989113807678223,155.01475524902344,367.0157470703125,0.991661548614502,574.1122436523438,465.3436279296875,0.5734062194824219,28.6793212890625,468.46075439453125,0.06133689731359482,553.8228149414062,477.9745178222656,0.012253469787538052,110.28440856933594,443.43243408203125,0.0056200227700173855,395.934326171875,480.0,0.000690809334628284,213.10589599609375,480.0,0.0003429071221034974,413.893798828125,459.1715087890625,0.0010541585506871343,216.6610565185547,465.7276611328125,0.0007256689132191241,388.5849304199219,466.4118347167969,0.0004427155072335154,246.32321166992188,456.37274169921875,0.00043174324673600495
20,webcam-0__tcn__20260807-122153_raw_30fps,207,208,6.9,background,1,1,1,1,0,0,0,640,480,0.9432366490364075,0,0.0,81.72381591796875,606.2626953125,479.0466003417969,324.7529602050781,253.35861206054688,0.9989362359046936,364.232177734375,217.7635498046875,0.996632993221283,290.07171630859375,212.58770751953125,0.9955495595932007,403.8493957519531,228.80438232421875,0.8973371386528015,241.3883056640625,218.097900390625,0.9549559354782104,454.1735534667969,353.7626953125,0.9989396929740906,156.62106323242188,366.5491638183594,0.992099404335022,573.3641967773438,465.519775390625,0.586614727973938,30.425689697265625,468.2082824707031,0.06375578045845032,553.6161499023438,478.04315185546875,0.013577588833868504,110.74354553222656,443.231689453125,0.005826275795698166,397.1260681152344,480.0,0.0006302449619397521,215.48812866210938,480.0,0.0003171965654473752,413.83026123046875,459.40020751953125,0.0009541311301290989,217.62933349609375,465.6398010253906,0.0006767590530216694,388.61724853515625,466.988037109375,0.00044939041254110634,246.21304321289062,456.36663818359375,0.00044716917909681797
20,webcam-0__tcn__20260807-122153_raw_30fps,208,209,6.933333333333334,background,1,1,1,1,0,0,0,640,480,0.9442169070243835,0,0.0,81.4549560546875,605.8862915039062,479.0369873046875,325.7154846191406,253.77301025390625,0.9989288449287415,364.8126220703125,217.60958862304688,0.9966843724250793,290.8700256347656,212.73870849609375,0.9953588843345642,404.3372802734375,228.19610595703125,0.8995459675788879,242.37203979492188,218.2325439453125,0.9535595178604126,453.12066650390625,353.54718017578125,0.9989742040634155,154.92645263671875,367.4857482910156,0.9920969009399414,572.8430786132812,465.27008056640625,0.6339675784111023,28.666015625,469.21112060546875,0.06326265633106232,554.2557373046875,478.32769775390625,0.014205247163772583,108.97013854980469,443.21875,0.005474209785461426,395.5545654296875,480.0,0.000604232307523489,213.44561767578125,480.0,0.00029171863570809364,415.0060729980469,459.502685546875,0.000953648064751178,217.70359802246094,466.3314514160156,0.0006653043092228472,388.7267150878906,466.22442626953125,0.0004143536207266152,246.279296875,455.9811096191406,0.0004203487478662282
20,webcam-0__tcn__20260807-122153_raw_30fps,209,210,6.966666666666667,background,1,1,1,1,0,0,0,640,480,0.9445096850395203,0,0.563140869140625,82.55230712890625,604.5533447265625,479.06182861328125,326.2158203125,254.08517456054688,0.9990293979644775,365.6974792480469,218.44927978515625,0.9969563484191895,291.29827880859375,213.07997131347656,0.9960357546806335,405.290283203125,229.0144805908203,0.9012842774391174,242.05224609375,218.0061492919922,0.9609067440032959,453.63702392578125,353.8638916015625,0.9989475607872009,153.58908081054688,368.3797912597656,0.9919514656066895,572.5065307617188,464.6747131347656,0.6084131002426147,29.0167236328125,469.61138916015625,0.05480055883526802,552.3407592773438,476.86309814453125,0.013971710577607155,112.112060546875,443.1496887207031,0.005399394314736128,394.8748779296875,480.0,0.0006212462903931737,211.81857299804688,480.0,0.00029642644221894443,415.4205627441406,459.6377868652344,0.0009211856522597373,217.48770141601562,467.0829162597656,0.0006377857644110918,389.11175537109375,466.13177490234375,0.0004197827656753361,246.9608917236328,455.9203796386719,0.00042556130210869014
20,webcam-0__tcn__20260807-122153_raw_30fps,210,211,7.0,background,1,1,1,1,0,0,0,640,480,0.9439787864685059,0,0.0,81.32952880859375,606.4044799804688,479.06072998046875,329.14495849609375,257.03125,0.9989157915115356,368.0990295410156,219.920166015625,0.9965555667877197,293.36865234375,214.86676025390625,0.9961243271827698,407.80010986328125,230.40887451171875,0.8800961375236511,243.5775146484375,220.36257934570312,0.9655739665031433,453.6778259277344,353.21685791015625,0.9988149404525757,156.1820068359375,368.1042785644531,0.9921149611473083,573.1019897460938,465.8360900878906,0.5612077116966248,28.933502197265625,469.7579345703125,0.0523860789835453,552.5037231445312,474.5168762207031,0.016958897933363914,112.80677795410156,443.8861999511719,0.005521161016076803,394.0452880859375,480.0,0.0006628439878113568,211.64559936523438,480.0,0.00031267901067622006,415.843017578125,458.9962158203125,0.0009767410811036825,218.30825805664062,466.51702880859375,0.000609280017670244,387.6084899902344,466.4587707519531,0.00045069027692079544,246.01470947265625,455.88525390625,0.00040176359470933676
20,webcam-0__tcn__20260807-122153_raw_30fps,211,212,7.033333333333333,background,1,1,1,1,0,0,0,640,480,0.94267338514328,0,0.0,81.7432861328125,609.2977905273438,479.0,331.1539001464844,259.2811584472656,0.9989020824432373,370.6579284667969,221.65220642089844,0.9964420199394226,295.07208251953125,216.54786682128906,0.9960750937461853,410.51617431640625,231.73126220703125,0.8659112453460693,244.69638061523438,221.34115600585938,0.9636284112930298,454.9235534667969,354.488037109375,0.9987502098083496,159.23268127441406,366.398681640625,0.9925824403762817,572.3388671875,466.001953125,0.5509688258171082,29.543304443359375,468.0611572265625,0.05931827425956726,559.9755859375,474.3726501464844,0.02318132109940052,113.05052185058594,443.7157287597656,0.0060678403824567795,393.76397705078125,480.0,0.0007162439287640154,211.970947265625,480.0,0.00035147881135344505,414.1476135253906,458.7834777832031,0.001031701103784144,215.02084350585938,464.35540771484375,0.0006618734332732856,386.7945861816406,466.0906066894531,0.00048309669364243746,242.12741088867188,454.918701171875,0.00042389522423036397
20,webcam-0__tcn__20260807-122153_raw_30fps,212,213,7.066666666666666,background,1,1,1,1,0,0,0,640,480,0.9420099258422852,0,0.453369140625,81.58868408203125,607.3043212890625,479.0279235839844,332.24456787109375,259.426513671875,0.9989224672317505,371.4047546386719,221.98683166503906,0.9963867664337158,296.0550537109375,216.69189453125,0.9961996674537659,410.75921630859375,231.2679443359375,0.8507958650588989,244.780029296875,220.6363983154297,0.9666006565093994,455.52337646484375,354.6087646484375,0.9987711310386658,159.41075134277344,366.61669921875,0.9921948909759521,573.7606811523438,466.4131164550781,0.5389180183410645,31.914276123046875,469.4538879394531,0.057720303535461426,556.659423828125,473.7200927734375,0.023697124794125557,116.86526489257812,444.9525146484375,0.006183058023452759,393.7390441894531,480.0,0.0006943643093109131,212.1751708984375,480.0,0.0003349957405589521,414.99212646484375,458.4841613769531,0.0010141500970348716,216.99526977539062,463.984375,0.0006434289971366525,387.4100036621094,466.5514221191406,0.0005019463715143502,243.06246948242188,455.3146667480469,0.0004315004625823349
20,webcam-0__tcn__20260807-122153_raw_30fps,213,214,7.1,background,1,1,1,1,0,0,0,640,480,0.942906379699707,0,0.0,82.54153442382812,608.8995361328125,478.99530029296875,332.80242919921875,259.99261474609375,0.9988896250724792,372.19024658203125,222.09188842773438,0.9962354302406311,296.6714782714844,216.98617553710938,0.9959352016448975,411.26068115234375,231.46343994140625,0.8562445044517517,245.76223754882812,221.12181091308594,0.966444194316864,455.0943603515625,354.4355773925781,0.9986881613731384,157.58168029785156,367.72161865234375,0.9915123581886292,572.9445190429688,465.5946960449219,0.5469995737075806,32.5010986328125,470.02606201171875,0.04644264653325081,560.99560546875,473.0582580566406,0.030649477615952492,115.25544738769531,444.9607238769531,0.005997344385832548,393.4461975097656,480.0,0.0006969947717152536,210.52813720703125,480.0,0.00032265542540699244,416.07830810546875,457.7466735839844,0.001046608085744083,219.29571533203125,463.9400329589844,0.0006545752403326333,387.7093200683594,465.1669921875,0.0004808685043826699,244.62887573242188,454.7215881347656,0.0004243169096298516
20,webcam-0__tcn__20260807-122153_raw_30fps,214,215,7.133333333333334,background,1,1,1,1,0,0,0,640,480,0.9422381520271301,0,0.91796875,83.162353515625,612.2754516601562,478.9603271484375,335.5550842285156,261.87225341796875,0.9986936450004578,374.5874938964844,223.30136108398438,0.9961153268814087,300.0096435546875,218.2560577392578,0.9954313039779663,413.8873596191406,231.087646484375,0.8712255954742432,250.38819885253906,220.73797607421875,0.9617838859558105,457.5821228027344,353.2160949707031,0.9987562894821167,162.82301330566406,364.91888427734375,0.9932917356491089,576.720947265625,466.6126403808594,0.5443891882896423,31.430755615234375,468.2096862792969,0.0669398307800293,555.4281005859375,474.91180419921875,0.02041061408817768,115.88563537597656,445.8358154296875,0.006468103267252445,397.43621826171875,480.0,0.0007247490575537086,215.44273376464844,480.0,0.0003581314522307366,418.94683837890625,457.7109375,0.000969167158473283,217.80926513671875,463.19757080078125,0.0006090108654461801,388.611083984375,466.5947265625,0.00048367405543103814,243.36651611328125,454.8680114746094,0.00040351442294195294
20,webcam-0__tcn__20260807-122153_raw_30fps,215,216,7.166666666666667,background,1,1,1,1,0,0,0,640,480,0.9414465427398682,0,1.6728515625,82.99478149414062,612.2324829101562,478.94305419921875,336.46624755859375,262.56610107421875,0.9987415671348572,375.14398193359375,223.5353240966797,0.9962455630302429,300.2762756347656,218.4157257080078,0.995614767074585,414.70562744140625,230.78176879882812,0.8595728278160095,249.67547607421875,220.5487060546875,0.9631444811820984,458.1214599609375,354.0641174316406,0.99875807762146,162.81932067871094,366.1499328613281,0.9927926063537598,574.99951171875,465.69464111328125,0.5344768166542053,35.027496337890625,468.5957946777344,0.06358601897954941,557.6199340820312,476.04803466796875,0.018797051161527634,123.04927062988281,445.1077880859375,0.006773433182388544,398.5621337890625,480.0,0.0006945685599930584,216.43011474609375,480.0,0.00034446068457327783,420.8343811035156,457.65087890625,0.0009314354392699897,221.1288299560547,462.7454833984375,0.0006162989302538335,390.185546875,465.9199523925781,0.00048505180166102946,246.414306640625,454.88946533203125,0.00041997182415798306
20,webcam-0__tcn__20260807-122153_raw_30fps,216,217,7.2,background,1,1,1,1,0,0,0,640,480,0.940443754196167,0,0.872467041015625,82.57965087890625,610.5030517578125,478.95806884765625,339.607421875,263.48114013671875,0.9987333416938782,377.82763671875,224.38311767578125,0.9959734082221985,302.3114013671875,219.60992431640625,0.9958764314651489,416.93902587890625,230.9921112060547,0.8225276470184326,249.8641815185547,221.882568359375,0.9671276807785034,458.0083923339844,354.5507507324219,0.9987247586250305,163.8686981201172,367.5433044433594,0.992770254611969,576.5813598632812,466.91400146484375,0.4976438283920288,36.37384033203125,469.3783874511719,0.06175412982702255,550.6842041015625,475.0615234375,0.016044151037931442,126.36311340332031,444.98114013671875,0.006757677067071199,398.4423828125,480.0,0.0007541142404079437,216.7078094482422,480.0,0.0003674980835057795,422.61907958984375,457.48724365234375,0.0009212092845700681,222.80552673339844,463.6282653808594,0.0005890201427973807,391.78021240234375,467.0552978515625,0.0005093155195936561,247.55860900878906,455.5640869140625,0.000418465438997373
20,webcam-0__tcn__20260807-122153_raw_30fps,217,218,7.233333333333333,background,1,1,1,1,0,0,0,640,480,0.9433965682983398,0,0.0,83.64215087890625,611.2584228515625,478.869384765625,339.9370422363281,263.8885498046875,0.9987353682518005,378.6475830078125,224.55218505859375,0.9962353110313416,302.48577880859375,219.55947875976562,0.9957706332206726,417.8050231933594,230.8396453857422,0.8401786088943481,250.3018035888672,221.14678955078125,0.9667686223983765,458.098876953125,355.0529479980469,0.9987478256225586,158.3230743408203,368.60430908203125,0.9942716360092163,574.4688720703125,465.7199401855469,0.5922088027000427,27.673553466796875,469.8653564453125,0.07374431192874908,564.5239868164062,474.0184020996094,0.022306637838482857,111.45478820800781,446.33306884765625,0.006649725139141083,400.2664489746094,480.0,0.0006923116743564606,215.98074340820312,480.0,0.00034462084295228124,430.90850830078125,461.34808349609375,0.0009216510225087404,224.90423583984375,467.4451904296875,0.0006055939011275768,396.2894287109375,466.7725524902344,0.00041977409273386,252.9490966796875,456.25665283203125,0.0003665484837256372
20,webcam-0__tcn__20260807-122153_raw_30fps,218,219,7.266666666666667,background,1,1,2,2,0,0,0,640,480,0.5124598145484924,0,2.553070068359375,80.67431640625,615.057373046875,479.60870361328125,340.88287353515625,264.30560302734375,0.9992142915725708,378.7421875,225.48252868652344,0.9973908066749573,303.48992919921875,220.2849578857422,0.9969518184661865,417.3615417480469,230.67567443847656,0.828629195690155,251.010498046875,220.7681884765625,0.9698464274406433,454.6726379394531,355.9779052734375,0.9990063309669495,162.0137176513672,368.591796875,0.9939769506454468,577.3795166015625,465.9020690917969,0.6155606508255005,30.34429931640625,470.66912841796875,0.04745013639330864,563.9832763671875,474.95892333984375,0.017175953835248947,116.41229248046875,449.41668701171875,0.004789736121892929,396.0663757324219,480.0,0.000611625611782074,215.5028076171875,480.0,0.00025574100436642766,435.0741882324219,462.0537414550781,0.001170875271782279,225.8326416015625,468.9080505371094,0.000661830825265497,398.9370422363281,475.48516845703125,0.0004436965682543814,255.19735717773438,461.8074951171875,0.00035851591383107007
20,webcam-0__tcn__20260807-122153_raw_30fps,218,219,7.266666666666667,background,1,1,2,2,1,1,1,640,480,0.31307655572891235,0,0.41082763671875,80.80734252929688,613.6785278320312,478.8802490234375,340.6365966796875,263.7938232421875,0.9988377690315247,379.4494934082031,224.91519165039062,0.9961349964141846,303.2484130859375,219.95138549804688,0.996088981628418,418.60723876953125,230.87200927734375,0.8124920129776001,250.27410888671875,221.18515014648438,0.9677570462226868,457.3067626953125,355.37432861328125,0.9987480640411377,159.70790100097656,370.0301818847656,0.9927292466163635,574.37744140625,465.0929260253906,0.5552031993865967,33.54364013671875,471.8246154785156,0.05239555612206459,562.29150390625,475.96759033203125,0.01934872753918171,121.28645324707031,446.431640625,0.006511601619422436,397.8874816894531,480.0,0.0007961842347867787,214.70974731445312,480.0,0.00036416659713722765,428.18341064453125,460.65350341796875,0.0009172431309707463,225.07009887695312,466.2425231933594,0.0005973119987174869,396.21600341796875,466.89093017578125,0.0004508470883592963,251.64871215820312,455.95306396484375,0.00040728048770688474
20,webcam-0__tcn__20260807-122153_raw_30fps,219,220,7.3,background,1,1,1,1,0,0,0,640,480,0.9417121410369873,0,0.7310791015625,80.044921875,614.9057006835938,478.930908203125,341.0315246582031,263.72076416015625,0.9988192915916443,380.09423828125,225.06698608398438,0.9961436986923218,303.5878601074219,220.10638427734375,0.9963066577911377,419.2012634277344,231.01382446289062,0.8019940257072449,250.23431396484375,221.29739379882812,0.9687909483909607,457.485107421875,354.4176025390625,0.9986761212348938,162.4187469482422,368.7099609375,0.9933127760887146,575.4093017578125,466.6697998046875,0.49145522713661194,32.027435302734375,471.556884765625,0.05801224708557129,552.4979248046875,474.6300964355469,0.014882862567901611,123.34426879882812,445.49224853515625,0.006944136694073677,399.6602783203125,480.0,0.0007373818079940975,217.21539306640625,480.0,0.00035476917400956154,425.30926513671875,460.3875732421875,0.0008976245881058276,222.95761108398438,466.3703308105469,0.0005752076394855976,393.8934631347656,468.3161315917969,0.0004768834915012121,250.061767578125,456.20880126953125,0.00040287734009325504
20,webcam-0__tcn__20260807-122153_raw_30fps,220,221,7.333333333333333,background,1,1,1,1,0,0,0,640,480,0.9427741169929504,0,0.825347900390625,80.32379150390625,612.7698974609375,478.9398498535156,341.15228271484375,263.86541748046875,0.9988294243812561,380.4581298828125,225.15042114257812,0.9963276982307434,303.86492919921875,220.1122283935547,0.9961085915565491,419.3037109375,230.7022247314453,0.8009803295135498,250.63754272460938,220.68954467773438,0.9640738368034363,458.20416259765625,354.17987060546875,0.9987994432449341,163.1666259765625,367.32366943359375,0.9938132762908936,575.71484375,466.3996276855469,0.5707592368125916,29.32470703125,469.6439514160156,0.07461164146661758,558.0501708984375,474.9383544921875,0.018252547830343246,114.54710388183594,446.20343017578125,0.007065551355481148,400.72637939453125,480.0,0.0006577263702638447,218.51573181152344,480.0,0.0003137797466479242,427.71563720703125,462.3438720703125,0.0008733555441722274,223.11915588378906,467.98004150390625,0.0005522312130779028,394.7833557128906,469.0641174316406,0.00046176716568879783,249.9183349609375,457.1950988769531,0.0003789351030718535
20,webcam-0__tcn__20260807-122153_raw_30fps,221,222,7.366666666666666,background,1,1,1,1,0,0,0,640,480,0.9427781701087952,0,0.0,80.65185546875,614.4823608398438,478.926025390625,341.43914794921875,263.9245910644531,0.9987871050834656,380.7666015625,225.61495971679688,0.9962478280067444,304.3365173339844,220.03369140625,0.9962115287780762,420.04559326171875,231.9344482421875,0.8048551082611084,251.08847045898438,220.76698303222656,0.9670294523239136,458.5650939941406,354.2315368652344,0.9987438321113586,163.7610626220703,367.19720458984375,0.9940078258514404,575.356689453125,467.5806579589844,0.5460333228111267,28.06884765625,469.44708251953125,0.07217033952474594,560.9541015625,476.20330810546875,0.017230046913027763,116.71873474121094,444.16412353515625,0.007304827682673931,402.1051330566406,480.0,0.0006572908605448902,220.12747192382812,480.0,0.0003244531690143049,426.89764404296875,461.19586181640625,0.0009099524468183517,222.11956787109375,466.7287292480469,0.0005768379778601229,395.1817626953125,469.00341796875,0.0004720127326436341,249.6670684814453,456.6797790527344,0.0003861167933791876
20,webcam-0__tcn__20260807-122153_raw_30fps,222,223,7.4,background,1,1,1,1,0,0,0,640,480,0.9427535533905029,0,0.0,80.636962890625,613.8074951171875,478.9388427734375,341.318115234375,263.7798156738281,0.9987927675247192,380.71539306640625,225.5902557373047,0.9962368011474609,304.15533447265625,220.01513671875,0.9963958859443665,419.8526611328125,231.699951171875,0.8061510324478149,250.62437438964844,220.5399627685547,0.9705133438110352,458.46978759765625,354.3006286621094,0.9988025426864624,163.12982177734375,367.3130187988281,0.9939432740211487,575.7510986328125,467.76715087890625,0.5678231716156006,27.422149658203125,469.95855712890625,0.06915099173784256,562.3370361328125,476.31170654296875,0.018195871263742447,115.94200134277344,444.67742919921875,0.00686003128066659,401.4395446777344,480.0,0.000647504988592118,219.35479736328125,480.0,0.000316404621116817,427.58013916015625,461.11395263671875,0.0008943442371673882,222.64736938476562,466.7219543457031,0.0005811368464492261,396.1879577636719,468.46710205078125,0.0004574824997689575,250.19497680664062,456.19317626953125,0.00039057835238054395
20,webcam-0__tcn__20260807-122153_raw_30fps,223,224,7.433333333333334,background,1,1,1,1,0,0,0,640,480,0.9412466883659363,0,0.46966552734375,80.621337890625,614.233642578125,478.96392822265625,341.2310485839844,263.8761901855469,0.9987898468971252,380.6950988769531,225.62062072753906,0.9962856769561768,304.2908630371094,220.08460998535156,0.9962581396102905,419.80389404296875,231.66796875,0.8137281537055969,251.05392456054688,220.54476928710938,0.9682162404060364,458.464599609375,354.1686706542969,0.9986935257911682,163.65853881835938,367.3359069824219,0.9938783049583435,577.3197021484375,469.10296630859375,0.48677685856819153,29.569549560546875,471.0025634765625,0.06633709371089935,553.0972900390625,475.76898193359375,0.013644110411405563,120.19668579101562,445.8359375,0.006965757813304663,401.74639892578125,480.0,0.0006896128761582077,219.7515869140625,480.0,0.00034865460474975407,426.6151123046875,459.5812072753906,0.0009085261262953281,223.0731201171875,465.6235046386719,0.0005903670680709183,395.29534912109375,469.2226867675781,0.000482302566524595,249.72259521484375,456.97344970703125,0.00039961232687346637
20,webcam-0__tcn__20260807-122153_raw_30fps,224,225,7.466666666666667,background,1,1,1,1,0,0,0,640,480,0.9413241147994995,0,0.10699462890625,80.59246826171875,612.78564453125,478.9493713378906,340.50091552734375,264.0013732910156,0.9987346529960632,379.8126220703125,225.49026489257812,0.9961524605751038,303.26202392578125,220.13092041015625,0.9961645603179932,419.10296630859375,232.7789306640625,0.8244835138320923,250.3350067138672,222.233642578125,0.9680773615837097,458.6495056152344,353.95892333984375,0.998608410358429,162.9071044921875,367.7005310058594,0.9940489530563354,578.32763671875,469.39056396484375,0.45705389976501465,28.825469970703125,470.5916442871094,0.06714462488889694,543.7499389648438,473.1482849121094,0.013706349767744541,119.15382385253906,444.8788146972656,0.006790124345570803,401.60150146484375,480.0,0.0006797016249038279,218.77281188964844,480.0,0.0003463364555500448,425.72601318359375,459.50250244140625,0.0009291335009038448,221.95745849609375,465.4476318359375,0.0005698609165847301,394.1752624511719,469.523681640625,0.00048544310266152024,249.12542724609375,456.93780517578125,0.00038278748979792
20,webcam-0__tcn__20260807-122153_raw_30fps,225,226,7.5,background,1,1,1,1,0,0,0,640,480,0.9417729377746582,0,0.458831787109375,80.9658203125,613.638916015625,478.9243469238281,340.4602355957031,263.9693603515625,0.9987555742263794,379.8529357910156,225.43942260742188,0.9961647987365723,303.3462219238281,220.1740264892578,0.9960886240005493,419.3851318359375,232.19808959960938,0.8305400609970093,250.53878784179688,221.773193359375,0.9680864214897156,458.81866455078125,353.92083740234375,0.9986283779144287,161.50511169433594,368.56439208984375,0.9935702085494995,577.481201171875,468.9374694824219,0.4770115613937378,30.062347412109375,471.11480712890625,0.059477549046278,549.3087768554688,474.6055603027344,0.014049949124455452,121.92202758789062,445.8232421875,0.006650799419730902,401.79315185546875,480.0,0.0007282241713255644,218.4871063232422,480.0,0.0003626603865996003,426.9012451171875,458.5124816894531,0.0009424301097169518,223.45758056640625,464.45379638671875,0.0005976274842396379,396.1580810546875,468.4925231933594,0.000478402798762545,250.99078369140625,456.3962097167969,0.00040272704791277647
20,webcam-0__tcn__20260807-122153_raw_30fps,226,227,7.533333333333333,background,1,1,1,1,0,0,0,640,480,0.9416450262069702,0,0.729888916015625,81.2276611328125,611.0562744140625,479.0174560546875,339.6150207519531,264.03875732421875,0.998753547668457,379.0899658203125,227.29116821289062,0.9963558912277222,302.5946350097656,222.09197998046875,0.9957447648048401,419.0417785644531,231.30186462402344,0.8403543829917908,249.417236328125,220.99746704101562,0.9592581391334534,458.47210693359375,354.23291015625,0.9986748695373535,162.88916015625,367.6265869140625,0.9939371347427368,579.9028930664062,470.8058776855469,0.4364919066429138,29.266021728515625,470.62042236328125,0.06310448795557022,538.6737060546875,471.01055908203125,0.015277496539056301,120.06587219238281,444.6464538574219,0.007640319410711527,399.31793212890625,480.0,0.0007163750124163926,217.3056640625,480.0,0.0003647657867986709,424.455810546875,458.47125244140625,0.0008862818940542638,220.18585205078125,464.83575439453125,0.0005528671899810433,393.3587341308594,469.48236083984375,0.0005135297542437911,247.5918731689453,456.4450378417969,0.0004039147461298853
20,webcam-0__tcn__20260807-122153_raw_30fps,227,228,7.566666666666666,background,1,1,1,1,0,0,0,640,480,0.9396975040435791,0,0.465301513671875,82.03778076171875,611.2886962890625,478.978271484375,339.2622375488281,263.985595703125,0.9988210797309875,378.6420593261719,226.77792358398438,0.9963448643684387,302.29852294921875,221.94375610351562,0.9959186911582947,418.2239990234375,231.2288360595703,0.835621178150177,249.479248046875,221.6126708984375,0.9619864225387573,457.5806884765625,354.3019714355469,0.9987395405769348,161.65077209472656,368.2081604003906,0.993587851524353,578.4258422851562,469.9148864746094,0.4757443964481354,30.411529541015625,471.49169921875,0.059503525495529175,546.4304809570312,473.18255615234375,0.015872688964009285,122.74774169921875,444.81524658203125,0.0071581886149942875,398.7137145996094,480.0,0.0007269300404004753,216.58502197265625,480.0,0.0003603616787586361,424.34942626953125,459.1071472167969,0.0008714553550817072,221.50689697265625,465.10308837890625,0.0005601618904620409,394.1778564453125,468.7770080566406,0.0004951402661390603,248.9596405029297,456.35797119140625,0.0004123554390389472
20,webcam-0__tcn__20260807-122153_raw_30fps,228,229,7.6,background,1,1,1,1,0,0,0,640,480,0.9426855444908142,0,0.379150390625,81.93536376953125,611.5731201171875,479.00750732421875,339.2489013671875,263.6459655761719,0.9987534284591675,378.2355651855469,226.14276123046875,0.9962523579597473,302.23095703125,221.19363403320312,0.9960617423057556,417.788330078125,231.68145751953125,0.8367827534675598,249.61460876464844,221.96258544921875,0.9656113982200623,457.24224853515625,353.90423583984375,0.9987103939056396,162.888916015625,367.2975769042969,0.9938143491744995,578.0449829101562,468.97735595703125,0.48490387201309204,29.66741943359375,470.3538513183594,0.06663097441196442,542.6663818359375,475.2364807128906,0.015421915799379349,120.95552062988281,444.85614013671875,0.007418485824018717,399.3201599121094,480.0,0.0007057972252368927,217.25143432617188,480.0,0.00035290661617182195,424.359619140625,459.03424072265625,0.0009049885557033122,220.0234832763672,464.7835998535156,0.000571972515899688,393.68560791015625,468.88800048828125,0.0004952203016728163,247.16259765625,456.0713806152344,0.00040572191937826574
20,webcam-0__tcn__20260807-122153_raw_30fps,229,230,7.633333333333334,background,1,1,1,1,0,0,0,640,480,0.9418312311172485,0,0.0,80.8863525390625,610.831787109375,479.02783203125,338.88665771484375,263.5054016113281,0.9987284541130066,376.8556213378906,224.57244873046875,0.9960536956787109,301.4327697753906,220.28314208984375,0.9962777495384216,415.616455078125,230.21324157714844,0.8237584233283997,248.79443359375,222.23379516601562,0.9710263013839722,457.62310791015625,353.5612487792969,0.998722493648529,160.12376403808594,367.97760009765625,0.9936855435371399,577.4900512695312,468.2873229980469,0.49386027455329895,28.58282470703125,471.11962890625,0.06336340308189392,548.1688232421875,473.34716796875,0.014290891587734222,112.80055236816406,443.2013244628906,0.006228425074368715,398.3800048828125,480.0,0.000640008831396699,215.54920959472656,480.0,0.0003225130494683981,421.6503601074219,459.6703796386719,0.0008473964990116656,220.14996337890625,465.7578430175781,0.0005412137834355235,390.19366455078125,467.40863037109375,0.0004431113484315574,246.2672119140625,454.8892822265625,0.0003783292486332357
20,webcam-0__tcn__20260807-122153_raw_30fps,230,231,7.666666666666667,background,1,1,1,1,0,0,0,640,480,0.9417679905891418,0,0.0,81.29510498046875,610.8282470703125,479.00140380859375,338.7298889160156,263.3501892089844,0.9986662864685059,376.66668701171875,224.23089599609375,0.9960615038871765,301.13623046875,220.20912170410156,0.9963082671165466,415.87042236328125,230.2884521484375,0.8365134596824646,248.9589080810547,222.87046813964844,0.9708150625228882,456.7607421875,353.2918395996094,0.9987525939941406,161.39393615722656,367.0229187011719,0.9941370487213135,577.4144287109375,468.560546875,0.5479722023010254,27.52276611328125,469.95684814453125,0.07751081883907318,545.7504272460938,473.707763671875,0.01606174372136593,108.66018676757812,443.8900146484375,0.006771983113139868,398.3072204589844,480.0,0.0006687750574201345,216.22262573242188,480.0,0.00033726595574989915,423.0211181640625,460.86505126953125,0.0009093842818401754,218.40673828125,466.78948974609375,0.0005679858149960637,390.92291259765625,468.3924560546875,0.0004418382013682276,245.02972412109375,455.3131103515625,0.00037357560358941555
20,webcam-0__tcn__20260807-122153_raw_30fps,231,232,7.7,background,1,1,1,1,0,0,0,640,480,0.942182183265686,0,0.0,81.250732421875,607.5679931640625,479.041259765625,338.72613525390625,263.419677734375,0.9986880421638489,376.6208801269531,224.32826232910156,0.9958884119987488,300.8680419921875,220.43153381347656,0.9964163303375244,415.81915283203125,229.5891571044922,0.8264109492301941,248.07110595703125,222.573974609375,0.9725332856178284,457.10565185546875,353.36529541015625,0.998674750328064,159.5140380859375,368.09674072265625,0.9939945340156555,578.5943603515625,470.6744079589844,0.511439859867096,26.880157470703125,470.9818115234375,0.07061544805765152,540.187255859375,470.92388916015625,0.01897125132381916,113.51136779785156,444.65789794921875,0.006876446306705475,398.76080322265625,480.0,0.0006097296136431396,215.69544982910156,480.0,0.0003058716538362205,423.165771484375,460.3895263671875,0.0008699275786057115,218.22860717773438,466.99603271484375,0.0004978387732990086,391.55377197265625,468.91082763671875,0.000446402991656214,245.6959686279297,456.06103515625,0.0003392013313714415
20,webcam-0__tcn__20260807-122153_raw_30fps,232,233,7.733333333333333,background,1,1,1,1,0,0,0,640,480,0.9427468776702881,0,0.0,81.0260009765625,606.7691650390625,479.013671875,338.7257995605469,263.5503845214844,0.9986172914505005,376.62249755859375,224.39561462402344,0.9958280920982361,300.8111877441406,220.44363403320312,0.9964414238929749,415.7112121582031,230.0060577392578,0.827165424823761,248.02725219726562,222.85501098632812,0.9736673831939697,457.0308532714844,353.07818603515625,0.9987444877624512,161.7438507080078,366.53155517578125,0.9941964149475098,578.1297607421875,469.98797607421875,0.5655338764190674,27.240814208984375,469.35809326171875,0.08599264174699783,542.1151123046875,470.3072509765625,0.021367765963077545,110.43812561035156,444.98822021484375,0.00734449177980423,399.9237976074219,480.0,0.0006253586616367102,217.64755249023438,480.0,0.0003154805162921548,427.49639892578125,459.9934997558594,0.0009130294783972204,220.30694580078125,466.1755065917969,0.0005353241576813161,394.9293212890625,469.4176025390625,0.000455440953373909,246.88058471679688,456.2242431640625,0.0003537498996593058
20,webcam-0__tcn__20260807-122153_raw_30fps,233,234,7.766666666666667,background,1,1,1,1,0,0,0,640,480,0.9423926472663879,0,0.0,81.3880615234375,607.71923828125,478.9826354980469,338.6064758300781,263.66253662109375,0.9986420273780823,376.5914611816406,224.51864624023438,0.9959506988525391,300.80377197265625,220.480712890625,0.996345579624176,415.9076843261719,229.99484252929688,0.8310670256614685,248.29473876953125,222.60951232910156,0.9709595441818237,457.111083984375,353.09185791015625,0.9988114833831787,162.58566284179688,365.96343994140625,0.9941960573196411,578.6320190429688,470.00341796875,0.5782925486564636,27.872344970703125,468.86968994140625,0.08665938675403595,542.2945556640625,470.08172607421875,0.02107599936425686,110.52497863769531,444.54632568359375,0.00724881561473012,399.5596008300781,480.0,0.0006369547336362302,217.3486328125,480.0,0.0003171644639223814,427.8822021484375,460.5568542480469,0.0009126537479460239,219.54397583007812,466.5394287109375,0.0005368333659134805,395.52703857421875,469.58966064453125,0.0004490760911721736,246.21432495117188,456.19281005859375,0.00035074676270596683
20,webcam-0__tcn__20260807-122153_raw_30fps,234,235,7.8,background,1,1,1,1,0,0,0,640,480,0.9421906471252441,0,0.0,81.02105712890625,610.5903930664062,478.939697265625,338.47344970703125,263.65655517578125,0.9986177682876587,376.36712646484375,224.55703735351562,0.9960189461708069,300.592041015625,220.4517364501953,0.9963645339012146,416.1019592285156,229.93353271484375,0.834162712097168,248.01678466796875,222.3782958984375,0.9722378253936768,457.85357666015625,353.6686706542969,0.9988179802894592,161.8868408203125,366.1973876953125,0.9942885637283325,576.4140625,466.2294006347656,0.5681172609329224,26.981781005859375,468.87701416015625,0.09102881699800491,551.4111328125,475.48876953125,0.01466658990830183,115.56440734863281,446.25439453125,0.007515476550906897,401.0056457519531,480.0,0.0006288448348641396,218.81809997558594,480.0,0.0003237968194298446,427.9312744140625,460.1693115234375,0.0008526629535481334,220.0730743408203,465.33123779296875,0.0005534703377634287,396.7167663574219,468.92626953125,0.0004523994866758585,247.67572021484375,455.9703674316406,0.000381661782739684
20,webcam-0__tcn__20260807-122153_raw_30fps,235,236,7.833333333333333,background,1,1,1,1,0,0,0,640,480,0.9422472715377808,0,0.0,80.7620849609375,609.472900390625,478.95751953125,338.3745422363281,263.8354797363281,0.9985931515693665,376.3982849121094,224.55795288085938,0.9959636926651001,300.72735595703125,220.45155334472656,0.9962725639343262,416.1407470703125,229.63418579101562,0.8388146758079529,248.52108764648438,221.99972534179688,0.9714265465736389,457.5476379394531,353.3337707519531,0.998802661895752,162.0489501953125,366.1544189453125,0.9943284392356873,577.5398559570312,467.0733642578125,0.5611635446548462,27.0130615234375,468.434814453125,0.08900806307792664,550.395263671875,472.6714172363281,0.01637857034802437,115.10089111328125,446.52740478515625,0.007327903062105179,400.4565124511719,480.0,0.0006277331849560142,218.37176513671875,480.0,0.00031835262780077755,428.6517028808594,459.6465148925781,0.00088565080659464,220.34405517578125,465.2369384765625,0.0005409311270341277,396.6355895996094,468.8134460449219,0.000458464928669855,248.03756713867188,455.9296569824219,0.0003624583769124001
20,webcam-0__tcn__20260807-122153_raw_30fps,236,237,7.866666666666666,background,1,1,1,1,0,0,0,640,480,0.9427255988121033,0,0.0,80.7508544921875,609.5352783203125,479.0018310546875,338.4230041503906,263.6720886230469,0.9986615180969238,376.442138671875,224.55136108398438,0.996159553527832,300.82073974609375,220.47677612304688,0.9963840246200562,416.397705078125,229.71713256835938,0.842488706111908,248.80433654785156,222.11492919921875,0.9705042839050293,457.4779052734375,353.1979675292969,0.9987939596176147,163.07235717773438,365.6937255859375,0.9944181442260742,577.3436889648438,466.25738525390625,0.5420000553131104,27.935882568359375,468.3169250488281,0.08958256989717484,549.2711181640625,472.7543640136719,0.0148750776425004,116.66789245605469,445.5657958984375,0.007725932169705629,400.1645812988281,480.0,0.000604826956987381,218.61679077148438,480.0,0.00031136328470893204,427.19720458984375,459.4323425292969,0.0008613100508227944,220.17367553710938,464.6993408203125,0.0005356020992621779,395.1605529785156,469.1239013671875,0.0004613887576851994,247.252685546875,455.8870849609375,0.00036651547998189926
20,webcam-0__tcn__20260807-122153_raw_30fps,237,238,7.9,background,1,1,1,1,0,0,0,640,480,0.9422416687011719,0,0.030242919921875,81.62933349609375,607.687744140625,478.9950866699219,337.9844055175781,263.59796142578125,0.9986417889595032,375.8594055175781,224.75326538085938,0.9960346817970276,300.6945495605469,220.63406372070312,0.9960193037986755,415.40557861328125,230.45159912109375,0.838306188583374,249.1479034423828,222.72979736328125,0.9666697382926941,456.49053955078125,353.2403869628906,0.9988449811935425,163.08566284179688,365.6636047363281,0.994126558303833,578.2796630859375,466.2498779296875,0.5760149955749512,28.41217041015625,468.2078552246094,0.08942794054746628,548.9968872070312,472.8684387207031,0.0160052627325058,114.85308837890625,446.51904296875,0.00728311063721776,398.5416259765625,480.0,0.0006388113833963871,217.701416015625,480.0,0.000318683625664562,424.94610595703125,460.0881042480469,0.000881916144862771,219.4656982421875,465.8283996582031,0.0005394048057496548,392.8103332519531,469.345703125,0.00046112717245705426,246.19192504882812,456.5462646484375,0.0003643579548224807
20,webcam-0__tcn__20260807-122153_raw_30fps,238,239,7.933333333333334,background,1,1,1,1,0,0,0,640,480,0.9421936273574829,0,0.117706298828125,81.6951904296875,609.0689697265625,478.98980712890625,338.0318908691406,263.7562255859375,0.998620867729187,375.880859375,224.77386474609375,0.995962917804718,300.5527038574219,220.65322875976562,0.9960822463035583,415.42779541015625,230.31668090820312,0.8272904753684998,248.695556640625,222.62515258789062,0.9674196243286133,456.6673278808594,353.01416015625,0.9988272786140442,163.41888427734375,364.886962890625,0.9940849542617798,578.0277099609375,465.0213623046875,0.571255624294281,27.518157958984375,466.97943115234375,0.09638846665620804,552.247314453125,472.52276611328125,0.014570824801921844,114.53028869628906,447.4331970214844,0.007291503716260195,397.82611083984375,480.0,0.000632976705674082,216.89059448242188,480.0,0.0003185778914485127,425.441650390625,460.3872375488281,0.0008705026120878756,218.54188537597656,466.0152587890625,0.0005372133455239236,393.050048828125,468.7987060546875,0.00047497107880190015,245.40982055664062,455.8996276855469,0.00037177299964241683
20,webcam-0__tcn__20260807-122153_raw_30fps,239,240,7.966666666666667,background,1,1,1,1,0,0,0,640,480,0.9422997832298279,0,0.0,81.82266235351562,608.509765625,479.01141357421875,338.0001525878906,263.8598937988281,0.9986143112182617,375.8789978027344,224.71241760253906,0.995829164981842,300.6024169921875,220.64401245117188,0.9962309002876282,415.3002014160156,230.04974365234375,0.8306743502616882,248.82188415527344,222.46810913085938,0.9716145396232605,456.38018798828125,353.0735778808594,0.9988299012184143,161.5395050048828,366.7101135253906,0.9935103058815002,577.6256103515625,465.0588684082031,0.567209780216217,28.917205810546875,468.7618713378906,0.07569460570812225,550.4083862304688,473.9405822753906,0.014437570236623287,119.32246398925781,446.92041015625,0.00699516199529171,397.2532958984375,480.0,0.0006759977550245821,215.67010498046875,480.0,0.0003256959025748074,425.17584228515625,460.4901123046875,0.0008488916791975498,219.8721466064453,466.64141845703125,0.0005243466584943235,392.9765930175781,468.2955017089844,0.000460112642031163,246.88905334472656,455.9001770019531,0.0003757938102353364
20,webcam-0__tcn__20260807-122153_raw_30fps,240,241,8.0,background,1,1,1,1,0,0,0,640,480,0.9410118460655212,0,0.6597900390625,81.79296875,609.546875,478.9783630371094,337.7677917480469,264.1722412109375,0.9986145496368408,376.0361328125,224.80923461914062,0.9957938194274902,300.5802307128906,220.65020751953125,0.9959172606468201,415.5741882324219,230.582763671875,0.8406484127044678,249.23355102539062,222.60330200195312,0.9702813029289246,456.58636474609375,353.1236267089844,0.998831570148468,161.18394470214844,366.6422119140625,0.9931159615516663,576.77587890625,465.0520324707031,0.5443039536476135,30.266387939453125,469.690673828125,0.06296582520008087,560.053955078125,471.65130615234375,0.015337612479925156,123.7203369140625,445.4517822265625,0.006770174019038677,398.4694519042969,480.0,0.0006561485934071243,216.1431884765625,480.0,0.00031329007470048964,427.3494873046875,460.0797424316406,0.0008513793000020087,221.82496643066406,465.15777587890625,0.0005364427925087512,396.074951171875,467.7298583984375,0.0004537281929515302,249.74905395507812,455.8033142089844,0.00038054949254728854
20,webcam-0__tcn__20260807-122153_raw_30fps,241,242,8.033333333333333,background,1,1,1,1,0,0,0,640,480,0.9423394799232483,0,0.0,81.52191162109375,608.6865234375,478.93414306640625,338.0252685546875,264.31231689453125,0.9986520409584045,376.2133483886719,225.3092041015625,0.9958602786064148,300.7159423828125,221.14117431640625,0.99581378698349,415.2093200683594,231.3993377685547,0.8238095641136169,248.9713134765625,223.41943359375,0.9671239852905273,455.15081787109375,353.9384460449219,0.9988565444946289,159.47845458984375,366.6396179199219,0.9940279722213745,576.4594116210938,465.2170715332031,0.6148402094841003,27.167816162109375,468.87518310546875,0.08792846649885178,555.5244750976562,474.0660705566406,0.014377700164914131,115.52044677734375,446.41314697265625,0.006669142749160528,397.885498046875,480.0,0.0007386290817521513,215.94659423828125,480.0,0.00037243153201416135,424.8885498046875,459.1131286621094,0.0008987765177153051,219.63906860351562,465.446533203125,0.0006025992915965617,393.3547668457031,466.9679260253906,0.00043694142368622124,247.83413696289062,454.7933044433594,0.0003878438728861511
20,webcam-0__tcn__20260807-122153_raw_30fps,242,243,8.066666666666666,background,1,1,1,1,0,0,0,640,480,0.942007303237915,0,0.3626708984375,81.13418579101562,609.1524658203125,478.9294128417969,338.14849853515625,264.2615661621094,0.9986822009086609,376.3213195800781,225.35650634765625,0.9957447648048401,300.8721923828125,221.15969848632812,0.9959254264831543,415.474365234375,231.85589599609375,0.8177333474159241,249.07858276367188,223.78463745117188,0.9681273698806763,454.9797668457031,353.9533386230469,0.9988686442375183,160.7234649658203,366.5513610839844,0.9935563206672668,575.4315795898438,465.00665283203125,0.6226490139961243,28.9271240234375,468.8335266113281,0.08131834864616394,561.2926025390625,474.25909423828125,0.0168216023594141,118.32734680175781,445.56903076171875,0.007128464989364147,397.13482666015625,480.0,0.0007146451389417052,215.77874755859375,480.0,0.000350179587258026,426.256103515625,458.8687744140625,0.0008956852252595127,220.96041870117188,464.2293701171875,0.0005965172313153744,395.0528564453125,466.48480224609375,0.00044431345304474235,248.3867950439453,454.31561279296875,0.00039489188930019736
20,webcam-0__tcn__20260807-122153_raw_30fps,243,244,8.1,background,1,1,1,1,0,0,0,640,480,0.9426800608634949,0,0.0,81.4656982421875,606.7737426757812,478.97955322265625,338.13714599609375,264.75775146484375,0.9986928105354309,376.674072265625,225.81796264648438,0.9961786270141602,300.8575439453125,221.50369262695312,0.9958404898643494,416.03033447265625,231.2672119140625,0.8217999339103699,248.87725830078125,222.83883666992188,0.9630667567253113,454.7411193847656,353.425537109375,0.9989171028137207,163.9718780517578,364.62335205078125,0.9945752620697021,575.2748413085938,463.95587158203125,0.6057660579681396,26.4691162109375,467.8760681152344,0.11002742499113083,556.0626220703125,473.3998107910156,0.01293299999088049,117.41757202148438,446.40185546875,0.007588167674839497,396.55902099609375,480.0,0.000680667522829026,217.033447265625,480.0,0.00035294395638629794,423.8553466796875,459.7296142578125,0.0008597951382398605,219.25323486328125,464.93597412109375,0.0005938337999396026,391.8623046875,468.114501953125,0.00047091080341488123,246.2489013671875,455.3212890625,0.0004074561584275216
20,webcam-0__tcn__20260807-122153_raw_30fps,244,245,8.133333333333333,background,1,1,1,1,0,0,0,640,480,0.9422519207000732,0,0.0,81.46542358398438,608.1102294921875,478.9624328613281,338.2870178222656,264.692626953125,0.9987837672233582,377.0375671386719,225.89724731445312,0.9962961077690125,301.0341491699219,221.44638061523438,0.9961296319961548,416.36016845703125,231.34530639648438,0.8181523680686951,248.87496948242188,222.64395141601562,0.9649165272712708,454.9388732910156,353.34417724609375,0.998865008354187,162.01876831054688,366.45941162109375,0.9940821528434753,575.101806640625,465.4052429199219,0.5883416533470154,26.957763671875,468.0756530761719,0.08425389975309372,556.573974609375,473.8038330078125,0.015027504414319992,117.68038940429688,446.3520202636719,0.0072610764764249325,399.0840148925781,480.0,0.0006339027313515544,218.1510009765625,480.0,0.0003172216529492289,425.306640625,460.0751647949219,0.0008532122592441738,220.7886962890625,465.56610107421875,0.0005577522679232061,393.4197998046875,467.697998046875,0.0004589890013448894,248.12762451171875,455.5540771484375,0.00038664424209855497
20,webcam-0__tcn__20260807-122153_raw_30fps,245,246,8.166666666666666,background,1,1,1,1,0,0,0,640,480,0.9419304132461548,0,0.0,81.72491455078125,607.8646240234375,478.9444580078125,338.3972473144531,264.56591796875,0.9988247752189636,377.0962219238281,225.94577026367188,0.9961967468261719,301.05059814453125,221.48919677734375,0.996326744556427,416.53924560546875,231.33029174804688,0.8192827105522156,248.64541625976562,222.72914123535156,0.9686192870140076,455.2533264160156,353.7144470214844,0.9988129138946533,159.1790313720703,368.60626220703125,0.9934139847755432,574.400146484375,466.0611572265625,0.5792661309242249,27.966400146484375,469.66668701171875,0.0634317472577095,554.506103515625,473.3479309082031,0.017681006342172623,118.3828125,445.640380859375,0.006527801044285297,397.1181945800781,480.0,0.0006810237537138164,214.75738525390625,480.0,0.0003200409410055727,424.4931640625,459.11639404296875,0.0008784712408669293,220.10052490234375,465.5469970703125,0.0005421451642177999,393.2987060546875,466.69268798828125,0.00044919209904037416,247.69911193847656,455.05291748046875,0.0003763536224141717
20,webcam-0__tcn__20260807-122153_raw_30fps,246,247,8.2,background,1,1,1,1,0,0,0,640,480,0.9429305195808411,0,0.0,82.32470703125,606.5126953125,478.9844970703125,338.6921081542969,264.38665771484375,0.9988052845001221,377.02960205078125,225.7748260498047,0.9961932897567749,301.2760314941406,221.29812622070312,0.996331512928009,416.44635009765625,231.06410217285156,0.8164229393005371,248.79727172851562,222.54359436035156,0.968619704246521,456.7596130371094,354.3062744140625,0.9987866282463074,160.63072204589844,368.1651306152344,0.9934213757514954,574.83837890625,467.0028991699219,0.5367169976234436,28.06890869140625,469.2880859375,0.06689884513616562,549.8356323242188,473.0816650390625,0.014972548931837082,119.92079162597656,445.03741455078125,0.006962021347135305,397.853271484375,480.0,0.0006226446130312979,215.70579528808594,480.0,0.0003020850708708167,422.50604248046875,459.26422119140625,0.0008394878823310137,219.37918090820312,465.5429992675781,0.0005208783550187945,391.6466064453125,467.4618835449219,0.00046699290396645665,246.59359741210938,455.55859375,0.000375964940758422
20,webcam-0__tcn__20260807-122153_raw_30fps,247,248,8.233333333333333,background,1,1,1,1,0,0,0,640,480,0.9419252276420593,0,0.0,82.5927734375,606.858642578125,478.9823303222656,338.532958984375,264.0116271972656,0.9988253712654114,376.8869934082031,225.74957275390625,0.9959794282913208,301.22161865234375,221.16465759277344,0.9963913559913635,415.96124267578125,231.9375,0.8147962689399719,248.62283325195312,223.20108032226562,0.9721857905387878,456.7859802246094,354.7835388183594,0.9987682700157166,158.2817840576172,369.9225158691406,0.9925409555435181,575.8062133789062,467.0823059082031,0.5412958860397339,30.236724853515625,471.0262756347656,0.05142495036125183,555.7512817382812,473.88641357421875,0.01829315721988678,121.30007934570312,445.05859375,0.006502534728497267,397.54931640625,480.0,0.0006579812616109848,214.12326049804688,480.0,0.0003055146080441773,423.8863220214844,459.0325927734375,0.0008590613724663854,220.27960205078125,465.29827880859375,0.0005317635368555784,393.6667785644531,466.48419189453125,0.0004526372067630291,247.62350463867188,455.24224853515625,0.00038273478276096284
20,webcam-0__tcn__20260807-122153_raw_30fps,248,249,8.266666666666667,background,1,1,1,1,0,0,0,640,480,0.9423440098762512,0,0.0,82.5794677734375,607.0435180664062,478.9580383300781,338.62603759765625,263.93927001953125,0.9988724589347839,377.130615234375,225.30592346191406,0.9960542917251587,301.2430419921875,220.84268188476562,0.9964732527732849,415.6681823730469,231.32899475097656,0.7986915111541748,248.36517333984375,222.78530883789062,0.971569299697876,456.14215087890625,354.4549560546875,0.9988068342208862,158.62942504882812,369.3606262207031,0.9925433397293091,575.767578125,466.5115966796875,0.5508513450622559,29.800628662109375,470.4718017578125,0.05357607081532478,557.0399169921875,474.44775390625,0.016623269766569138,119.39810180664062,444.70428466796875,0.006048528477549553,396.7803649902344,480.0,0.0006107463268563151,213.7288818359375,480.0,0.00028368286439217627,421.4226379394531,458.88037109375,0.0008216124260798097,218.6619873046875,465.1068420410156,0.0005145729519426823,390.9820861816406,466.33050537109375,0.0004492129082791507,245.34783935546875,454.88848876953125,0.00038126573781482875
20,webcam-0__tcn__20260807-122153_raw_30fps,249,250,8.3,background,1,1,1,1,0,0,0,640,480,0.940869927406311,0,0.0,82.65631103515625,607.298828125,478.917236328125,338.8045654296875,262.9665832519531,0.9987779259681702,377.0462646484375,223.54318237304688,0.9958333969116211,301.1595764160156,219.17884826660156,0.9963375329971313,415.8392028808594,230.79197692871094,0.8105842471122742,248.60696411132812,222.58209228515625,0.9734854698181152,455.964599609375,354.2078552246094,0.9987840056419373,158.3807373046875,369.44769287109375,0.9924994111061096,575.1124877929688,465.2276306152344,0.5860821008682251,30.75494384765625,470.4028625488281,0.05508202314376831,559.3173217773438,475.42340087890625,0.017654573544859886,117.06852722167969,444.9327392578125,0.0058048483915627,397.18841552734375,480.0,0.0006693779141642153,214.08001708984375,480.0,0.0003065600467380136,423.26953125,459.2969970703125,0.0009017992997542024,220.29879760742188,465.30596923828125,0.0005674674175679684,393.23809814453125,466.301513671875,0.0004385325300972909,247.10647583007812,455.19329833984375,0.0003912129905074835
20,webcam-0__tcn__20260807-122153_raw_30fps,250,251,8.333333333333334,background,1,1,1,1,0,0,0,640,480,0.943908154964447,0,0.20123291015625,82.1942138671875,606.203125,478.972412109375,338.44317626953125,262.5707702636719,0.9985628724098206,376.86907958984375,222.960205078125,0.9952504634857178,300.628662109375,218.09378051757812,0.9962632060050964,415.9052734375,231.25076293945312,0.8109837770462036,247.70693969726562,222.00994873046875,0.9773149490356445,456.93255615234375,354.31927490234375,0.9986839890480042,159.12991333007812,367.56829833984375,0.9925811290740967,575.914306640625,467.7236633300781,0.5621348023414612,30.569671630859375,471.0319519042969,0.06168605014681816,555.4562377929688,472.5119323730469,0.02310282364487648,120.85971069335938,444.95306396484375,0.006780410185456276,398.1175537109375,480.0,0.0006156467134132981,214.47332763671875,480.0,0.0002929058391600847,425.276123046875,460.6859436035156,0.000864680390805006,222.0047149658203,465.576416015625,0.0005355420871637762,394.75604248046875,467.98712158203125,0.0004488944250624627,249.3390350341797,456.8956298828125,0.0003784717118833214
20,webcam-0__tcn__20260807-122153_raw_30fps,251,252,8.366666666666667,background,1,1,1,1,0,0,0,640,480,0.9433605074882507,0,0.0,82.61306762695312,606.4869384765625,479.001708984375,338.1528625488281,262.48291015625,0.9987072944641113,376.911865234375,222.74319458007812,0.9954230189323425,300.58978271484375,217.82763671875,0.9961058497428894,416.20892333984375,231.23048400878906,0.8232986330986023,248.15472412109375,221.8314208984375,0.9755455851554871,456.9952392578125,354.54290771484375,0.998654842376709,155.9942626953125,370.74871826171875,0.9915428161621094,575.2669677734375,467.2897644042969,0.5377672910690308,33.2698974609375,473.3478698730469,0.042111869901418686,553.811279296875,472.212158203125,0.02179962396621704,124.61607360839844,444.1580810546875,0.00616492098197341,398.24212646484375,480.0,0.000667608343064785,212.84539794921875,480.0,0.0002908133319579065,426.1941833496094,459.13214111328125,0.0009449219796806574,224.06922912597656,465.13140869140625,0.0005431688041426241,395.7836608886719,466.9469909667969,0.00044178220559842885,251.8944091796875,456.67230224609375,0.0003679127839859575
20,webcam-0__tcn__20260807-122153_raw_30fps,252,253,8.4,background,1,1,1,1,0,0,0,640,480,0.9377198219299316,0,0.0,83.0191650390625,607.9402465820312,478.94915771484375,337.75360107421875,261.37310791015625,0.9986656904220581,375.9233703613281,221.88665771484375,0.9956069588661194,300.5123291015625,217.10879516601562,0.9957165122032166,414.4429626464844,231.8970184326172,0.8398687839508057,248.83444213867188,222.80343627929688,0.9741083383560181,457.34368896484375,354.56787109375,0.99870765209198,156.74591064453125,369.61273193359375,0.9918562173843384,573.7894287109375,466.5152893066406,0.5441622138023376,31.09405517578125,472.258056640625,0.04770693555474281,557.6121215820312,474.34375,0.01841512694954872,122.02204895019531,443.7825927734375,0.006136428564786911,400.18585205078125,480.0,0.0006674877949990332,214.75723266601562,480.0,0.00030191574478521943,427.1837158203125,460.031005859375,0.0009565267246216536,222.54168701171875,464.7378845214844,0.0005926467129029334,396.9920349121094,466.6549987792969,0.0004319427243899554,250.90249633789062,456.4122314453125,0.00038726639468222857
20,webcam-0__tcn__20260807-122153_raw_30fps,253,254,8.433333333333334,background,1,1,1,1,0,0,0,640,480,0.9433430433273315,0,0.0,83.702392578125,606.200927734375,478.9239501953125,337.3616638183594,261.3175048828125,0.9986133575439453,375.59222412109375,221.633056640625,0.9956423044204712,300.0489807128906,217.1908721923828,0.9958463311195374,414.26971435546875,231.45480346679688,0.8416634798049927,248.86720275878906,223.01902770996094,0.9735853672027588,455.0712890625,353.1474304199219,0.9987725615501404,158.52757263183594,367.534423828125,0.9934544563293457,575.9501953125,464.306884765625,0.5770777463912964,29.397552490234375,469.578369140625,0.06855770945549011,553.87255859375,475.4279479980469,0.017497289925813675,120.60336303710938,445.5008544921875,0.006740042939782143,396.9781799316406,480.0,0.0006141592748463154,213.368896484375,480.0,0.000297872960800305,422.534912109375,461.123779296875,0.0008207712671719491,220.79078674316406,466.6488037109375,0.0005308881518431008,391.08819580078125,466.83441162109375,0.00042516071698628366,249.093017578125,456.33251953125,0.000372871698345989
20,webcam-0__tcn__20260807-122153_raw_30fps,254,255,8.466666666666667,background,1,1,1,1,0,0,0,640,480,0.9433030486106873,0,0.0,83.6339111328125,605.6924438476562,478.96099853515625,337.1418151855469,261.6036376953125,0.9984946250915527,375.3704833984375,221.6966552734375,0.9954843521118164,299.5661926269531,217.28390502929688,0.9959844350814819,414.16229248046875,230.4593505859375,0.8326684236526489,247.95526123046875,222.1325225830078,0.9740492105484009,455.1926574707031,352.8019104003906,0.9987406134605408,160.30126953125,365.2147216796875,0.994210958480835,577.3533325195312,465.2622985839844,0.5718598961830139,27.62445068359375,467.8265686035156,0.09288162738084793,547.9922485351562,473.20953369140625,0.01731678657233715,114.16555786132812,445.82623291015625,0.0073320562951266766,396.0403747558594,480.0,0.0006163291982375085,213.649169921875,480.0,0.0003191193100064993,420.135986328125,461.7239074707031,0.0008350966381840408,218.47866821289062,467.6394958496094,0.0005415695486590266,388.6609191894531,468.47821044921875,0.0004432547721080482,246.45703125,457.1827392578125,0.00037069604150019586
20,webcam-0__tcn__20260807-122153_raw_30fps,255,256,8.5,background,1,1,1,1,0,0,0,640,480,0.9417036771774292,0,0.0,83.7728271484375,606.9862670898438,478.9696044921875,337.0054931640625,261.72967529296875,0.9985494017601013,374.86981201171875,222.08273315429688,0.9955229759216309,299.6333312988281,217.60691833496094,0.9957371950149536,412.87750244140625,231.32565307617188,0.8209273815155029,247.8204803466797,222.95977783203125,0.9719281792640686,454.3914489746094,352.3471374511719,0.9987958669662476,159.79629516601562,365.6856994628906,0.9936990737915039,576.7304077148438,465.4278564453125,0.5989217162132263,27.244049072265625,468.43304443359375,0.08896078914403915,549.209716796875,474.01361083984375,0.018500210717320442,114.18556213378906,446.1265563964844,0.007202954962849617,396.0904846191406,480.0,0.0006933611584827304,213.80755615234375,480.0,0.00034731236519291997,421.2315368652344,460.5210876464844,0.0009231985895894468,218.22984313964844,466.4639892578125,0.0005996330291964114,390.08154296875,467.6756591796875,0.0004504108801484108,246.07154846191406,456.5328674316406,0.0003926458302885294
20,webcam-0__tcn__20260807-122153_raw_30fps,256,257,8.533333333333333,background,1,1,1,1,0,0,0,640,480,0.9419510364532471,0,0.0,84.1104736328125,606.42529296875,478.96771240234375,336.81072998046875,261.76068115234375,0.9985278844833374,374.67291259765625,222.16494750976562,0.9955160021781921,299.2616882324219,217.64544677734375,0.995900571346283,412.40863037109375,231.84652709960938,0.8166924715042114,247.0064239501953,223.4310760498047,0.974484384059906,454.35626220703125,352.3958740234375,0.9988178610801697,159.932861328125,365.32196044921875,0.9933806657791138,576.2623901367188,464.7685546875,0.5917590260505676,27.693634033203125,467.488037109375,0.08907381445169449,549.0531005859375,475.5888671875,0.016469134017825127,116.79627990722656,446.228515625,0.007450054865330458,395.93658447265625,480.0,0.0006795131484977901,213.85626220703125,480.0,0.0003431571531109512,420.501953125,461.3335266113281,0.0008793498273007572,218.50802612304688,466.65863037109375,0.0005979790585115552,390.0690612792969,467.8123779296875,0.00045778678031638265,246.15737915039062,456.79388427734375,0.0004148148582316935
20,webcam-0__tcn__20260807-122153_raw_30fps,257,258,8.566666666666666,background,1,1,1,1,0,0,0,640,480,0.9443341493606567,0,0.0,83.82720947265625,605.3860473632812,478.9674377441406,336.2865905761719,261.8812561035156,0.9985939860343933,374.3103942871094,221.9144287109375,0.995148241519928,298.334716796875,217.744140625,0.9962371587753296,412.386474609375,231.0623779296875,0.7960823774337769,245.628662109375,223.44601440429688,0.9775111675262451,454.13018798828125,352.8884582519531,0.9988207221031189,157.56387329101562,367.86395263671875,0.9922232031822205,575.0582885742188,464.68963623046875,0.6116397976875305,28.969329833984375,469.59234619140625,0.0638003721833229,550.6766357421875,477.6083068847656,0.019165681675076485,118.58981323242188,445.25433349609375,0.006300906650722027,395.40771484375,480.0,0.0006747893057763577,212.669189453125,480.0,0.00031216698698699474,421.1219482421875,460.4414978027344,0.0008860095404088497,220.6930389404297,466.5977478027344,0.0005761252832598984,391.5116271972656,466.8346252441406,0.0004456948663573712,247.90614318847656,456.47723388671875,0.00040779521805234253
20,webcam-0__tcn__20260807-122153_raw_30fps,258,259,8.6,background,1,1,1,1,0,0,0,640,480,0.9436604380607605,0,0.0,83.0985107421875,605.4129028320312,478.95404052734375,335.9687194824219,261.94268798828125,0.9986031651496887,374.18109130859375,221.892822265625,0.9953232407569885,298.2803955078125,217.78732299804688,0.9957932233810425,412.48419189453125,230.9062957763672,0.8109643459320068,246.3501434326172,223.29330444335938,0.9720141887664795,454.1225891113281,352.6441955566406,0.9988405108451843,159.35653686523438,366.58148193359375,0.9929996728897095,576.885986328125,465.19329833984375,0.5859596133232117,27.936767578125,469.32501220703125,0.07403198629617691,546.2276611328125,476.6589050292969,0.016876649111509323,119.41946411132812,445.98284912109375,0.0065451436676084995,395.0956115722656,480.0,0.0007341624004766345,212.82843017578125,480.0,0.00034664414124563336,422.0282287597656,459.8031005859375,0.0009331435430794954,219.912109375,466.2380065917969,0.0005885566351935267,391.4280090332031,467.6565856933594,0.00047352066030725837,247.1112060546875,456.68524169921875,0.0004024126974400133
20,webcam-0__tcn__20260807-122153_raw_30fps,259,260,8.633333333333333,background,1,1,1,1,0,0,0,640,480,0.9430826306343079,0,0.0,83.5592041015625,605.37744140625,478.9855651855469,335.8604736328125,261.69085693359375,0.9987764954566956,374.0511474609375,223.40774536132812,0.9957876801490784,298.2178039550781,219.2520294189453,0.9958533048629761,413.16632080078125,230.234619140625,0.8143688440322876,245.79376220703125,222.5897216796875,0.9650664925575256,455.35162353515625,353.2352600097656,0.9988458156585693,158.77593994140625,367.76959228515625,0.9928531050682068,577.7869873046875,467.12139892578125,0.5468807816505432,30.05914306640625,470.4191589355469,0.062005624175071716,544.3180541992188,475.9723205566406,0.018351662904024124,121.1148681640625,445.1112976074219,0.006747401785105467,396.4547119140625,480.0,0.0007061323267407715,213.87319946289062,480.0,0.0003304865094833076,422.2608642578125,459.26922607421875,0.0009008002234622836,218.9796905517578,465.5082092285156,0.0005450864555314183,392.14306640625,467.9693298339844,0.00048052804777398705,246.56961059570312,456.4329528808594,0.0003879264695569873
20,webcam-0__tcn__20260807-122153_raw_30fps,260,261,8.666666666666666,background,1,1,1,1,0,0,0,640,480,0.9432780146598816,0,0.0,83.87786865234375,606.1906127929688,479.0320739746094,335.584228515625,261.8262634277344,0.9987478256225586,373.94635009765625,224.843994140625,0.9961458444595337,297.8289794921875,220.26031494140625,0.9956499934196472,413.78546142578125,230.93096923828125,0.8399397730827332,244.74285888671875,222.4609375,0.9628926515579224,456.2763977050781,353.7187805175781,0.9988518953323364,157.66273498535156,368.4945983886719,0.9930747747421265,577.4569091796875,467.8073425292969,0.5391679406166077,29.440643310546875,470.48321533203125,0.06318140774965286,545.2665405273438,476.3932800292969,0.018288593739271164,121.58282470703125,445.02899169921875,0.0073032137006521225,397.6792907714844,480.0,0.0006796630914323032,215.27249145507812,480.0,0.0003298399969935417,421.6112365722656,459.73187255859375,0.0008531318744644523,219.36184692382812,466.293212890625,0.0005322775105014443,392.06719970703125,467.9674072265625,0.0004791028914041817,247.61343383789062,456.34619140625,0.0003951165417674929
20,webcam-0__tcn__20260807-122153_raw_30fps,261,262,8.7,background,1,1,1,1,0,0,0,640,480,0.9421803951263428,0,0.0,83.56903076171875,606.113037109375,478.98077392578125,335.300537109375,261.2049865722656,0.998789370059967,373.8053894042969,222.3545379638672,0.995766282081604,298.01220703125,218.0372314453125,0.9962473511695862,412.2828369140625,230.10385131835938,0.812553882598877,245.76333618164062,221.94290161132812,0.9713034629821777,455.154296875,352.6137390136719,0.9987905621528625,159.2311248779297,367.03204345703125,0.9927505254745483,576.44970703125,467.3668212890625,0.5358575582504272,29.92022705078125,469.6248474121094,0.06353621929883957,546.3189086914062,475.8131103515625,0.018403757363557816,121.76606750488281,445.35595703125,0.0070353103801608086,398.4065246582031,480.0,0.0006501928437501192,216.02818298339844,480.0,0.00030928844353184104,422.14129638671875,459.5758056640625,0.000930361682549119,219.925537109375,465.9039306640625,0.0005512788193300366,393.024658203125,468.1047668457031,0.0004887303221039474,248.32778930664062,456.6709899902344,0.0003835434326902032
20,webcam-0__tcn__20260807-122153_raw_30fps,262,263,8.733333333333333,background,1,1,1,1,0,0,0,640,480,0.9423707127571106,0,0.0,82.97134399414062,605.134521484375,478.99566650390625,335.2359924316406,261.24652099609375,0.9988046884536743,373.6321105957031,222.1595001220703,0.9957973957061768,297.925537109375,217.8036346435547,0.9962615370750427,412.2080078125,229.88339233398438,0.8110094666481018,245.8094482421875,221.69525146484375,0.9710034132003784,455.00909423828125,353.01165771484375,0.9988058805465698,157.56141662597656,368.0001525878906,0.9928596019744873,575.900390625,466.8316955566406,0.5727146863937378,28.607696533203125,469.96185302734375,0.06641390174627304,544.6800537109375,476.2362365722656,0.01644630916416645,118.4075927734375,445.0833740234375,0.0064825210720300674,397.772705078125,480.0,0.0006612315773963928,215.0441436767578,480.0,0.00031355873215943575,421.0777893066406,459.555419921875,0.0009461304871365428,218.66127014160156,466.305908203125,0.000574738543946296,392.02142333984375,467.76519775390625,0.0004673565272241831,247.54640197753906,456.59124755859375,0.00038772259722463787
20,webcam-0__tcn__20260807-122153_raw_30fps,263,264,8.766666666666667,background,1,1,1,1,0,0,0,640,480,0.9433751702308655,0,0.0,82.95733642578125,605.7494506835938,478.9906921386719,335.2588806152344,261.1142883300781,0.9988364577293396,373.57244873046875,222.14053344726562,0.995884120464325,297.9815673828125,217.7166290283203,0.996212363243103,412.0400085449219,229.7388153076172,0.8085303902626038,245.79452514648438,221.44215393066406,0.9698254466056824,454.94659423828125,353.101806640625,0.9987843632698059,157.40115356445312,368.3889465332031,0.9928204417228699,575.5794677734375,467.046630859375,0.5575947165489197,28.51910400390625,470.4014892578125,0.0643097311258316,545.5831298828125,475.99859619140625,0.017041625455021858,119.87132263183594,444.7347717285156,0.006576222833245993,397.9458312988281,480.0,0.0006508742226287723,215.03225708007812,480.0,0.0003084168420173228,421.8913879394531,459.407470703125,0.0009539955644868314,219.4710235595703,466.43646240234375,0.0005722405621781945,392.7123107910156,467.4318542480469,0.00047048190026544034,248.41162109375,456.331298828125,0.0003821831487584859
20,webcam-0__tcn__20260807-122153_raw_30fps,264,265,8.8,background,1,1,1,1,0,0,0,640,480,0.9430758953094482,0,0.0,82.5535888671875,605.58935546875,479.00543212890625,335.20654296875,261.02789306640625,0.9988566637039185,373.2785949707031,221.87429809570312,0.996023416519165,297.8854064941406,217.65933227539062,0.9961104989051819,411.95172119140625,228.98196411132812,0.8143612146377563,245.902099609375,221.17501831054688,0.967231273651123,454.70196533203125,353.1011962890625,0.9988037347793579,157.4000701904297,368.35870361328125,0.9929350018501282,575.598876953125,466.43365478515625,0.5619571208953857,28.637237548828125,470.3461608886719,0.06695466488599777,543.4319458007812,475.7716064453125,0.016693992540240288,119.38552856445312,443.9649963378906,0.006882503163069487,396.88250732421875,480.0,0.0006725476705469191,214.54446411132812,480.0,0.0003188644477631897,420.1166687011719,459.0546875,0.000954509770963341,218.48504638671875,466.185302734375,0.0005734053556807339,390.33734130859375,467.3784484863281,0.0004680344136431813,247.08619689941406,456.2060546875,0.0003806980384979397
20,webcam-0__tcn__20260807-122153_raw_30fps,265,266,8.833333333333334,background,1,1,1,1,0,0,0,640,480,0.9436622262001038,0,0.0,83.27554321289062,605.8167724609375,478.94195556640625,335.6032409667969,261.35394287109375,0.9989091157913208,374.03289794921875,221.79812622070312,0.9961636066436768,298.0798034667969,217.33453369140625,0.9959238767623901,413.300048828125,229.35113525390625,0.8293915390968323,246.17724609375,221.005859375,0.9672619104385376,455.3175964355469,354.38720703125,0.998745322227478,154.1715850830078,371.65423583984375,0.9926385879516602,572.8951416015625,463.0487365722656,0.5525490641593933,28.660064697265625,473.6778564453125,0.05121435225009918,555.8088989257812,475.10992431640625,0.016521668061614037,122.89274597167969,444.7388610839844,0.0062937866896390915,396.4124450683594,480.0,0.0006744652055203915,212.04916381835938,480.0,0.0003081141330767423,422.1672668457031,458.7995300292969,0.0009433644008822739,220.76132202148438,466.7905578613281,0.0005764908855780959,391.1430358886719,465.24761962890625,0.00043180474312976,249.9263916015625,455.3554382324219,0.00036829651799052954
20,webcam-0__tcn__20260807-122153_raw_30fps,266,267,8.866666666666667,background,1,1,1,1,0,0,0,640,480,0.9434639811515808,0,0.0,83.77178955078125,605.2133178710938,478.9222717285156,335.6004943847656,261.24017333984375,0.9989644289016724,373.9444580078125,221.7975616455078,0.996276319026947,298.2376708984375,217.30221557617188,0.9958651065826416,412.7998046875,229.43316650390625,0.8236556053161621,246.40048217773438,220.9920654296875,0.9659539461135864,454.8535461425781,354.6221008300781,0.9987667798995972,153.09796142578125,372.05584716796875,0.9928238391876221,572.189453125,462.8644104003906,0.5623777508735657,27.00543212890625,473.93902587890625,0.05134809762239456,558.0698852539062,474.55145263671875,0.017629394307732582,123.25764465332031,444.6960144042969,0.006156194489449263,395.96728515625,480.0,0.00060256541473791,211.41452026367188,480.0,0.0002764455566648394,421.2337646484375,458.85528564453125,0.000920297869015485,221.04959106445312,466.9933776855469,0.000566945702303201,389.8910217285156,464.051025390625,0.00041806374792940915,250.70831298828125,454.3897399902344,0.0003565122024156153
20,webcam-0__tcn__20260807-122153_raw_30fps,267,268,8.9,background,1,1,1,1,0,0,0,640,480,0.9424039721488953,0,0.0,83.5235595703125,605.4901733398438,478.92034912109375,335.5161437988281,261.1286926269531,0.9989044666290283,373.8258056640625,221.68472290039062,0.9960810542106628,298.2041931152344,217.2782745361328,0.9960983991622925,412.77276611328125,229.21852111816406,0.8234363794326782,246.44583129882812,220.94638061523438,0.969341516494751,455.01129150390625,354.2054748535156,0.9987420439720154,155.63690185546875,371.11163330078125,0.9925345182418823,571.8692016601562,463.7515563964844,0.5603246688842773,27.96405029296875,472.1509094238281,0.05160896107554436,555.3897094726562,474.33831787109375,0.018083034083247185,122.72232055664062,443.6983337402344,0.00635175034403801,397.3373718261719,480.0,0.0006336683873087168,213.8871307373047,480.0,0.0002891434996854514,423.0926513671875,457.8658142089844,0.0009693870088085532,221.6085205078125,465.7725524902344,0.000579126353841275,392.9579162597656,465.34637451171875,0.00044394528958946466,251.1344451904297,454.9563293457031,0.00036901733255945146
20,webcam-0__tcn__20260807-122153_raw_30fps,268,269,8.933333333333334,background,1,1,1,1,0,0,0,640,480,0.9426695704460144,0,0.0,83.4215087890625,606.4159545898438,478.92279052734375,335.596923828125,260.98614501953125,0.9988664388656616,373.8871154785156,221.72805786132812,0.9960917830467224,298.6092224121094,217.3399200439453,0.9961044788360596,413.0604248046875,229.55909729003906,0.8279281854629517,247.400390625,221.1630859375,0.9680477380752563,455.01776123046875,353.8841247558594,0.9987504482269287,158.28564453125,368.74859619140625,0.9931578040122986,572.9095458984375,462.7384948730469,0.55218905210495,28.5848388671875,471.193115234375,0.06166122481226921,551.6815185546875,474.6346740722656,0.016114776954054832,121.97599792480469,444.28900146484375,0.0064469906501472,396.3802490234375,480.0,0.0006849238416180015,214.31472778320312,480.0,0.00032135320361703634,420.61663818359375,457.78466796875,0.0009889035718515515,220.52212524414062,465.0150451660156,0.0005972388898953795,390.83544921875,465.67431640625,0.0004684432642534375,249.06460571289062,454.46368408203125,0.0003828274493571371
20,webcam-0__tcn__20260807-122153_raw_30fps,269,270,8.966666666666667,background,1,1,1,1,0,0,0,640,480,0.9418032765388489,0,0.0,84.69219970703125,606.3624267578125,478.9273376464844,336.61248779296875,261.39129638671875,0.9988400340080261,374.5245666503906,222.46237182617188,0.9960306286811829,299.56585693359375,217.79385375976562,0.9959046244621277,413.61090087890625,229.76727294921875,0.831627607345581,247.9398193359375,221.01828002929688,0.9677333831787109,456.326171875,354.0075378417969,0.9987121820449829,156.9518585205078,369.6437072753906,0.9929472208023071,574.5247192382812,464.6273193359375,0.5159249305725098,29.500762939453125,471.3504943847656,0.05660775303840637,544.5833740234375,474.7048645019531,0.014021500013768673,121.71382141113281,444.329345703125,0.0062227873131632805,396.6715393066406,480.0,0.0007255364907905459,213.1949462890625,480.0,0.00034085396328009665,421.29296875,457.0374450683594,0.000973756134044379,219.54074096679688,464.70196533203125,0.0005788272246718407,390.9705505371094,466.4315185546875,0.0004729592183139175,247.85903930664062,455.389892578125,0.00038299395237118006
20,webcam-0__tcn__20260807-122153_raw_30fps,270,271,9.0,background,1,1,1,1,0,0,0,640,480,0.9430529475212097,0,0.0,84.79324340820312,605.3084106445312,478.9296875,337.26885986328125,261.6054992675781,0.9987632036209106,374.8023681640625,222.50360107421875,0.9958881735801697,299.8783874511719,217.9766387939453,0.9957928657531738,413.587646484375,230.24716186523438,0.8188300132751465,247.91162109375,221.90878295898438,0.9681202173233032,455.0729064941406,353.92767333984375,0.9987707734107971,158.4680938720703,368.4278869628906,0.9935001730918884,574.0883178710938,464.7247314453125,0.5561773180961609,27.62469482421875,469.7026672363281,0.06855781376361847,547.3751831054688,473.9297180175781,0.016570519655942917,119.46798706054688,444.339111328125,0.006181648932397366,396.19622802734375,480.0,0.0006677308701910079,213.95285034179688,480.0,0.00031758990371599793,420.4598388671875,458.2060852050781,0.0009786782320588827,218.92703247070312,465.92529296875,0.0005737741594202816,389.3070983886719,466.8287353515625,0.000470449827844277,246.6353302001953,455.62066650390625,0.0003646630502771586
20,webcam-0__tcn__20260807-122153_raw_30fps,271,272,9.033333333333333,background,1,1,1,1,0,0,0,640,480,0.9427344799041748,0,0.0,83.6622314453125,607.96240234375,478.89794921875,337.1669006347656,261.4893493652344,0.9987794756889343,374.7451477050781,222.48489379882812,0.9960390329360962,300.0044250488281,217.88565063476562,0.9956728219985962,413.52685546875,230.22808837890625,0.8272686004638672,248.3087158203125,221.63693237304688,0.966198205947876,455.884033203125,354.3958740234375,0.9987682700157166,158.89613342285156,368.33880615234375,0.9933766722679138,573.235107421875,464.18353271484375,0.5516002178192139,27.8798828125,469.6951904296875,0.06696520745754242,554.8988037109375,474.8059387207031,0.015749234706163406,118.68562316894531,443.91986083984375,0.006062031257897615,396.7218933105469,480.0,0.000700207834597677,214.33047485351562,480.0,0.00033818825613707304,420.54864501953125,457.14300537109375,0.0009869250934571028,218.7294921875,464.66326904296875,0.0006032087258063257,389.32257080078125,465.90380859375,0.0004746174090541899,246.2891845703125,454.66387939453125,0.00038286528433673084
20,webcam-0__tcn__20260807-122153_raw_30fps,272,273,9.066666666666666,background,1,1,1,1,0,0,0,640,480,0.9433868527412415,0,0.0,83.56097412109375,607.90234375,478.87457275390625,338.0257873535156,262.40478515625,0.9987789988517761,375.9565734863281,223.48049926757812,0.9960222840309143,300.709228515625,218.703369140625,0.995931088924408,414.98516845703125,230.37896728515625,0.8214563727378845,248.61141967773438,221.33018493652344,0.9683704972267151,455.443115234375,353.90252685546875,0.9987229704856873,160.1981964111328,367.60833740234375,0.9939663410186768,573.3532104492188,464.51959228515625,0.5669007897377014,26.425628662109375,469.41796875,0.07066542655229568,561.01904296875,470.635009765625,0.02789667621254921,116.38792419433594,443.2544250488281,0.0068940529599785805,396.31134033203125,480.0,0.000596697791479528,214.52239990234375,480.0,0.000289673829684034,420.16168212890625,457.6456604003906,0.0009574060677550733,219.00152587890625,465.00616455078125,0.0005461312248371542,388.329345703125,465.572265625,0.0004782175237778574,246.4296875,454.0382995605469,0.0003524145868141204
20,webcam-0__tcn__20260807-122153_raw_30fps,273,274,9.1,background,1,1,1,1,0,0,0,640,480,0.9430074095726013,0,0.0,83.9661865234375,607.6417846679688,478.892822265625,338.0758972167969,262.3971252441406,0.9987591505050659,375.9026794433594,223.75253295898438,0.9959741234779358,300.76837158203125,218.79591369628906,0.9959328770637512,414.6094055175781,230.77886962890625,0.8152869939804077,248.24081420898438,221.4077911376953,0.9698203802108765,454.517578125,353.9559326171875,0.9987857937812805,160.18984985351562,367.5697021484375,0.9936909675598145,574.3965454101562,464.57574462890625,0.5835715532302856,27.98291015625,468.7431640625,0.0704122856259346,559.4088134765625,469.8773193359375,0.029292788356542587,119.34042358398438,444.5513000488281,0.0071153356693685055,396.623291015625,480.0,0.0006230236031115055,214.92678833007812,480.0,0.0002985097817145288,422.4455871582031,458.08331298828125,0.0009508540970273316,220.63739013671875,465.43353271484375,0.0005456847720779479,390.5921630859375,466.11541748046875,0.00047724071191623807,248.35174560546875,454.706787109375,0.00035644337185658514
20,webcam-0__tcn__20260807-122153_raw_30fps,274,275,9.133333333333333,background,1,1,1,1,0,0,0,640,480,0.9426558017730713,0,0.075286865234375,83.39910888671875,611.0812377929688,478.9097900390625,338.2352600097656,262.562744140625,0.9987196922302246,376.0001220703125,223.66168212890625,0.9960957169532776,300.6202392578125,218.8157196044922,0.9960534572601318,415.092529296875,230.61209106445312,0.8244600296020508,247.8544921875,221.563232421875,0.971897542476654,454.2490234375,353.8311767578125,0.9988046884536743,159.18141174316406,368.6093444824219,0.993519127368927,573.7793579101562,462.86541748046875,0.5632479190826416,27.799591064453125,469.41986083984375,0.06446955353021622,557.54443359375,474.3954162597656,0.01737353205680847,120.15408325195312,445.48736572265625,0.006395237520337105,396.81219482421875,480.0,0.0006466197082772851,215.20614624023438,480.0,0.00030888826586306095,421.316162109375,458.04498291015625,0.0008905241265892982,221.24560546875,465.6112976074219,0.0005434295162558556,388.80517578125,465.8052978515625,0.0004686558386310935,248.14254760742188,454.50372314453125,0.0003814471419900656
20,webcam-0__tcn__20260807-122153_raw_30fps,275,276,9.166666666666666,background,1,1,1,1,0,0,0,640,480,0.9431118965148926,0,0.644073486328125,83.4547119140625,614.30029296875,478.8989562988281,338.1419372558594,262.8183288574219,0.9986984729766846,375.7440185546875,224.03146362304688,0.996086597442627,300.584228515625,219.28591918945312,0.9957796335220337,414.3924560546875,231.3009033203125,0.825746476650238,248.05372619628906,222.45321655273438,0.9697782397270203,455.2469482421875,353.9410705566406,0.9988201260566711,159.46168518066406,368.0050354003906,0.9932768940925598,573.490478515625,463.5621643066406,0.5476809144020081,27.44293212890625,469.05474853515625,0.0614611841738224,562.8549194335938,476.35272216796875,0.016709621995687485,118.19126892089844,445.4676818847656,0.0062911720015108585,397.97442626953125,480.0,0.0006372243515215814,216.16000366210938,480.0,0.00030641743796877563,421.79034423828125,459.6838073730469,0.0008847303106449544,221.9716796875,466.291015625,0.0005597405252046883,389.5232238769531,466.02789306640625,0.0004645937879104167,248.72283935546875,455.0384826660156,0.0003877420094795525
20,webcam-0__tcn__20260807-122153_raw_30fps,276,277,9.2,background,1,1,1,1,0,0,0,640,480,0.9435418844223022,0,0.691925048828125,83.82763671875,611.492431640625,478.9232482910156,338.1401672363281,262.98095703125,0.9987636804580688,375.9319152832031,224.09532165527344,0.9960038065910339,300.5256042480469,219.35983276367188,0.9959200620651245,414.7329406738281,231.22691345214844,0.8198233246803284,247.80252075195312,222.4097442626953,0.9704059362411499,456.273193359375,354.4332275390625,0.9987801909446716,158.35714721679688,369.1297607421875,0.992767333984375,573.4742431640625,465.2550048828125,0.5313587188720703,28.81890869140625,471.1231994628906,0.0522952675819397,562.3380126953125,475.8564453125,0.018562832847237587,120.64300537109375,444.4927673339844,0.00627912487834692,397.6952819824219,480.0,0.0006354301003739238,214.68392944335938,480.0,0.00029956348589621484,421.7922058105469,458.9287109375,0.0008978067780844867,221.46246337890625,465.75347900390625,0.0005557090044021606,390.5002136230469,465.64276123046875,0.0004579137603286654,248.843994140625,454.701904296875,0.00037954829167574644
20,webcam-0__tcn__20260807-122153_raw_30fps,277,278,9.233333333333333,background,1,1,1,1,0,0,0,640,480,0.942987859249115,0,0.0,83.4110107421875,608.3468017578125,478.9119567871094,338.0458984375,263.814208984375,0.9987043142318726,376.3409729003906,224.25778198242188,0.9959226846694946,300.8564758300781,219.8671112060547,0.9959644079208374,415.7396240234375,230.78515625,0.841556191444397,249.78213500976562,222.35308837890625,0.9693554043769836,457.121337890625,354.58209228515625,0.9987585544586182,158.9389190673828,368.3489074707031,0.9940266609191895,576.0679321289062,464.71832275390625,0.5401641726493835,26.710540771484375,470.49462890625,0.06758355349302292,555.4822387695312,476.339111328125,0.014951355755329132,116.96636962890625,444.4666442871094,0.0069721657782793045,398.6815185546875,480.0,0.0006850057980045676,214.8822021484375,480.0,0.0003381099668331444,425.865966796875,459.15045166015625,0.0008651500102132559,221.25262451171875,464.9353942871094,0.0005539617268368602,392.7406921386719,466.1851501464844,0.00042856697109527886,249.24545288085938,454.3984680175781,0.0003633508167695254
20,webcam-0__tcn__20260807-122153_raw_30fps,278,279,9.266666666666667,background,1,1,1,1,0,0,0,640,480,0.943202793598175,0,0.0,83.62313842773438,607.4935302734375,478.8912353515625,338.01959228515625,263.7181396484375,0.998782217502594,376.3970642089844,224.276123046875,0.9960557222366333,300.7771301269531,219.8524169921875,0.9960755705833435,415.4146728515625,230.70831298828125,0.8280759453773499,249.33541870117188,222.21237182617188,0.9687972664833069,456.8109436035156,354.42657470703125,0.9987830519676208,159.231689453125,368.5825500488281,0.9939318895339966,574.8126220703125,464.89166259765625,0.5322104692459106,26.705352783203125,470.98907470703125,0.06746245175600052,555.87158203125,476.25115966796875,0.013987603597342968,119.27552795410156,444.8175354003906,0.0073328479193151,400.8731689453125,480.0,0.0006389227928593755,216.77182006835938,480.0,0.0003103914496023208,430.30963134765625,460.6934814453125,0.0008326112292706966,224.17440795898438,466.1531982421875,0.0005208929651416838,396.1611022949219,466.78125,0.0004275026440154761,252.62509155273438,455.03472900390625,0.00034836886334232986
20,webcam-0__tcn__20260807-122153_raw_30fps,279,280,9.3,background,1,1,1,1,0,0,0,640,480,0.9430466890335083,0,0.0,83.01251220703125,607.3037719726562,478.8691101074219,337.77984619140625,264.0867919921875,0.9987190961837769,376.38702392578125,224.56610107421875,0.9960106611251831,300.8871154785156,220.3395538330078,0.995873749256134,415.98876953125,230.41738891601562,0.8424374461174011,250.26394653320312,222.08413696289062,0.9663243889808655,456.2954406738281,354.46856689453125,0.9988033771514893,160.0843505859375,368.1015319824219,0.9943419694900513,574.8056640625,464.6504211425781,0.5749815106391907,25.146453857421875,470.4117736816406,0.07623424381017685,560.8006591796875,477.1649169921875,0.01472952775657177,115.01043701171875,445.45391845703125,0.007268608082085848,400.12945556640625,480.0,0.0006467312923632562,217.01373291015625,480.0,0.0003162203647661954,430.4399108886719,460.297119140625,0.0008439717348664999,224.053955078125,465.8434143066406,0.0005306286620907485,397.1610412597656,466.4351501464844,0.00042596430284902453,252.3917236328125,454.3507995605469,0.0003513983974698931
20,webcam-0__tcn__20260807-122153_raw_30fps,280,281,9.333333333333334,background,1,1,1,1,0,0,0,640,480,0.942533016204834,0,0.0,82.9295654296875,611.0999755859375,478.8226623535156,337.4794921875,264.4842224121094,0.998674750328064,376.4724426269531,224.79083251953125,0.9960237741470337,300.748779296875,220.46234130859375,0.9956125020980835,416.40850830078125,230.875732421875,0.8467544913291931,250.61798095703125,222.13668823242188,0.9613409042358398,455.5856018066406,353.8617248535156,0.9988152980804443,162.83798217773438,366.1496887207031,0.9948093891143799,574.2373046875,463.02349853515625,0.6057758927345276,26.111236572265625,468.9791564941406,0.09183871746063232,564.6640625,475.67254638671875,0.019457584246993065,114.57742309570312,446.6058044433594,0.008128060027956963,400.09515380859375,480.0,0.0006651679868809879,217.95077514648438,480.0,0.0003304436686448753,430.51043701171875,460.277099609375,0.0008875207277014852,223.4351806640625,465.14764404296875,0.0005527064786292613,396.52435302734375,466.67901611328125,0.00043758313404396176,251.44508361816406,454.1385192871094,0.0003498520818538964
20,webcam-0__tcn__20260807-122153_raw_30fps,281,282,9.366666666666667,background,1,1,1,1,0,0,0,640,480,0.9435428977012634,0,0.0,83.94171142578125,606.7763671875,478.849365234375,337.6007080078125,264.5293273925781,0.9987344145774841,376.6461486816406,225.1339111328125,0.9960681200027466,300.88580322265625,220.7169189453125,0.9958343505859375,416.5267028808594,230.78875732421875,0.8335099816322327,250.490966796875,221.85989379882812,0.9618427753448486,455.77740478515625,353.7740478515625,0.9988245368003845,163.2693634033203,366.0715637207031,0.9947701096534729,573.231689453125,463.5708923339844,0.6137477159500122,25.803924560546875,468.9141845703125,0.09252993017435074,563.3219604492188,474.0881652832031,0.020013075321912766,114.51817321777344,446.23529052734375,0.00799603946506977,400.7146301269531,480.0,0.0006028991774655879,218.8297576904297,480.0,0.00029686818015761673,430.340576171875,461.0414733886719,0.0008840990485623479,223.60433959960938,466.2995300292969,0.0005405138945207,396.8606872558594,467.2519836425781,0.0004388015950098634,251.5789031982422,454.887451171875,0.0003400752611923963
20,webcam-0__tcn__20260807-122153_raw_30fps,282,283,9.4,background,1,1,1,1,0,0,0,640,480,0.9431687593460083,0,0.0,83.3546142578125,605.354736328125,478.8665466308594,337.5301208496094,264.8371276855469,0.9987545013427734,376.4291687011719,225.69454956054688,0.9959731698036194,301.080810546875,220.927490234375,0.9957565665245056,416.0045471191406,231.60916137695312,0.8336876630783081,250.73138427734375,222.04869079589844,0.9628140330314636,456.3197021484375,353.581787109375,0.9988425374031067,161.85971069335938,366.98504638671875,0.9943450689315796,575.6661987304688,465.7836608886719,0.6171921491622925,26.6793212890625,470.6474304199219,0.07973703742027283,557.2379760742188,472.72076416015625,0.023883463814854622,119.05853271484375,445.73553466796875,0.008022281341254711,402.0459899902344,480.0,0.000614666729234159,219.37400817871094,480.0,0.0002907041343860328,434.7119140625,460.50469970703125,0.0009298570803366601,226.34005737304688,466.2604064941406,0.0005393526516854763,401.3240661621094,467.46990966796875,0.00043196635670028627,254.93698120117188,455.34893798828125,0.0003249255532864481
20,webcam-0__tcn__20260807-122153_raw_30fps,283,284,9.433333333333334,background,1,1,1,1,0,0,0,640,480,0.9425162672996521,0,0.47021484375,84.1907958984375,609.305419921875,478.89703369140625,337.6458435058594,266.7023010253906,0.9985468983650208,376.94586181640625,226.96807861328125,0.9959308505058289,300.99237060546875,222.35086059570312,0.9953340888023376,417.45941162109375,232.1301727294922,0.8670946955680847,250.81588745117188,222.8521728515625,0.9613518118858337,458.9314270019531,354.90667724609375,0.9986975193023682,161.9065399169922,367.9496154785156,0.9943538904190063,576.4020385742188,466.9498596191406,0.5270763635635376,27.58026123046875,470.0804443359375,0.07796308398246765,549.4041748046875,471.5989685058594,0.016529735177755356,116.24066162109375,446.5200500488281,0.007631791289895773,401.822021484375,480.0,0.0006099123856984079,218.4772186279297,480.0,0.0003011151566170156,431.0057067871094,460.09967041015625,0.000909666414372623,224.44351196289062,466.2388916015625,0.0005307348910719156,397.2417907714844,468.4951171875,0.00045920960837975144,252.3441162109375,456.3270263671875,0.00034023969783447683
20,webcam-0__tcn__20260807-122153_raw_30fps,284,285,9.466666666666667,background,1,1,1,1,0,0,0,640,480,0.9429765343666077,0,0.39044189453125,83.25137329101562,609.5429077148438,478.85400390625,337.7265319824219,266.6224670410156,0.9984502792358398,376.8044128417969,226.91116333007812,0.9958612322807312,300.8424987792969,222.492431640625,0.995254397392273,417.2420959472656,231.94989013671875,0.871452271938324,250.56961059570312,223.17385864257812,0.9624263048171997,459.5928039550781,354.28668212890625,0.9987598657608032,162.03135681152344,366.8415832519531,0.9946445226669312,577.293701171875,467.2264404296875,0.563096821308136,26.349639892578125,469.0303649902344,0.0862983986735344,558.0360107421875,473.9570617675781,0.0175626203417778,110.30975341796875,447.753173828125,0.007132364436984062,402.49853515625,480.0,0.0005816149641759694,218.96041870117188,480.0,0.0002951016940642148,431.98455810546875,460.5308837890625,0.0008740645134821534,224.02809143066406,466.20404052734375,0.000531545898411423,398.2119140625,468.1294250488281,0.00044577859807759523,251.9805908203125,455.8291015625,0.0003454477700870484
20,webcam-0__tcn__20260807-122153_raw_30fps,285,286,9.5,background,1,1,1,1,0,0,0,640,480,0.9426497220993042,0,0.509521484375,82.79583740234375,612.4700927734375,478.8489990234375,337.9187316894531,267.61431884765625,0.9984476566314697,376.77545166015625,227.26580810546875,0.9957922697067261,300.42950439453125,223.11683654785156,0.9952421188354492,417.08251953125,232.70278930664062,0.8529520034790039,249.46185302734375,224.72235107421875,0.9617229104042053,459.5664978027344,353.4791259765625,0.9987605810165405,162.47740173339844,366.64727783203125,0.9943009614944458,577.4935913085938,467.19415283203125,0.5472182631492615,25.9462890625,468.93218994140625,0.08200056850910187,560.7864990234375,473.6962890625,0.017508916556835175,112.45561218261719,447.6070556640625,0.0068312520161271095,403.5545349121094,480.0,0.0005594466929323971,219.9432373046875,480.0,0.00028253570781089365,431.1756286621094,461.74969482421875,0.0008624660549685359,224.37249755859375,466.87554931640625,0.0005195645499043167,398.124267578125,468.30560302734375,0.00044530455488711596,252.12887573242188,456.20843505859375,0.00034023483749479055
20,webcam-0__tcn__20260807-122153_raw_30fps,286,287,9.533333333333333,background,1,1,1,1,0,0,0,640,480,0.94328373670578,0,0.01702880859375,82.67596435546875,612.5369873046875,478.8787536621094,337.62579345703125,267.6297912597656,0.9984342455863953,376.5874938964844,227.2275390625,0.9957455992698669,300.3682861328125,223.1400909423828,0.9952186942100525,416.7668762207031,233.12826538085938,0.8596894145011902,249.8165283203125,225.18057250976562,0.9629713296890259,459.3962097167969,353.0806579589844,0.9987311959266663,162.7857208251953,366.5928955078125,0.9940661191940308,576.7150268554688,466.881591796875,0.5396459102630615,25.465301513671875,469.7838134765625,0.07508578896522522,561.212158203125,472.061279296875,0.01884382776916027,113.73527526855469,447.18701171875,0.006888968870043755,403.0189208984375,480.0,0.0005796647747047246,219.33062744140625,480.0,0.00029023527167737484,429.6889953613281,461.35345458984375,0.0008871479076333344,223.8858642578125,466.4470520019531,0.0005385117256082594,396.9809875488281,467.76568603515625,0.00044768035877496004,251.52651977539062,455.7264404296875,0.0003519608289934695
20,webcam-0__tcn__20260807-122153_raw_30fps,287,288,9.566666666666666,background,1,1,1,1,0,0,0,640,480,0.9410222172737122,0,0.0,82.15359497070312,612.3303833007812,478.87005615234375,337.2154235839844,267.5438537597656,0.9985238909721375,376.3587646484375,227.26541137695312,0.9958806037902832,299.9647521972656,223.13571166992188,0.9953293800354004,416.48956298828125,233.6064453125,0.8591687083244324,249.335205078125,225.50149536132812,0.9628669023513794,459.4432678222656,353.12005615234375,0.998783528804779,162.4693145751953,366.35400390625,0.9938670992851257,575.5006713867188,465.41302490234375,0.5815116763114929,25.62408447265625,468.3467102050781,0.07496615499258041,566.2666015625,474.3069763183594,0.02077583409845829,112.43611145019531,447.3581848144531,0.006764190271496773,404.7782287597656,480.0,0.0005793519085273147,220.61788940429688,480.0,0.0002859628002624959,432.8888244628906,461.4061584472656,0.0008976873941719532,225.666015625,465.9132385253906,0.0005595175898633897,400.57330322265625,467.41717529296875,0.000433516368502751,253.45619201660156,455.74981689453125,0.00035518271033652127
20,webcam-0__tcn__20260807-122153_raw_30fps,288,289,9.6,background,1,1,1,1,0,0,0,640,480,0.8199667930603027,0,1.4168701171875,82.1734619140625,612.701171875,478.9280090332031,337.7472839355469,268.21441650390625,0.9986929297447205,377.97064208984375,229.01976013183594,0.9958404898643494,300.1836242675781,225.48678588867188,0.9955335855484009,418.47119140625,232.84353637695312,0.843936562538147,248.17074584960938,225.74462890625,0.9591321349143982,460.4127197265625,353.85638427734375,0.9987947940826416,162.55953979492188,367.6309509277344,0.9929898977279663,579.0303955078125,467.88262939453125,0.5136137008666992,31.099029541015625,470.07305908203125,0.059905990958213806,558.7801513671875,474.4599304199219,0.017494110390543938,123.03181457519531,447.66778564453125,0.006798494141548872,403.7021484375,480.0,0.0006544754724018276,219.60012817382812,480.0,0.00031085993396118283,433.41485595703125,459.902099609375,0.0008428394794464111,226.9927978515625,465.055908203125,0.0005198095459491014,401.4134521484375,468.056396484375,0.00048121396685019135,254.2683563232422,456.03216552734375,0.00037745077861472964
20,webcam-0__tcn__20260807-122153_raw_30fps,289,290,9.633333333333333,background,1,1,1,1,0,0,0,640,480,0.941440224647522,0,0.749847412109375,80.84765625,614.9418334960938,478.9523010253906,337.7966003417969,267.9924011230469,0.9984649419784546,377.2975158691406,228.28363037109375,0.9956570863723755,300.0950622558594,224.80258178710938,0.9952828288078308,418.1314697265625,232.44277954101562,0.8574593663215637,248.6553955078125,225.73367309570312,0.958469033241272,461.1197814941406,353.8028869628906,0.9987120628356934,165.3533172607422,366.1869812011719,0.9946300983428955,581.330322265625,470.38330078125,0.4782460033893585,26.391357421875,468.4703063964844,0.09143213927745819,551.5059814453125,474.1950378417969,0.01538100466132164,115.65789794921875,447.0151062011719,0.007559970486909151,401.39666748046875,480.0,0.0005985535099171102,218.08888244628906,480.0,0.0003225139807909727,425.7057800292969,461.2432861328125,0.0008241122122853994,217.54039001464844,467.0867919921875,0.0005059612449258566,392.9121398925781,469.5511779785156,0.0004907051334157586,245.45742797851562,456.54736328125,0.0003551463014446199
20,webcam-0__tcn__20260807-122153_raw_30fps,290,291,9.666666666666666,background,1,1,1,1,0,0,0,640,480,0.9407305121421814,0,0.162750244140625,81.334228515625,612.8311767578125,479.0128479003906,337.8223876953125,267.27313232421875,0.9984696507453918,377.368408203125,226.9236602783203,0.9956361651420593,300.3335876464844,223.28045654296875,0.9952611327171326,417.84075927734375,232.74513244628906,0.8624268770217896,249.37948608398438,225.72921752929688,0.9577573537826538,459.913330078125,353.4907531738281,0.9985306262969971,166.13722229003906,366.0251159667969,0.9945092797279358,585.2142944335938,470.6163635253906,0.40619906783103943,28.80206298828125,468.3177490234375,0.08196414262056351,533.4931640625,469.353759765625,0.01573520340025425,118.53829956054688,446.2763977050781,0.007240180391818285,400.17559814453125,480.0,0.0006510541425086558,216.9231414794922,480.0,0.00035214994568377733,423.02911376953125,459.4948425292969,0.0008993684314191341,217.0819091796875,465.9129943847656,0.0005092757055535913,389.6866149902344,470.15826416015625,0.0005000257515348494,244.55874633789062,456.9117431640625,0.0003350129700265825
20,webcam-0__tcn__20260807-122153_raw_30fps,291,292,9.7,background,1,1,1,1,0,0,0,640,480,0.9432618618011475,0,0.0,80.99102783203125,613.2109985351562,478.96099853515625,337.9474792480469,267.1766662597656,0.9984721541404724,377.15716552734375,226.5328369140625,0.9956920742988586,300.6004333496094,222.64883422851562,0.994972825050354,416.8858642578125,232.01321411132812,0.849897027015686,249.79942321777344,224.4834747314453,0.9558188915252686,461.3359069824219,353.9924011230469,0.9987229704856873,165.18798828125,365.8061828613281,0.994628369808197,583.1905517578125,470.8568420410156,0.48868098855018616,27.097137451171875,468.4541015625,0.09694496542215347,556.9512939453125,474.39129638671875,0.01387261413037777,113.66140747070312,448.306640625,0.006823963951319456,402.853515625,480.0,0.0005553878145292401,219.0302734375,480.0,0.00031021807808429003,424.97772216796875,460.9411315917969,0.0008186969789676368,219.01004028320312,466.5017395019531,0.0005248224479146302,391.8675537109375,468.97723388671875,0.0004664583830162883,247.10781860351562,456.5680847167969,0.0003490649978630245
20,webcam-0__tcn__20260807-122153_raw_30fps,292,293,9.733333333333333,background,1,1,1,1,0,0,0,640,480,0.9422770142555237,0,1.348602294921875,80.92529296875,613.655517578125,478.9931335449219,338.0938415527344,266.93621826171875,0.9985028505325317,377.541748046875,226.7747344970703,0.995827853679657,300.8653259277344,222.63803100585938,0.9949992895126343,417.1466979980469,232.29534912109375,0.8533329963684082,249.73910522460938,224.2021026611328,0.9557042717933655,460.9441223144531,353.7120056152344,0.998708963394165,166.29129028320312,365.0914001464844,0.9947172999382019,583.4468383789062,471.85736083984375,0.43403008580207825,27.2528076171875,469.02850341796875,0.09420353919267654,542.1246948242188,470.890625,0.013498498126864433,119.3896484375,447.46917724609375,0.007462804671376944,402.3008117675781,480.0,0.000511425081640482,218.27349853515625,480.0,0.00028171963640488684,425.5069274902344,460.9401550292969,0.0007983384421095252,218.62570190429688,466.5472412109375,0.00048480613622814417,391.6667175292969,470.2266845703125,0.00048710318515077233,246.99725341796875,457.20306396484375,0.0003368496836628765
20,webcam-0__tcn__20260807-122153_raw_30fps,293,294,9.766666666666667,background,1,1,1,1,0,0,0,640,480,0.9430550932884216,0,1.192596435546875,80.949462890625,612.4381103515625,478.93658447265625,338.1394348144531,266.923828125,0.9985582232475281,377.6620788574219,226.8241424560547,0.9958283305168152,301.0900573730469,222.51095581054688,0.9948024749755859,417.490234375,232.76510620117188,0.8517941832542419,250.1156005859375,224.22731018066406,0.9539631009101868,460.2702941894531,353.59326171875,0.9987342953681946,166.12303161621094,365.8645935058594,0.9941821694374084,582.9627685546875,470.82269287109375,0.45979759097099304,29.264739990234375,470.1092224121094,0.0841437354683876,551.0924072265625,471.87603759765625,0.014938157983124256,125.15155029296875,447.74169921875,0.007705856580287218,401.3962707519531,480.0,0.0006222622469067574,218.33551025390625,480.0,0.00033240707125514746,425.60577392578125,459.5837707519531,0.0008657549042254686,220.2652587890625,465.57061767578125,0.0005383880343288183,392.71923828125,468.8778381347656,0.0005023127887398005,247.91021728515625,456.68182373046875,0.000363952131010592
20,webcam-0__tcn__20260807-122153_raw_30fps,294,295,9.8,background,1,1,1,1,0,0,0,640,480,0.943086564540863,0,0.234649658203125,80.30914306640625,611.7776489257812,478.95989990234375,340.7132873535156,267.045166015625,0.9985981583595276,380.01348876953125,226.70306396484375,0.995636522769928,302.793701171875,222.48040771484375,0.9959281086921692,419.5686950683594,232.20864868164062,0.8080429434776306,250.17239379882812,224.11949157714844,0.9641425609588623,462.9725341796875,354.5630187988281,0.9986063838005066,165.5779571533203,365.62799072265625,0.99444580078125,585.7400512695312,472.3189697265625,0.45215073227882385,27.10888671875,469.7979736328125,0.09032236039638519,542.7034301757812,469.9371032714844,0.01716955378651619,120.37736511230469,447.64569091796875,0.007368077524006367,401.79327392578125,480.0,0.0005832103779539466,217.33432006835938,480.0,0.0003200867213308811,426.3380126953125,460.4731750488281,0.000826707691885531,218.7913818359375,467.01348876953125,0.0005119554698467255,392.4630126953125,470.0618896484375,0.0004888407420367002,246.29779052734375,457.27099609375,0.0003446819609962404
20,webcam-0__tcn__20260807-122153_raw_30fps,295,296,9.833333333333334,background,1,1,1,1,0,0,0,640,480,0.9410952925682068,0,0.587249755859375,80.30474853515625,613.2127685546875,478.9421691894531,343.2438659667969,267.07012939453125,0.9984320998191833,382.3978271484375,226.85626220703125,0.9953775405883789,305.17340087890625,222.68124389648438,0.9958460927009583,421.1942138671875,232.4615478515625,0.7987860441207886,251.666259765625,224.43115234375,0.9684547781944275,463.4486083984375,355.0122985839844,0.9985673427581787,168.2450714111328,364.8409729003906,0.9947811961174011,585.1048583984375,471.4337463378906,0.4694824814796448,25.9234619140625,468.96978759765625,0.10380519181489944,544.5302734375,469.0325927734375,0.018233856186270714,114.81861877441406,447.58343505859375,0.007554034236818552,402.70355224609375,480.0,0.0006402641301974654,219.97389221191406,480.0,0.00035689116339199245,426.2158508300781,460.8267517089844,0.0008776099421083927,217.2916259765625,467.25579833984375,0.0005528128822334111,392.0917663574219,470.7146911621094,0.0005051176995038986,244.5604248046875,457.03271484375,0.0003635039320215583
20,webcam-0__tcn__20260807-122153_raw_30fps,296,297,9.866666666666667,background,1,1,1,1,0,0,0,640,480,0.9415173530578613,0,0.571624755859375,79.63284301757812,612.4226684570312,478.94696044921875,344.1450500488281,267.31494140625,0.998362123966217,383.0580749511719,226.95538330078125,0.9952404499053955,306.16143798828125,222.57247924804688,0.9958457350730896,421.4907531738281,233.2067413330078,0.7893694043159485,252.86795043945312,224.8116455078125,0.9683646559715271,463.6103820800781,354.98846435546875,0.998403012752533,169.90176391601562,364.26702880859375,0.9950506091117859,586.4351196289062,472.169921875,0.40915217995643616,25.430328369140625,468.6697692871094,0.10599373281002045,535.701171875,466.05615234375,0.017481010407209396,113.44969177246094,447.350830078125,0.007730334531515837,402.428955078125,480.0,0.0005729729309678078,219.772705078125,480.0,0.0003305142745375633,422.95501708984375,461.077392578125,0.0008482035482302308,215.66549682617188,467.2289733886719,0.0005147478077560663,388.64666748046875,471.6011047363281,0.000513292383402586,242.40536499023438,457.35205078125,0.00034661690006032586
20,webcam-0__tcn__20260807-122153_raw_30fps,297,298,9.9,background,1,1,1,1,0,0,0,640,480,0.9409920573234558,0,1.067962646484375,79.5406494140625,612.6307983398438,478.9204406738281,345.5616455078125,267.35125732421875,0.9984392523765564,384.2481689453125,227.12640380859375,0.9952728152275085,306.99005126953125,222.5520477294922,0.9958299994468689,422.5252380371094,233.31625366210938,0.7623524069786072,252.21194458007812,224.76394653320312,0.9692829847335815,463.17254638671875,355.2477111816406,0.9984155893325806,168.2233123779297,366.05029296875,0.9944802522659302,584.7659912109375,472.08123779296875,0.4019942283630371,26.608917236328125,470.0480651855469,0.0864558219909668,543.8782958984375,468.2457580566406,0.01680597849190235,116.3597412109375,446.96612548828125,0.00701394397765398,402.5321960449219,480.0,0.0005466858274303377,219.7683563232422,480.0,0.0003037933784071356,422.9966735839844,460.924072265625,0.000839895976241678,217.59475708007812,467.3247375488281,0.000509551027789712,389.4723205566406,470.34771728515625,0.0005066235898993909,243.97093200683594,456.756103515625,0.0003483466280158609
20,webcam-0__tcn__20260807-122153_raw_30fps,298,299,9.933333333333334,background,1,1,1,1,0,0,0,640,480,0.9424304366111755,0,0.881256103515625,81.30679321289062,612.2864379882812,478.95318603515625,346.36956787109375,267.37811279296875,0.9984325766563416,384.77935791015625,227.21282958984375,0.9954332113265991,307.56927490234375,222.83755493164062,0.9961386322975159,423.3277587890625,232.82655334472656,0.7648276090621948,252.73709106445312,224.7606201171875,0.9701077342033386,463.39691162109375,355.3138732910156,0.998393714427948,169.825927734375,364.88482666015625,0.9951772689819336,584.8390502929688,471.7843933105469,0.40203261375427246,25.737548828125,468.8138427734375,0.1005060076713562,541.5050659179688,467.58172607421875,0.015628142282366753,110.20623779296875,446.4627380371094,0.006749444641172886,402.7500915527344,480.0,0.000546111143194139,221.06448364257812,480.0,0.0003173853037878871,422.3680419921875,461.18548583984375,0.0008349964045919478,216.34165954589844,467.7815856933594,0.0005116761894896626,388.0035400390625,470.77728271484375,0.0005028644809499383,242.28762817382812,456.52227783203125,0.00034133813460357487
20,webcam-0__tcn__20260807-122153_raw_30fps,299,300,9.966666666666667,background,1,1,1,1,0,0,0,640,480,0.9412072896957397,0,1.041656494140625,81.30734252929688,613.018310546875,478.95220947265625,348.083740234375,267.9523620605469,0.9983389377593994,386.47613525390625,227.4071044921875,0.9952707886695862,309.59979248046875,222.57098388671875,0.9964659214019775,424.9866027832031,232.9224853515625,0.7674838900566101,254.78909301757812,223.77818298339844,0.975413978099823,464.4722900390625,355.91815185546875,0.9980818033218384,170.0673828125,364.43450927734375,0.9953392744064331,585.9417724609375,472.2767333984375,0.3018343150615692,27.132293701171875,470.9544677734375,0.08721412718296051,525.130126953125,464.4010009765625,0.01685696840286255,119.27934265136719,446.12457275390625,0.007857565768063068,402.2177429199219,480.0,0.000525621697306633,219.79103088378906,480.0,0.0003151934070046991,419.7374572753906,460.5813293457031,0.0008101572748273611,215.88099670410156,466.45849609375,0.0004865653463639319,384.5552978515625,471.5848388671875,0.0005258983001112938,241.30990600585938,457.0935363769531,0.00033914815867319703
20,webcam-0__tcn__20260807-122153_raw_30fps,300,301,10.0,background,1,1,1,1,0,0,0,640,480,0.9404271245002747,0,1.394866943359375,81.4674072265625,613.5884399414062,478.963134765625,348.9039611816406,268.040283203125,0.9983598589897156,387.2286071777344,227.43666076660156,0.995281994342804,310.2160339355469,222.52206420898438,0.9965572357177734,425.3498840332031,232.923583984375,0.7427247166633606,254.70826721191406,223.675048828125,0.9757902026176453,464.52142333984375,355.487548828125,0.9981877207756042,171.5933837890625,363.7192077636719,0.9951430559158325,586.0859375,472.47601318359375,0.3276606500148773,27.416412353515625,470.34710693359375,0.08930225670337677,529.6978759765625,463.450927734375,0.017835335806012154,116.88471984863281,445.2418212890625,0.00786380935460329,403.7576904296875,480.0,0.0005302982171997428,222.15927124023438,480.0,0.00031160650542005897,421.52325439453125,460.85711669921875,0.0008525715093128383,217.02627563476562,466.48486328125,0.0005119291599839926,386.5546569824219,472.0169982910156,0.0005304561927914619,242.50424194335938,457.3729553222656,0.00034612405579537153
20,webcam-0__tcn__20260807-122153_raw_30fps,301,302,10.033333333333333,background,1,1,1,1,0,0,0,640,480,0.94281005859375,0,0.0,82.8665771484375,613.3102416992188,478.95404052734375,349.0771484375,268.8703918457031,0.9982798099517822,387.7856140136719,227.55545043945312,0.9951620697975159,310.9998779296875,222.73187255859375,0.9961221814155579,425.7944641113281,232.79434204101562,0.782171905040741,257.43450927734375,223.53257751464844,0.9737769365310669,466.23040771484375,355.17828369140625,0.9981739521026611,168.37149047851562,365.7071838378906,0.9955021739006042,583.3298950195312,468.84991455078125,0.4083825945854187,25.020416259765625,471.167236328125,0.09427142888307571,521.68798828125,465.00042724609375,0.017632996663451195,107.9925537109375,446.1351318359375,0.007542438805103302,406.60284423828125,480.0,0.0005072474596090615,222.2793426513672,480.0,0.0002755099267233163,426.66973876953125,463.0008239746094,0.0008190141525119543,222.43017578125,469.4938049316406,0.0004641508567146957,387.9607849121094,471.83642578125,0.0004666934546548873,248.4792938232422,458.4752197265625,0.00030671380227431655
20,webcam-0__tcn__20260807-122153_raw_30fps,302,303,10.066666666666666,background,1,1,1,1,0,0,0,640,480,0.9427222013473511,0,0.0,83.04010009765625,613.1134033203125,478.92926025390625,349.04608154296875,268.94110107421875,0.9982545971870422,387.78662109375,227.5631866455078,0.9951431751251221,311.0149841308594,222.7369384765625,0.9960500597953796,425.758544921875,232.8540496826172,0.7874475717544556,257.58929443359375,223.56533813476562,0.9737079739570618,466.45404052734375,355.285400390625,0.9981484413146973,167.7558135986328,365.7718200683594,0.9954841136932373,583.5595092773438,468.9444274902344,0.4098130762577057,24.544677734375,471.0382995605469,0.09414591640233994,521.5324096679688,464.81884765625,0.017322134226560593,105.88615417480469,446.7386474609375,0.007322479970753193,406.27276611328125,480.0,0.0005187035421840847,221.58932495117188,480.0,0.0002822428068611771,426.18695068359375,462.94024658203125,0.0008271564147435129,221.67266845703125,469.4930114746094,0.0004707934567704797,387.4988708496094,471.79949951171875,0.0004630288458429277,247.6083221435547,458.46923828125,0.000308978371322155
20,webcam-0__tcn__20260807-122153_raw_30fps,303,304,10.1,background,1,1,1,1,0,0,0,640,480,0.9426021575927734,0,0.0809326171875,81.54165649414062,613.0440063476562,478.95208740234375,349.1691589355469,268.5373840332031,0.998293936252594,387.50225830078125,227.69793701171875,0.9953148365020752,310.9312438964844,222.91522216796875,0.9966037273406982,425.92938232421875,232.5538330078125,0.790471613407135,256.96673583984375,223.57583618164062,0.9782994985580444,466.05120849609375,355.29302978515625,0.9980974793434143,167.68280029296875,367.07061767578125,0.9952899217605591,583.8101806640625,468.60211181640625,0.38492459058761597,25.127655029296875,471.1876525878906,0.08137360215187073,518.1493530273438,464.2314758300781,0.01662188395857811,110.15386962890625,446.92816162109375,0.007213430479168892,405.5552673339844,480.0,0.0005305327940732241,220.9652099609375,480.0,0.00028443412156775594,425.8037414550781,462.52301025390625,0.0008170766523107886,220.76080322265625,470.20123291015625,0.00044965179404243827,387.26519775390625,472.16033935546875,0.000472195737529546,247.19497680664062,458.389892578125,0.00030811503529548645
20,webcam-0__tcn__20260807-122153_raw_30fps,304,305,10.133333333333333,background,1,1,1,1,0,0,0,640,480,0.9420770406723022,0,0.257598876953125,81.2445068359375,613.5232543945312,478.96710205078125,349.3424072265625,268.31683349609375,0.9983729124069214,387.5441589355469,227.6990966796875,0.9952307343482971,310.9180908203125,223.01651000976562,0.9965895414352417,425.8417053222656,232.55557250976562,0.7800340056419373,256.63690185546875,223.937744140625,0.9776573181152344,465.81329345703125,355.0809631347656,0.9980680346488953,167.13970947265625,368.0381164550781,0.995031476020813,584.7759399414062,468.06964111328125,0.36495691537857056,26.35162353515625,472.3702087402344,0.06581514328718185,508.1556091308594,463.4776916503906,0.019792484119534492,111.74241638183594,445.6167907714844,0.007159442640841007,406.51361083984375,480.0,0.0005484574940055609,221.514892578125,480.0,0.00027747961576096714,427.8985595703125,461.7981872558594,0.0008631324162706733,223.2838592529297,470.1678771972656,0.0004378326702862978,388.25592041015625,472.37603759765625,0.00047532300231978297,249.50381469726562,458.782470703125,0.00029110125615261495
20,webcam-0__tcn__20260807-122153_raw_30fps,305,306,10.166666666666666,background,1,1,1,1,0,0,0,640,480,0.9418964385986328,0,0.933258056640625,81.149169921875,614.5850830078125,478.9840087890625,349.01763916015625,268.0699157714844,0.9983239769935608,387.30804443359375,227.3345947265625,0.9952255487442017,310.5841979980469,222.4840087890625,0.9965204000473022,426.12200927734375,232.75936889648438,0.7852078080177307,256.3343505859375,223.6990966796875,0.9771166443824768,465.6532287597656,355.72479248046875,0.9981080293655396,169.01980590820312,367.2915344238281,0.9949579834938049,583.3738403320312,468.0962219238281,0.35288724303245544,28.8883056640625,471.8722229003906,0.06816376745700836,519.3735961914062,467.9817810058594,0.013778365217149258,110.69575500488281,445.26483154296875,0.00664489483460784,407.408203125,480.0,0.0005825465195812285,223.98568725585938,480.0,0.00030559589504264295,427.390869140625,461.717041015625,0.0008808660204522312,223.25662231445312,468.9530334472656,0.00048100031563080847,389.9307556152344,472.420654296875,0.0004816713335458189,249.15414428710938,458.24737548828125,0.00031731603667140007
20,webcam-0__tcn__20260807-122153_raw_30fps,306,307,10.2,background,1,1,1,1,0,0,0,640,480,0.9437457919120789,0,0.0,80.9208984375,613.4862060546875,478.9547424316406,347.9357604980469,267.8603515625,0.9982829093933105,386.4935607910156,226.8509521484375,0.9954985976219177,309.47540283203125,222.10186767578125,0.99601149559021,425.540771484375,233.14041137695312,0.8053692579269409,255.88363647460938,224.10137939453125,0.973924458026886,466.11309814453125,355.2368469238281,0.9984158277511597,168.34132385253906,365.54412841796875,0.9950271248817444,581.832275390625,468.1921081542969,0.4193798303604126,25.15765380859375,471.65380859375,0.08295314759016037,542.043701171875,471.6353454589844,0.01174083724617958,108.19929504394531,447.447998046875,0.00708599342033267,407.52093505859375,480.0,0.0005396275082603097,223.99221801757812,480.0,0.0002891677722800523,429.011962890625,463.2582702636719,0.0007967094425112009,223.98797607421875,468.61883544921875,0.0005021184333600104,391.52734375,471.0157165527344,0.0004572407342493534,249.52435302734375,457.5376892089844,0.00034419875009916723
20,webcam-0__tcn__20260807-122153_raw_30fps,307,308,10.233333333333333,background,1,1,1,1,0,0,0,640,480,0.9438650012016296,0,0.416107177734375,80.95660400390625,614.5892333984375,478.91058349609375,347.5674133300781,267.613525390625,0.9983153343200684,386.16094970703125,226.9366455078125,0.9956988096237183,308.8987731933594,222.27188110351562,0.9960642457008362,425.90625,232.46791076660156,0.8123513460159302,255.05084228515625,223.6205596923828,0.9725649356842041,465.8302001953125,355.46923828125,0.9984751343727112,168.78460693359375,365.28057861328125,0.9951149225234985,581.3419799804688,469.382568359375,0.4327881336212158,25.043365478515625,470.4234619140625,0.08789597451686859,546.5840454101562,471.91339111328125,0.011537482962012291,107.455322265625,445.88897705078125,0.007182075176388025,407.3921813964844,480.0,0.0005054900539107621,224.8261260986328,480.0,0.000275075261015445,430.05157470703125,463.047607421875,0.0008097346872091293,223.777099609375,467.9243469238281,0.0005187735077925026,393.0231018066406,470.8282470703125,0.00045742536894977093,249.8699951171875,456.960205078125,0.0003476940328255296
20,webcam-0__tcn__20260807-122153_raw_30fps,308,309,10.266666666666667,background,1,1,1,1,0,0,0,640,480,0.943533718585968,0,0.042877197265625,80.753662109375,614.7092895507812,478.9017028808594,347.57916259765625,267.7819519042969,0.9982748031616211,386.11431884765625,226.93838500976562,0.9957364797592163,308.73193359375,222.31092834472656,0.9961647987365723,425.89068603515625,232.39657592773438,0.8073322772979736,254.73056030273438,223.6837921142578,0.9722479581832886,465.6983947753906,355.18194580078125,0.998467743396759,170.76451110839844,363.9978332519531,0.9955729246139526,582.033203125,469.4180908203125,0.4308549463748932,24.0672607421875,469.04296875,0.10807459056377411,543.7810668945312,471.8750915527344,0.011028887704014778,105.14096069335938,446.40924072265625,0.007333132438361645,407.1734313964844,480.0,0.000490030855871737,225.59593200683594,480.0,0.0002778417547233403,428.8801574707031,463.4713134765625,0.0008175758994184434,222.05624389648438,468.2770080566406,0.0005239709280431271,391.88873291015625,471.65264892578125,0.0004719061544165015,247.9287109375,457.2620849609375,0.000346832413924858
20,webcam-0__tcn__20260807-122153_raw_30fps,309,310,10.3,background,1,1,1,1,0,0,0,640,480,0.9427746534347534,0,1.4169921875,81.049560546875,613.1265869140625,478.98162841796875,346.984375,267.76214599609375,0.998424768447876,386.04150390625,229.16903686523438,0.9955726861953735,308.18109130859375,224.9601287841797,0.9959728121757507,425.82806396484375,232.53982543945312,0.8018911480903625,253.30850219726562,224.5606689453125,0.9695176482200623,463.3056335449219,355.49725341796875,0.9985414743423462,168.84176635742188,366.2137451171875,0.9949710369110107,582.4559936523438,470.48760986328125,0.40149804949760437,26.782440185546875,470.3250732421875,0.07904893159866333,539.1196899414062,468.7184143066406,0.015368249267339706,115.42623901367188,446.1464538574219,0.008270807564258575,402.7225341796875,480.0,0.000542969792149961,221.5140380859375,480.0,0.00028316729003563523,427.66424560546875,462.4903564453125,0.0007533524767495692,220.4977264404297,467.6758117675781,0.0004470481362659484,391.86383056640625,471.5872802734375,0.0005091135972179472,246.49850463867188,457.2378845214844,0.00034767278702929616
20,webcam-0__tcn__20260807-122153_raw_30fps,310,311,10.333333333333334,background,1,1,1,1,0,0,0,640,480,0.9426828026771545,0,1.6141357421875,82.0865478515625,612.55615234375,478.97137451171875,346.6628723144531,267.80682373046875,0.9983763694763184,385.23321533203125,229.83546447753906,0.9956795573234558,307.625,225.78237915039062,0.9956837892532349,425.828369140625,231.8687744140625,0.8010191917419434,252.6065673828125,224.4025115966797,0.9635998606681824,463.62432861328125,355.3572082519531,0.9986279010772705,169.0325469970703,365.7867736816406,0.9951260685920715,583.054931640625,470.7606201171875,0.43062716722488403,26.966705322265625,469.740966796875,0.08649846166372299,541.5972900390625,469.4026184082031,0.016508670523762703,114.85690307617188,447.0345153808594,0.008426517248153687,403.6181640625,480.0,0.0005413094768300653,223.24081420898438,480.0,0.0002853029582183808,428.084716796875,462.501708984375,0.0007499783532693982,220.49269104003906,467.91143798828125,0.00044353606062941253,392.24456787109375,471.8948669433594,0.0005132962833158672,246.19578552246094,457.21856689453125,0.0003438265121076256
20,webcam-0__tcn__20260807-122153_raw_30fps,311,312,10.366666666666667,background,1,1,1,1,0,0,0,640,480,0.9421265125274658,0,1.56585693359375,81.806640625,612.807373046875,478.93695068359375,346.52197265625,267.92181396484375,0.9984050393104553,385.70489501953125,229.3427276611328,0.995549201965332,307.5020751953125,225.38296508789062,0.9954583644866943,425.89361572265625,231.80577087402344,0.799956202507019,252.42196655273438,224.38143920898438,0.9627971649169922,463.6729431152344,355.2330322265625,0.99861741065979,169.01393127441406,366.46331787109375,0.9946827292442322,582.6798706054688,471.0587463378906,0.42080914974212646,28.22308349609375,469.9359130859375,0.07730095088481903,541.890625,469.2750549316406,0.016975058242678642,116.35226440429688,446.6931457519531,0.008381875231862068,403.8685607910156,480.0,0.0005694004939869046,223.24131774902344,480.0,0.00028900348115712404,428.0686340332031,462.3719482421875,0.0007827880908735096,221.5072479248047,467.8282470703125,0.00045179619337432086,392.4823913574219,471.6565856933594,0.0005236237193457782,247.05758666992188,457.4922180175781,0.00034771987702697515
20,webcam-0__tcn__20260807-122153_raw_30fps,312,313,10.4,background,1,1,1,1,0,0,0,640,480,0.9420475959777832,0,1.9180908203125,81.02639770507812,612.345458984375,478.98138427734375,346.0252380371094,267.1025085449219,0.9985407590866089,385.1365966796875,228.46600341796875,0.9958798885345459,306.92242431640625,224.45523071289062,0.9959861636161804,424.84246826171875,232.07931518554688,0.8001889586448669,251.519287109375,224.59912109375,0.967066764831543,463.6146545410156,355.9322509765625,0.9986181259155273,168.604248046875,366.53936767578125,0.9944447875022888,582.9348754882812,471.4356689453125,0.4117252230644226,29.630035400390625,469.08233642578125,0.07791232317686081,541.135986328125,471.0623779296875,0.015930861234664917,118.32429504394531,446.15447998046875,0.00861060805618763,404.0932312011719,480.0,0.0005753962323069572,223.2957305908203,480.0,0.0003026189224328846,426.5513916015625,462.273681640625,0.0007718957494944334,221.04446411132812,467.4557189941406,0.00047530647134408355,392.2839050292969,471.8594665527344,0.000522008806001395,246.86825561523438,457.9417724609375,0.0003685436095111072
20,webcam-0__tcn__20260807-122153_raw_30fps,313,314,10.433333333333334,background,1,1,1,1,0,0,0,640,480,0.9425719976425171,0,1.120758056640625,79.926513671875,612.9205932617188,478.9697570800781,344.7653503417969,265.615966796875,0.9986528158187866,383.65411376953125,226.49981689453125,0.9960481524467468,306.0323791503906,222.22674560546875,0.9965499639511108,422.9386291503906,231.84112548828125,0.8200758099555969,251.47158813476562,224.0002899169922,0.972496747970581,463.554443359375,355.3140563964844,0.9983692765235901,164.35885620117188,368.4180908203125,0.9943214654922485,583.806396484375,471.95306396484375,0.3752214312553406,29.847198486328125,471.3668518066406,0.060585133731365204,529.472412109375,467.41644287109375,0.01655827835202217,114.57200622558594,444.4208984375,0.006807831581681967,404.0992736816406,480.0,0.00055641308426857,220.38418579101562,480.0,0.00029618997359648347,426.1158142089844,461.53936767578125,0.0008069255854934454,221.51568603515625,468.46051025390625,0.0004743727040477097,391.6430969238281,470.74151611328125,0.00045907305320724845,247.9697265625,457.43878173828125,0.0003301772812847048
20,webcam-0__tcn__20260807-122153_raw_30fps,314,315,10.466666666666667,background,1,1,1,1,0,0,0,640,480,0.9431599378585815,0,1.0955810546875,80.02728271484375,614.9462890625,478.92767333984375,344.7867736816406,265.59307861328125,0.9986708164215088,383.5280456542969,226.37136840820312,0.9962217807769775,305.8998718261719,221.98123168945312,0.9964147806167603,422.9303283691406,231.98326110839844,0.8177734613418579,251.12579345703125,223.94900512695312,0.972030520439148,463.126220703125,355.1784362792969,0.9985276460647583,164.16021728515625,369.0483703613281,0.9940382242202759,580.95751953125,470.97821044921875,0.40711256861686707,29.1617431640625,471.618408203125,0.05901479348540306,546.0791625976562,471.2451171875,0.013370083644986153,116.6229248046875,444.44720458984375,0.006704834755510092,404.73095703125,480.0,0.0005567300831899047,221.50021362304688,480.0,0.0002927547902800143,426.80743408203125,461.72454833984375,0.0007938660564832389,223.04330444335938,468.13592529296875,0.0005014466587454081,393.3607482910156,469.5486755371094,0.00044874826562590897,249.61260986328125,456.54058837890625,0.00035281581222079694
20,webcam-0__tcn__20260807-122153_raw_30fps,315,316,10.5,background,1,1,1,1,0,0,0,640,480,0.9422525763511658,0,1.13372802734375,80.1351318359375,614.2269897460938,478.9497375488281,344.3161315917969,265.91412353515625,0.9985217452049255,383.0369567871094,226.68528747558594,0.9960628151893616,306.20721435546875,222.08831787109375,0.99652498960495,422.12152099609375,233.04437255859375,0.8345083594322205,252.43624877929688,224.3424072265625,0.9752418398857117,462.33941650390625,354.702880859375,0.9984643459320068,167.70240783691406,366.62786865234375,0.994712233543396,582.2617797851562,469.3946838378906,0.4168981611728668,29.079193115234375,469.73333740234375,0.07766810804605484,539.5521850585938,467.76995849609375,0.014639277942478657,114.43270874023438,445.57098388671875,0.007280690595507622,402.76873779296875,480.0,0.0006354128709062934,221.39132690429688,480.0,0.00035367539385333657,424.89068603515625,460.0933837890625,0.0008307702373713255,220.84970092773438,466.50048828125,0.0005356919136829674,390.69073486328125,469.5157470703125,0.00047235147212632,246.47879028320312,455.6309509277344,0.0003730745520442724
20,webcam-0__tcn__20260807-122153_raw_30fps,316,317,10.533333333333333,background,1,1,1,1,0,0,0,640,480,0.9416806697845459,0,0.68218994140625,81.400146484375,612.562255859375,478.9479064941406,344.267333984375,265.9028625488281,0.9986131191253662,383.13177490234375,226.85716247558594,0.9960809350013733,306.2222900390625,222.2484893798828,0.9965279698371887,421.8226013183594,233.03253173828125,0.8257927298545837,252.25051879882812,224.2515411376953,0.9747303128242493,462.27691650390625,355.40118408203125,0.9984496831893921,166.44776916503906,367.5673828125,0.9945023059844971,581.3781127929688,469.9639587402344,0.41761404275894165,29.46734619140625,470.0518798828125,0.07581426203250885,539.5902099609375,469.5371398925781,0.014352678321301937,114.37467956542969,446.1668701171875,0.00734358374029398,402.7914123535156,480.0,0.0006415692623704672,220.50982666015625,480.0,0.0003535180876497179,426.2369384765625,459.9151611328125,0.0008398551726713777,220.62054443359375,466.4735107421875,0.0005471952026709914,392.6572265625,469.43157958984375,0.0004771149542648345,246.4102783203125,455.9131774902344,0.00038132627378217876
20,webcam-0__tcn__20260807-122153_raw_30fps,317,318,10.566666666666666,background,1,1,1,1,0,0,0,640,480,0.9415978789329529,0,1.7310791015625,80.84588623046875,613.4988403320312,478.91363525390625,344.5398254394531,265.72430419921875,0.9986302852630615,383.39227294921875,226.70947265625,0.9960542917251587,306.53631591796875,222.1522216796875,0.9962939620018005,422.15020751953125,232.9508056640625,0.8205851316452026,252.62411499023438,224.18844604492188,0.9725198149681091,461.4719543457031,355.34503173828125,0.9985836744308472,167.6371612548828,367.0676574707031,0.9940695762634277,581.197998046875,468.9041442871094,0.449489951133728,30.4959716796875,469.7173767089844,0.0723620131611824,550.2899169921875,469.83123779296875,0.016896534711122513,119.75926208496094,445.8559265136719,0.007972785271704197,401.5672912597656,480.0,0.0006374457152560353,220.13906860351562,480.0,0.00033600517781451344,427.1117248535156,460.1924133300781,0.0008151993388310075,221.67376708984375,465.9766540527344,0.0005337658221833408,393.46148681640625,468.970947265625,0.00048318004701286554,247.38043212890625,455.72064208984375,0.0003861856530420482
20,webcam-0__tcn__20260807-122153_raw_30fps,318,319,10.6,background,1,1,1,1,0,0,0,640,480,0.9421426057815552,0,1.696868896484375,80.6282958984375,613.8628540039062,478.8759765625,345.511962890625,265.7619934082031,0.9986737966537476,383.6370544433594,226.50177001953125,0.9960042834281921,306.9550476074219,222.08973693847656,0.9964447617530823,422.141357421875,232.46170043945312,0.7836780548095703,252.21551513671875,224.28268432617188,0.9728460311889648,461.8348388671875,355.1165771484375,0.9986227750778198,168.216064453125,366.4440002441406,0.9937186241149902,579.7991943359375,469.1454162597656,0.47248098254203796,30.126495361328125,469.5270690917969,0.0721602514386177,559.242919921875,471.2959899902344,0.017589682713150978,119.197998046875,445.3046569824219,0.007703115232288837,403.07110595703125,480.0,0.0006157168536446989,221.94488525390625,480.0,0.00032462520175613463,428.991455078125,459.88348388671875,0.0008284059003926814,222.48202514648438,464.9429016113281,0.0005570838111452758,396.02117919921875,468.46612548828125,0.00047818286111578345,247.51132202148438,455.2012023925781,0.0003918650618288666
20,webcam-0__tcn__20260807-122153_raw_30fps,319,320,10.633333333333333,background,1,1,1,1,0,0,0,640,480,0.9419522881507874,0,1.603240966796875,80.53439331054688,615.0966186523438,478.93023681640625,345.7370910644531,265.50762939453125,0.9985707998275757,383.8168029785156,226.19015502929688,0.9960351586341858,307.1632385253906,221.690185546875,0.9966333508491516,422.47698974609375,231.44512939453125,0.782651424407959,252.37435913085938,223.13589477539062,0.9725650548934937,462.7757568359375,355.8504333496094,0.9984149932861328,169.44256591796875,365.57958984375,0.9950103759765625,582.4716796875,469.4773254394531,0.40646183490753174,26.42657470703125,468.7790832519531,0.09635122120380402,537.369384765625,469.5614929199219,0.013685660436749458,109.34226989746094,447.25421142578125,0.0071102031506598,401.7621154785156,480.0,0.0006029422511346638,220.95770263671875,480.0,0.00034382325247861445,424.3498840332031,459.8479919433594,0.0008768159314058721,217.2622528076172,466.5982666015625,0.0005663183983415365,390.4117126464844,470.3868713378906,0.000512938539031893,241.31643676757812,456.0096435546875,0.00038197642425075173
20,webcam-0__tcn__20260807-122153_raw_30fps,320,321,10.666666666666666,background,1,1,1,1,0,0,0,640,480,0.9414845108985901,0,2.109100341796875,80.84890747070312,614.74365234375,478.92529296875,345.8982849121094,265.6766357421875,0.9986370205879211,384.05712890625,226.32806396484375,0.9962177872657776,307.3929748535156,221.72532653808594,0.9966074228286743,422.5365905761719,231.91989135742188,0.7822599411010742,252.61135864257812,223.3773193359375,0.9711838364601135,462.0496520996094,355.61480712890625,0.998472273349762,169.76455688476562,365.9590759277344,0.9945762157440186,581.0936889648438,468.71429443359375,0.4313395023345947,28.67877197265625,468.7146911621094,0.0904056653380394,537.1566162109375,470.4378662109375,0.01409333199262619,113.12388610839844,448.2591552734375,0.007514975965023041,402.91455078125,480.0,0.0006569739780388772,222.24591064453125,480.0,0.00035978775122202933,427.3437805175781,460.08929443359375,0.0008926580776460469,220.86508178710938,466.65997314453125,0.0005791186122223735,393.48150634765625,470.68634033203125,0.0005134327802807093,245.0126953125,456.5758972167969,0.00039376114727929235
20,webcam-0__tcn__20260807-122153_raw_30fps,321,322,10.7,background,1,1,1,1,0,0,0,640,480,0.9414846897125244,0,1.775299072265625,80.847900390625,613.8499755859375,478.92822265625,346.0491027832031,265.969970703125,0.9985637068748474,384.5420837402344,226.3424530029297,0.9960619807243347,307.6383361816406,221.3690185546875,0.9964334964752197,423.1661071777344,231.82606506347656,0.776699960231781,252.7384796142578,222.37863159179688,0.9693097472190857,462.7326354980469,355.58551025390625,0.9984756112098694,171.63580322265625,363.9128112792969,0.9948112964630127,583.032958984375,469.60479736328125,0.41115424036979675,28.89703369140625,467.73345947265625,0.09941402822732925,535.3140258789062,469.1234130859375,0.015333530493080616,113.78059387207031,447.04632568359375,0.008047631941735744,403.561767578125,480.0,0.0005950371269136667,223.58352661132812,480.0,0.00033108380739577115,426.2487487792969,461.467529296875,0.0008869821904227138,219.71017456054688,466.8204345703125,0.000552220968529582,392.19696044921875,472.2040100097656,0.0005334792658686638,244.258056640625,457.59783935546875,0.00037652032915502787
20,webcam-0__tcn__20260807-122153_raw_30fps,322,323,10.733333333333333,background,1,1,1,1,0,0,0,640,480,0.9409593939781189,0,1.43035888671875,81.63519287109375,614.8568115234375,478.8892822265625,346.8963928222656,266.03466796875,0.9985533356666565,385.14288330078125,226.44212341308594,0.996119499206543,308.5927429199219,221.52993774414062,0.9964727759361267,423.9154357910156,231.91864013671875,0.7823651432991028,254.16531372070312,222.5240478515625,0.9706096053123474,462.750732421875,355.99505615234375,0.9984228610992432,170.62841796875,363.6934814453125,0.9950533509254456,581.3748779296875,468.5173645019531,0.4192765951156616,27.2890625,468.90924072265625,0.1025344580411911,533.2473754882812,470.52294921875,0.014615682885050774,113.14057922363281,447.96185302734375,0.008455031551420689,402.4906005859375,480.0,0.0005945346201770008,221.67559814453125,480.0,0.0003335670626256615,426.500244140625,461.8525390625,0.0008573421509936452,219.78030395507812,467.16583251953125,0.0005678661982528865,391.6279296875,471.466552734375,0.0005157511914148927,243.5986785888672,457.0367126464844,0.00038837033207528293
20,webcam-0__tcn__20260807-122153_raw_30fps,323,324,10.766666666666667,background,1,1,1,1,0,0,0,640,480,0.941110372543335,0,1.8228759765625,81.942626953125,612.1511840820312,478.9398193359375,347.1423034667969,265.94744873046875,0.9986016154289246,385.3525085449219,226.56005859375,0.9959736466407776,308.81341552734375,221.63958740234375,0.9966451525688171,423.5805358886719,231.79708862304688,0.7706228494644165,253.8198699951172,222.48208618164062,0.9734488725662231,462.21881103515625,355.84033203125,0.9984291195869446,169.4334716796875,364.4931335449219,0.9950225353240967,583.6356811523438,468.6544494628906,0.4152340590953827,28.352447509765625,469.7010498046875,0.09450285881757736,523.4553833007812,468.6307067871094,0.017736805602908134,115.14434814453125,448.12213134765625,0.008430964313447475,400.83624267578125,480.0,0.0006237142952159047,219.5557098388672,480.0,0.00034271759795956314,424.6661071777344,461.13385009765625,0.0008587741176597774,218.11703491210938,467.66656494140625,0.0005400666850619018,389.6172790527344,471.91192626953125,0.0005206232308410108,241.77047729492188,457.6092224121094,0.0003751266049221158
20,webcam-0__tcn__20260807-122153_raw_30fps,324,325,10.8,background,1,1,1,1,0,0,0,640,480,0.9415740966796875,0,2.13458251953125,82.00167846679688,609.1495971679688,478.95904541015625,347.1770324707031,265.8186950683594,0.9986479878425598,385.3961181640625,226.59805297851562,0.9958760142326355,308.73828125,221.59555053710938,0.996921181678772,423.366943359375,232.26498413085938,0.7492128014564514,253.17935180664062,222.82406616210938,0.9771489500999451,462.4688720703125,355.775146484375,0.9984481334686279,169.41407775878906,364.8407897949219,0.9946463704109192,582.19287109375,469.7227783203125,0.4020530581474304,29.570587158203125,470.2623291015625,0.08581923693418503,524.7435913085938,468.9778137207031,0.01648532971739769,120.13070678710938,448.08270263671875,0.00812535360455513,400.7341613769531,480.0,0.0006291880272328854,219.7374267578125,480.0,0.0003435661783441901,424.64288330078125,461.2047119140625,0.0008566774195060134,219.7142333984375,467.43035888671875,0.0005560268764384091,390.6472473144531,472.28692626953125,0.0005304930964484811,243.60629272460938,458.46112060546875,0.0003945239004679024
20,webcam-0__tcn__20260807-122153_raw_30fps,325,326,10.833333333333334,background,1,1,1,1,0,0,0,640,480,0.9439589381217957,0,1.26715087890625,80.82327270507812,609.2921142578125,478.9745788574219,347.2660827636719,265.400390625,0.9986692667007446,385.7316589355469,226.30923461914062,0.9961374402046204,309.0054931640625,221.73959350585938,0.9968076944351196,423.708251953125,230.93490600585938,0.7687312364578247,254.05007934570312,222.22988891601562,0.9743860960006714,461.74371337890625,355.0130615234375,0.9985265731811523,168.1722869873047,364.9658508300781,0.9952636957168579,582.0279541015625,469.9789733886719,0.4358997941017151,26.75506591796875,469.4852294921875,0.09316565841436386,533.35693359375,468.48773193359375,0.013796376995742321,106.67710876464844,446.834716796875,0.006763978861272335,399.74481201171875,480.0,0.0005720605840906501,219.0359344482422,480.0,0.00031610281439498067,421.0660400390625,461.4224548339844,0.0008013872429728508,216.425048828125,468.3352355957031,0.0005195456906221807,385.92987060546875,471.3885803222656,0.0004886536626145244,240.12965393066406,457.6391296386719,0.0003688831639010459
20,webcam-0__tcn__20260807-122153_raw_30fps,326,327,10.866666666666667,background,1,1,1,1,0,0,0,640,480,0.9436644315719604,0,1.80322265625,81.87860107421875,613.8091430664062,478.9415283203125,347.63671875,264.74462890625,0.9987428784370422,386.0484313964844,226.11834716796875,0.9963974356651306,309.8192138671875,221.2932586669922,0.9965665340423584,423.8909912109375,230.59188842773438,0.7693083882331848,255.23016357421875,221.20144653320312,0.9701052904129028,461.6877746582031,355.4762878417969,0.9985693693161011,168.2214813232422,365.3516845703125,0.994988203048706,580.5593872070312,470.73321533203125,0.4187200963497162,26.17926025390625,470.4294738769531,0.08174015581607819,545.26513671875,468.6448974609375,0.013137508183717728,109.00636291503906,446.8253479003906,0.0069496603682637215,400.0456848144531,480.0,0.0005419416120275855,219.4169921875,480.0,0.00029339129105210304,421.108642578125,461.934326171875,0.0007889764383435249,217.53298950195312,468.49212646484375,0.0005151981604285538,385.73431396484375,470.50103759765625,0.0004964382387697697,241.0518798828125,457.0301818847656,0.0003737419901881367
20,webcam-0__tcn__20260807-122153_raw_30fps,327,328,10.9,background,1,1,1,1,0,0,0,640,480,0.9431772232055664,0,1.3385009765625,81.94329833984375,613.6268920898438,478.9034729003906,347.51837158203125,264.6430358886719,0.9986892342567444,385.8102722167969,226.06698608398438,0.9963453412055969,309.6020202636719,221.34527587890625,0.9965052604675293,423.990478515625,230.51068115234375,0.773716151714325,255.22817993164062,221.3837432861328,0.9691494703292847,462.0541687011719,355.22198486328125,0.9985829591751099,169.59124755859375,364.3779296875,0.9955368041992188,581.293701171875,471.15032958984375,0.43803587555885315,25.124359130859375,470.5675048828125,0.09848767518997192,543.0714721679688,466.09442138671875,0.015591944567859173,107.8353271484375,447.4233703613281,0.007556758355349302,401.3251953125,480.0,0.0005190522060729563,221.12037658691406,480.0,0.00028988378471694887,422.3609619140625,461.9559020996094,0.0008160873549059033,217.97958374023438,468.216552734375,0.0005269756074994802,386.5064392089844,470.91461181640625,0.000499502697493881,241.50872802734375,456.80511474609375,0.0003647009434644133
20,webcam-0__tcn__20260807-122153_raw_30fps,328,329,10.933333333333334,background,1,1,1,1,0,0,0,640,480,0.9429997801780701,0,1.19476318359375,81.08282470703125,611.97900390625,478.901123046875,347.3642578125,265.0592041015625,0.9986868500709534,385.5851135253906,226.29432678222656,0.9963420033454895,309.47540283203125,221.62179565429688,0.9966073036193848,423.80975341796875,231.70260620117188,0.7785442471504211,255.51780700683594,222.70030212402344,0.9694364070892334,462.1253967285156,355.34112548828125,0.998537540435791,171.11911010742188,363.7839660644531,0.9956789612770081,581.6207885742188,468.57562255859375,0.44184836745262146,26.5257568359375,469.8292236328125,0.11112818866968155,538.7926025390625,466.82037353515625,0.015523552894592285,109.41401672363281,448.77813720703125,0.007942959666252136,399.911865234375,480.0,0.0005849364097230136,219.89602661132812,480.0,0.00033114757388830185,421.9559326171875,462.002197265625,0.0008130388450808823,217.43101501464844,468.03240966796875,0.0005326619721017778,385.87945556640625,471.1505126953125,0.000511825259309262,240.82098388671875,456.74853515625,0.00037566095124930143
20,webcam-0__tcn__20260807-122153_raw_30fps,329,330,10.966666666666667,background,1,1,1,1,0,0,0,640,480,0.9430201053619385,0,2.064117431640625,81.33486938476562,612.5813598632812,478.86065673828125,347.2558288574219,264.90545654296875,0.998702883720398,385.60968017578125,226.25509643554688,0.9962977766990662,309.2957458496094,221.632080078125,0.9963935017585754,423.9494934082031,231.57742309570312,0.7772345542907715,255.26016235351562,222.6160888671875,0.9685072302818298,461.1986389160156,355.1226806640625,0.9986720085144043,170.43971252441406,364.17864990234375,0.9952965378761292,580.508544921875,468.3387756347656,0.48703065514564514,26.7181396484375,470.147705078125,0.09670580923557281,548.2958374023438,466.8477783203125,0.017961062490940094,113.25761413574219,448.5819091796875,0.0073493849486112595,399.355712890625,480.0,0.0005988280172459781,219.81776428222656,480.0,0.00031876505818217993,423.28009033203125,462.04278564453125,0.0007982082897797227,219.684814453125,468.1698913574219,0.0005185374175198376,387.6423034667969,470.4975891113281,0.0005045431898906827,243.36141967773438,456.54364013671875,0.00037653069011867046
20,webcam-0__tcn__20260807-122153_raw_30fps,330,331,11.0,background,1,1,1,1,0,0,0,640,480,0.9430986642837524,0,1.398773193359375,81.18994140625,612.2594604492188,478.92047119140625,346.8454895019531,265.1036376953125,0.9986972212791443,385.636474609375,226.27227783203125,0.9962371587753296,308.98199462890625,221.5776824951172,0.9962497353553772,424.07562255859375,231.9727325439453,0.7925050258636475,255.26141357421875,222.79116821289062,0.967373788356781,461.35418701171875,355.1407165527344,0.9986326098442078,169.7324981689453,364.5411071777344,0.9954397082328796,582.13330078125,469.0644836425781,0.478838175535202,26.25152587890625,469.8869934082031,0.09663981199264526,538.606201171875,465.6972961425781,0.019234582781791687,113.44743347167969,448.7630920410156,0.007520127575844526,399.4276123046875,480.0,0.0006057179998606443,219.13467407226562,480.0,0.0003210757568012923,423.33843994140625,460.7890625,0.0008291311678476632,218.67919921875,467.46759033203125,0.0005132241640239954,386.9833984375,469.94378662109375,0.0005042842822149396,242.87567138671875,455.97998046875,0.0003592646971810609
20,webcam-0__tcn__20260807-122153_raw_30fps,331,332,11.033333333333333,background,1,1,1,1,0,0,0,640,480,0.9421137571334839,0,1.78466796875,81.97488403320312,610.9869384765625,478.9500732421875,346.7131652832031,265.114013671875,0.9986928105354309,385.3214111328125,226.4656982421875,0.9961076378822327,308.6866455078125,221.67588806152344,0.996690034866333,423.55145263671875,232.07183837890625,0.7771943211555481,254.080810546875,222.84970092773438,0.972586452960968,461.22869873046875,355.4237060546875,0.9985325336456299,170.27102661132812,364.8699645996094,0.9952670335769653,583.28173828125,469.02203369140625,0.43714720010757446,28.50225830078125,470.5279846191406,0.09039516001939774,526.7927856445312,464.3184509277344,0.020504944026470184,115.11553955078125,447.1954650878906,0.007471696473658085,398.70172119140625,480.0,0.0006382165593095124,218.8122100830078,480.0,0.00034071991103701293,421.62823486328125,460.126953125,0.0008741631754674017,217.21243286132812,466.9418029785156,0.0005297227762639523,385.7549133300781,471.04583740234375,0.000532720354385674,240.64788818359375,456.64849853515625,0.0003737553197424859
20,webcam-0__tcn__20260807-122153_raw_30fps,332,333,11.066666666666666,background,1,1,1,1,0,0,0,640,480,0.9424083828926086,0,1.527984619140625,81.69793701171875,611.1888427734375,478.9291687011719,346.6167907714844,265.0974426269531,0.998721182346344,385.095458984375,226.53106689453125,0.9961068034172058,308.8031921386719,221.60366821289062,0.9967693090438843,422.85382080078125,232.10885620117188,0.7633055448532104,254.17665100097656,222.5857696533203,0.9727290272712708,462.2209777832031,355.36553955078125,0.9984831213951111,170.88330078125,364.3311767578125,0.9950881600379944,582.5127563476562,469.8660888671875,0.4007270932197571,29.5150146484375,469.95782470703125,0.09026196599006653,530.134765625,465.94500732421875,0.017522769048810005,116.84260559082031,446.43157958984375,0.007764381356537342,400.1444091796875,480.0,0.0006054718396626413,220.20932006835938,480.0,0.0003361123672220856,421.217041015625,460.83251953125,0.0008413461619056761,217.23416137695312,466.84906005859375,0.0005338353221304715,386.75439453125,471.5498962402344,0.000544051465112716,241.09271240234375,457.3468322753906,0.00038844236405566335
20,webcam-0__tcn__20260807-122153_raw_30fps,333,334,11.1,background,1,1,1,1,0,0,0,640,480,0.9419615268707275,0,1.837371826171875,81.8994140625,612.3389892578125,478.9183654785156,345.5438232421875,264.1015319824219,0.998765230178833,384.1601867675781,225.95172119140625,0.9960599541664124,307.7879333496094,221.36343383789062,0.9966641068458557,421.9883117675781,231.0500030517578,0.7643412947654724,253.26998901367188,222.12973022460938,0.972602128982544,460.2580261230469,354.6112060546875,0.998548686504364,168.24061584472656,365.259521484375,0.9947305917739868,580.4252319335938,469.3733825683594,0.40423059463500977,29.306610107421875,470.9392395019531,0.07630936801433563,540.89990234375,469.5352783203125,0.014091290533542633,117.98309326171875,446.75921630859375,0.007341634947806597,399.8722839355469,480.0,0.0006586654344573617,219.57315063476562,480.0,0.0003555179282557219,422.3740234375,460.15777587890625,0.0008339185733348131,218.60348510742188,466.68011474609375,0.0005469030002132058,388.9998779296875,470.14251708984375,0.0005301989149302244,243.05099487304688,456.4427185058594,0.00040307597373612225
20,webcam-0__tcn__20260807-122153_raw_30fps,334,335,11.133333333333333,background,1,1,1,1,0,0,0,640,480,0.9427104592323303,0,1.475128173828125,82.0,608.931396484375,478.92535400390625,345.23150634765625,264.088134765625,0.9987587928771973,383.6298828125,226.2462158203125,0.9960938096046448,307.4953308105469,221.469482421875,0.9966825842857361,421.9429016113281,231.1324005126953,0.7619481682777405,252.91635131835938,221.91876220703125,0.9705981612205505,459.6468811035156,354.177001953125,0.9986163377761841,168.65501403808594,364.079833984375,0.995101273059845,580.326171875,469.31072998046875,0.46348270773887634,28.927734375,470.52862548828125,0.09311538934707642,529.436279296875,469.17950439453125,0.0177049171179533,116.8826904296875,447.102294921875,0.0077478461898863316,399.8525085449219,480.0,0.0006641914951615036,220.33731079101562,480.0,0.00034872308606281877,424.50799560546875,460.62762451171875,0.0008734846487641335,219.88075256347656,466.93426513671875,0.0005316424067132175,389.834228515625,470.9615478515625,0.0005279165343381464,244.48960876464844,456.6788024902344,0.00037479650927707553
20,webcam-0__tcn__20260807-122153_raw_30fps,335,336,11.166666666666666,background,1,1,1,1,0,0,0,640,480,0.941445529460907,0,1.687896728515625,81.9154052734375,610.2578125,478.90789794921875,344.5924377441406,264.03363037109375,0.9987047910690308,383.0713806152344,226.3963623046875,0.9958575367927551,307.0152587890625,221.705078125,0.9965683221817017,421.3070373535156,231.64730834960938,0.7774216532707214,252.70779418945312,222.61380004882812,0.9719700813293457,459.693115234375,353.53009033203125,0.9985394477844238,167.5103302001953,364.3697509765625,0.9948157668113708,582.54638671875,470.9835205078125,0.4264906942844391,30.2376708984375,470.57421875,0.07984147220849991,533.5997314453125,465.14788818359375,0.02221517637372017,119.21664428710938,446.1395263671875,0.00834635179489851,399.5029602050781,480.0,0.0006727720028720796,219.74749755859375,480.0,0.00036068528424948454,421.09503173828125,458.7110595703125,0.0008883866830728948,217.3448028564453,465.45184326171875,0.0005216765566729009,388.30389404296875,470.2564392089844,0.0005377323250286281,243.66595458984375,456.3002014160156,0.0003685929987113923
20,webcam-0__tcn__20260807-122153_raw_30fps,336,337,11.2,background,1,1,1,1,0,0,0,640,480,0.9416911005973816,0,1.414764404296875,81.34686279296875,609.742431640625,478.94622802734375,344.26080322265625,264.01806640625,0.9987202882766724,382.61749267578125,226.43603515625,0.9960135221481323,306.8785095214844,221.65615844726562,0.9965721368789673,421.0887451171875,231.71463012695312,0.7890388369560242,253.12033081054688,222.51882934570312,0.9709111452102661,460.1321105957031,353.68450927734375,0.9984902143478394,167.06468200683594,365.1773986816406,0.9948908090591431,581.3687744140625,470.4317626953125,0.40227311849594116,29.75408935546875,470.954345703125,0.0746261328458786,531.070556640625,466.5917053222656,0.01842762902379036,117.78826904296875,445.4698181152344,0.007761175278574228,400.6651611328125,480.0,0.000628466485068202,220.05479431152344,480.0,0.0003350168408360332,422.5305480957031,458.9289855957031,0.0008684868807904422,218.36688232421875,465.83331298828125,0.0005043585551902652,388.90478515625,470.3421630859375,0.0005247253575362265,244.1141357421875,456.44879150390625,0.00035799440229311585
20,webcam-0__tcn__20260807-122153_raw_30fps,337,338,11.233333333333333,background,1,1,1,1,0,0,0,640,480,0.9416484236717224,0,1.226226806640625,82.59710693359375,608.6502075195312,478.9911804199219,343.8882751464844,264.2188415527344,0.9988290667533875,382.0689697265625,226.46266174316406,0.9960795044898987,306.6363525390625,221.65383911132812,0.9965241551399231,420.055908203125,231.32632446289062,0.7881770730018616,252.91229248046875,222.09356689453125,0.9697931408882141,459.674072265625,355.279052734375,0.9985566735267639,163.55364990234375,367.0156555175781,0.9941213726997375,580.467041015625,468.4671630859375,0.4672373831272125,32.884063720703125,471.0426025390625,0.06845643371343613,526.8663330078125,470.63922119140625,0.018401997163891792,114.76667785644531,444.5776672363281,0.007941986434161663,399.1485290527344,480.0,0.0007279969868250191,216.85134887695312,480.0,0.0003680603113025427,424.285888671875,458.06976318359375,0.0008947984897531569,218.51553344726562,465.5362548828125,0.000551450124476105,389.5232238769531,468.8919677734375,0.0004698125412687659,243.63441467285156,455.5802917480469,0.00036492859362624586
20,webcam-0__tcn__20260807-122153_raw_30fps,338,339,11.266666666666667,background,1,1,1,1,0,0,0,640,480,0.942230224609375,0,1.514129638671875,84.18621826171875,607.546875,478.969482421875,343.9168395996094,264.2918395996094,0.9987176656723022,382.3431701660156,226.25823974609375,0.9959695339202881,306.4393615722656,221.7008819580078,0.99620121717453,421.13262939453125,231.38784790039062,0.8130725026130676,253.30938720703125,222.5967254638672,0.9686437845230103,459.28973388671875,355.10693359375,0.9986398816108704,163.0186004638672,366.939208984375,0.9945048689842224,580.1002197265625,467.92987060546875,0.5281728506088257,31.331329345703125,470.9844665527344,0.07542745023965836,535.005615234375,471.02691650390625,0.019170712679624557,110.23567199707031,445.8566589355469,0.007696440443396568,399.1805419921875,480.0,0.000733006454538554,217.033447265625,480.0,0.00036327497218735516,427.1336669921875,459.44390869140625,0.0009054089896380901,219.2660369873047,466.70916748046875,0.0005555109237320721,390.99005126953125,469.5603942871094,0.00044525257544592023,244.72891235351562,456.4248046875,0.0003523930790834129
20,webcam-0__tcn__20260807-122153_raw_30fps,339,340,11.3,background,1,1,1,1,0,0,0,640,480,0.9419118165969849,0,1.47320556640625,82.77120971679688,608.9793090820312,478.9166259765625,343.59100341796875,263.9763488769531,0.9986642599105835,382.2481384277344,225.76889038085938,0.9957917928695679,306.2876892089844,221.50352478027344,0.9961362481117249,421.0066223144531,231.48385620117188,0.82290118932724,253.58358764648438,223.08604431152344,0.971472978591919,459.30572509765625,355.1548767089844,0.9987081289291382,163.29798889160156,367.2221984863281,0.9942466616630554,579.650390625,468.3690185546875,0.5540761351585388,30.625396728515625,471.81243896484375,0.07038158923387527,552.753173828125,471.4566650390625,0.02046988345682621,110.97132873535156,446.08868408203125,0.006940041668713093,397.9001159667969,480.0,0.000736608577426523,216.43792724609375,480.0,0.000362049468094483,425.57733154296875,458.8004455566406,0.000899015401955694,219.7571563720703,465.0927734375,0.0005790573195554316,391.8330383300781,467.8819274902344,0.00045075619709677994,244.931640625,455.0536193847656,0.00038320283056236804
20,webcam-0__tcn__20260807-122153_raw_30fps,340,341,11.333333333333334,background,1,1,1,1,0,0,0,640,480,0.9417698979377747,0,1.562225341796875,83.24551391601562,608.9270629882812,478.919189453125,343.3988037109375,263.8836669921875,0.9986230134963989,381.72723388671875,225.37844848632812,0.9957441687583923,305.7878723144531,221.17138671875,0.9960620999336243,420.4731750488281,230.99249267578125,0.7987181544303894,252.73394775390625,222.84756469726562,0.9690034985542297,458.9073486328125,354.5983581542969,0.9987533092498779,166.61138916015625,364.95648193359375,0.9946803450584412,580.6243896484375,468.91021728515625,0.532558798789978,29.597747802734375,469.7314758300781,0.08853613585233688,553.374267578125,472.783935546875,0.01827525533735752,113.49372863769531,446.25006103515625,0.007496639620512724,398.3406677246094,480.0,0.0006712714093737304,218.757080078125,480.0,0.00035000554635189474,422.4045715332031,459.5462341308594,0.0008745593368075788,217.9630126953125,465.42193603515625,0.0005704499781131744,389.2668151855469,469.4891357421875,0.0004907200927846134,243.22821044921875,456.2294006347656,0.0003893354441970587
20,webcam-0__tcn__20260807-122153_raw_30fps,341,342,11.366666666666667,background,1,1,1,1,0,0,0,640,480,0.9415158629417419,0,1.3487548828125,82.5537109375,612.046875,478.90728759765625,343.3202819824219,263.892822265625,0.9986176490783691,381.5601806640625,225.44740295410156,0.9958403706550598,305.60723876953125,221.28041076660156,0.9960805773735046,420.424560546875,230.95228576660156,0.7953426837921143,252.47792053222656,222.89535522460938,0.9679813981056213,459.13433837890625,354.5540466308594,0.9988089799880981,167.94949340820312,364.1449279785156,0.9945916533470154,579.4085693359375,467.7476501464844,0.5540156364440918,29.226837158203125,468.47998046875,0.09195840358734131,558.452880859375,474.49005126953125,0.018166841939091682,113.10456848144531,446.35382080078125,0.007819557562470436,399.4549865722656,480.0,0.0006691371090710163,220.32095336914062,480.0,0.0003476535785011947,424.01800537109375,460.0105895996094,0.0008559483685530722,218.90084838867188,465.19970703125,0.0005762589862570167,390.892578125,469.44122314453125,0.0004891569842584431,244.16046142578125,455.9070129394531,0.00039877265226095915
20,webcam-0__tcn__20260807-122153_raw_30fps,342,343,11.4,background,1,1,1,1,0,0,0,640,480,0.9423122406005859,0,1.643524169921875,83.2235107421875,609.4290161132812,478.94219970703125,343.1632080078125,264.258056640625,0.998588502407074,380.9358825683594,228.92874145507812,0.9959586262702942,305.87225341796875,224.85659790039062,0.9959501028060913,419.8975830078125,230.54257202148438,0.801776111125946,252.16354370117188,222.76736450195312,0.9646852612495422,459.0208740234375,354.53466796875,0.9988941550254822,166.1161346435547,365.3235778808594,0.9948299527168274,580.6188354492188,469.19659423828125,0.5317314267158508,29.412139892578125,470.4225769042969,0.08306828141212463,549.0689697265625,471.8677062988281,0.01905408501625061,111.82850646972656,446.46392822265625,0.008229984901845455,397.65716552734375,480.0,0.000631842645816505,218.62808227539062,480.0,0.00032279820879921317,424.64447021484375,460.1758117675781,0.0007407194352708757,218.74215698242188,466.47894287109375,0.0004899736377410591,390.6545104980469,470.2106018066406,0.0005085403099656105,243.75308227539062,455.8997802734375,0.00040411052759736776
20,webcam-0__tcn__20260807-122153_raw_30fps,343,344,11.433333333333334,background,1,1,1,1,0,0,0,640,480,0.9442007541656494,0,1.25384521484375,83.42230224609375,607.892578125,478.91876220703125,342.96368408203125,264.2138977050781,0.9985492825508118,381.08074951171875,228.58218383789062,0.9958679676055908,305.5595397949219,224.6888427734375,0.9956972599029541,420.2468566894531,230.21983337402344,0.8149340152740479,252.00540161132812,222.73062133789062,0.9648431539535522,459.0411376953125,354.6727600097656,0.9988996982574463,165.0218963623047,366.3620910644531,0.994321346282959,579.271484375,469.1072692871094,0.5204410552978516,30.606475830078125,471.5698547363281,0.0691293403506279,551.52685546875,473.10870361328125,0.017960598692297935,116.39778137207031,446.73052978515625,0.00779165793210268,396.9195251464844,480.0,0.0006188959232531488,217.26551818847656,480.0,0.0003035380505025387,424.6356506347656,460.5285949707031,0.0007170283352024853,219.7284698486328,466.43701171875,0.00047974404878914356,391.5920715332031,469.8332214355469,0.0005075862281955779,244.53778076171875,456.3380432128906,0.00041690762736834586
20,webcam-0__tcn__20260807-122153_raw_30fps,344,345,11.466666666666667,background,1,1,1,1,0,0,0,640,480,0.9437559843063354,0,1.591552734375,83.53802490234375,609.1312866210938,478.9228515625,342.7890319824219,264.3038024902344,0.9986153841018677,380.8977966308594,228.13986206054688,0.9957834482192993,305.2825012207031,224.45567321777344,0.995701014995575,419.8830871582031,229.70008850097656,0.797410249710083,251.64236450195312,222.65353393554688,0.9626522064208984,458.70733642578125,354.5863952636719,0.9988757967948914,165.2714385986328,366.0150451660156,0.9941288232803345,579.9227905273438,469.5223388671875,0.5141809582710266,31.456085205078125,472.1596984863281,0.06842630356550217,551.0408935546875,471.4012451171875,0.020792096853256226,115.99749755859375,446.6351318359375,0.007521960884332657,396.95465087890625,480.0,0.0005819160724058747,217.5017547607422,480.0,0.0002779901260510087,424.6979064941406,460.6160888671875,0.0007583415135741234,220.29910278320312,466.32159423828125,0.00047227833420038223,391.68353271484375,469.99090576171875,0.000513680512085557,244.83872985839844,456.379150390625,0.00038960814708843827
20,webcam-0__tcn__20260807-122153_raw_30fps,345,346,11.5,background,1,1,1,1,0,0,0,640,480,0.9431324005126953,0,1.780120849609375,83.02877807617188,609.2255859375,478.95391845703125,343.1610107421875,264.22125244140625,0.9987667798995972,381.25946044921875,227.80010986328125,0.9961106181144714,305.6619873046875,224.30007934570312,0.9960654377937317,419.88262939453125,230.01055908203125,0.7944028377532959,252.10528564453125,223.361328125,0.962675154209137,458.932861328125,354.829833984375,0.9988183379173279,166.15306091308594,366.1865234375,0.9942019581794739,579.6090698242188,468.79864501953125,0.4819260239601135,30.90008544921875,471.285400390625,0.07215345650911331,542.566650390625,472.5669860839844,0.015172809362411499,116.17868041992188,446.2910461425781,0.007443534210324287,397.0985412597656,480.0,0.0006085872882977128,217.4888458251953,480.0,0.00029743084451183677,423.84912109375,460.19171142578125,0.00077020627213642,219.67910766601562,466.57647705078125,0.0004927472909912467,390.21331787109375,470.0534973144531,0.0005208761431276798,244.08172607421875,456.5744323730469,0.00039899375406093895
20,webcam-0__tcn__20260807-122153_raw_30fps,346,347,11.533333333333333,background,1,1,1,1,0,0,0,640,480,0.9437989592552185,0,1.39276123046875,82.57476806640625,612.9749145507812,478.91680908203125,342.9984436035156,263.79290771484375,0.9987382292747498,381.0063171386719,226.60858154296875,0.9960197806358337,305.3099060058594,222.78042602539062,0.996350884437561,419.2218933105469,230.83444213867188,0.7965251207351685,251.4730987548828,223.67849731445312,0.9709534645080566,458.58660888671875,354.3216552734375,0.9987986087799072,164.43797302246094,367.2318420410156,0.9938218593597412,581.4505615234375,469.2626647949219,0.4970570504665375,28.21209716796875,470.9784851074219,0.06731294095516205,545.7205810546875,473.4476623535156,0.015527660958468914,116.18679809570312,446.31915283203125,0.0070972079411149025,397.2380676269531,480.0,0.0006060861051082611,216.41000366210938,480.0,0.00029570524930022657,422.9202880859375,459.8922119140625,0.000782191171310842,218.35928344726562,466.7615966796875,0.0005014667403884232,389.62408447265625,469.3031005859375,0.0004981323727406561,243.65191650390625,456.173583984375,0.0003992125275544822
20,webcam-0__tcn__20260807-122153_raw_30fps,347,348,11.566666666666666,background,1,1,1,1,0,0,0,640,480,0.9434218406677246,0,1.280670166015625,81.91851806640625,612.4788818359375,478.9222412109375,342.88677978515625,263.9210205078125,0.998721182346344,380.8849182128906,226.67202758789062,0.9958815574645996,305.24676513671875,222.9205322265625,0.9963158965110779,419.3383483886719,231.1562957763672,0.7866997718811035,251.66773986816406,224.077392578125,0.9700775742530823,457.8898620605469,353.7723388671875,0.9988701939582825,165.86582946777344,366.0841064453125,0.9942723512649536,580.7973022460938,467.8222961425781,0.5412493944168091,28.172576904296875,470.6183776855469,0.07748806476593018,554.2550048828125,474.587890625,0.01674530655145645,116.36822509765625,445.70159912109375,0.0072543867863714695,397.6604919433594,480.0,0.0006233797175809741,218.23878479003906,480.0,0.0003050803206861019,424.2669677734375,460.5592956542969,0.0008061466505751014,219.53656005859375,466.78961181640625,0.0005176978884264827,391.15045166015625,469.49951171875,0.0004987495485693216,245.410888671875,456.20562744140625,0.00039550845394842327
20,webcam-0__tcn__20260807-122153_raw_30fps,348,349,11.6,background,1,1,1,1,0,0,0,640,480,0.9422887563705444,0,1.43719482421875,82.06399536132812,612.9024047851562,478.95086669921875,342.9624328613281,263.797119140625,0.9986971020698547,380.59979248046875,226.6462860107422,0.9959518909454346,305.1523742675781,222.94827270507812,0.9965320825576782,419.2901916503906,230.88037109375,0.7945813536643982,251.45904541015625,224.08401489257812,0.9723248481750488,458.2643127441406,353.5357360839844,0.998822033405304,166.09347534179688,365.91217041015625,0.9943180680274963,581.2136840820312,468.23602294921875,0.4984317421913147,28.99945068359375,470.66357421875,0.07323119789361954,550.3895874023438,473.16729736328125,0.015536295250058174,117.08380126953125,445.83984375,0.007075631525367498,397.8177795410156,480.0,0.0006323170382529497,218.107177734375,480.0,0.0003167142567690462,424.1007385253906,459.9273376464844,0.0007956324843689799,218.8858642578125,466.0107421875,0.0005104517913423479,390.84063720703125,469.5173645019531,0.0005021284450776875,244.16476440429688,455.87646484375,0.0003973227576352656
20,webcam-0__tcn__20260807-122153_raw_30fps,349,350,11.633333333333333,background,1,1,1,1,0,0,0,640,480,0.9436095952987671,0,0.0,82.29974365234375,611.9991455078125,478.962890625,343.1080017089844,264.3312072753906,0.9986384510993958,380.6883544921875,226.65701293945312,0.9960663914680481,305.21917724609375,222.690185546875,0.9963017702102661,419.5816345214844,230.56753540039062,0.8252205848693848,252.00880432128906,223.49278259277344,0.9709118008613586,460.3478698730469,353.1281433105469,0.9986090064048767,162.3018035888672,367.8681945800781,0.9947729706764221,581.8448486328125,467.1983642578125,0.44989219307899475,26.698333740234375,471.3583984375,0.07109377533197403,533.3450927734375,468.4234924316406,0.015320871025323868,114.07920837402344,448.4851989746094,0.006734139751642942,399.746337890625,480.0,0.0005780936917290092,216.35595703125,480.0,0.0002916135126724839,426.1305236816406,460.39434814453125,0.0007720763678662479,221.11489868164062,468.7568359375,0.000444138131570071,389.853515625,469.54144287109375,0.0004632864729501307,247.33489990234375,456.6517028808594,0.0003299139207229018
20,webcam-0__tcn__20260807-122153_raw_30fps,350,351,11.666666666666666,background,1,1,1,1,0,0,0,640,480,0.9439619779586792,0,0.299224853515625,82.61590576171875,611.91943359375,478.9543762207031,343.09295654296875,264.6731262207031,0.9986687898635864,380.8387145996094,226.69491577148438,0.996163010597229,305.4130554199219,222.84951782226562,0.9961075186729431,419.46282958984375,230.21839904785156,0.8228028416633606,252.59039306640625,223.23739624023438,0.9672260880470276,460.13275146484375,352.91339111328125,0.9986796975135803,162.8154754638672,367.0196838378906,0.9949694275856018,581.6972045898438,467.2292175292969,0.47144660353660583,25.44384765625,471.0821533203125,0.0781465619802475,536.5930786132812,468.9155578613281,0.015295461751520634,112.896240234375,448.4736328125,0.006961692124605179,400.0728454589844,480.0,0.0005542854196392,216.531005859375,480.0,0.00028102268697693944,425.9158935546875,460.9123229980469,0.0007696541142649949,219.9404296875,468.760009765625,0.00045141801820136607,389.2764587402344,469.53594970703125,0.00045560073340311646,246.5399627685547,456.48333740234375,0.00032733206171542406
20,webcam-0__tcn__20260807-122153_raw_30fps,351,352,11.7,background,1,1,1,1,0,0,0,640,480,0.9436066150665283,0,1.219696044921875,82.11721801757812,611.04443359375,478.9713134765625,342.8386535644531,264.65557861328125,0.9986274242401123,381.0820617675781,226.81607055664062,0.9961206316947937,305.5791931152344,222.81520080566406,0.9958806037902832,419.81719970703125,230.6484832763672,0.8368369936943054,253.16671752929688,223.0746612548828,0.9654562473297119,459.197998046875,352.9742736816406,0.9986883997917175,163.96832275390625,366.6533508300781,0.994892954826355,582.4610595703125,468.2030029296875,0.46807801723480225,27.16058349609375,470.8785400390625,0.07644601911306381,538.305908203125,468.983154296875,0.0159895159304142,115.28338623046875,447.3551025390625,0.007030511740595102,398.2339172363281,480.0,0.0005704407813027501,215.910400390625,480.0,0.00028895059949718416,424.0845642089844,460.3485107421875,0.0007771856617182493,219.26025390625,467.8326110839844,0.0004568584554363042,388.56805419921875,469.481201171875,0.00046912787365727127,245.6270751953125,456.2630615234375,0.00033863316639326513
20,webcam-0__tcn__20260807-122153_raw_30fps,352,353,11.733333333333333,background,1,1,1,1,0,0,0,640,480,0.9443233013153076,0,0.377532958984375,81.771240234375,609.4383544921875,479.00543212890625,343.0205993652344,265.04693603515625,0.9986218214035034,380.89483642578125,226.7320098876953,0.995868980884552,305.60791015625,222.95571899414062,0.996088981628418,419.34783935546875,230.0789337158203,0.8199439644813538,253.0986328125,223.13580322265625,0.9682019352912903,459.4665832519531,353.2616271972656,0.9986817240715027,164.2286376953125,367.376953125,0.9949383735656738,582.3141479492188,468.76458740234375,0.48627910017967224,26.532257080078125,470.4889831542969,0.08065331727266312,530.906005859375,469.5348815917969,0.01637287065386772,114.3583984375,446.6041259765625,0.007023464888334274,399.8910827636719,480.0,0.0005364806274883449,217.4276123046875,480.0,0.000266658840700984,426.71124267578125,459.97039794921875,0.0008009997545741498,220.48902893066406,468.2153625488281,0.00044486121623776853,390.3179626464844,469.9161071777344,0.0004685372405219823,247.0347900390625,456.77142333984375,0.00031758990371599793
20,webcam-0__tcn__20260807-122153_raw_30fps,353,354,11.766666666666667,background,1,1,1,1,0,0,0,640,480,0.9434467554092407,0,1.036590576171875,81.16543579101562,608.15380859375,479.0177001953125,344.0796813964844,264.7803955078125,0.998591959476471,381.8195495605469,227.0494384765625,0.9956725835800171,306.4091796875,223.13308715820312,0.9965099692344666,419.74560546875,229.88037109375,0.7921662330627441,252.45108032226562,222.77337646484375,0.9731940031051636,459.3294677734375,353.3177490234375,0.9986056685447693,166.25491333007812,366.95947265625,0.9950880408287048,583.5714721679688,469.728759765625,0.4624079465866089,27.535491943359375,471.5150146484375,0.08309219777584076,519.7409057617188,466.52044677734375,0.019713765010237694,113.13285827636719,446.11090087890625,0.0070994398556649685,399.4244689941406,480.0,0.0005562285659834743,218.56011962890625,480.0,0.00028146806289441884,423.9815368652344,459.6265869140625,0.0008266407530754805,218.3935546875,468.0985107421875,0.00044672953663393855,388.28228759765625,470.87249755859375,0.0005011277389712632,243.57688903808594,456.895751953125,0.0003274675109423697
20,webcam-0__tcn__20260807-122153_raw_30fps,354,355,11.8,background,1,1,1,1,0,0,0,640,480,0.9431362152099609,0,1.2037353515625,81.398193359375,607.9979858398438,478.9891357421875,344.0449523925781,264.7176513671875,0.9985791444778442,381.9269714355469,227.03323364257812,0.9956756234169006,306.46441650390625,222.92071533203125,0.9964674711227417,419.6457824707031,230.81063842773438,0.7902851104736328,252.67254638671875,223.20663452148438,0.9735472798347473,459.35784912109375,353.068603515625,0.998664140701294,167.8391876220703,365.7020263671875,0.9952113032341003,583.3056030273438,470.56219482421875,0.48565205931663513,27.382232666015625,470.57977294921875,0.09532833844423294,528.4180908203125,464.50482177734375,0.022465554997324944,114.21063232421875,445.512451171875,0.007740089204162359,399.855712890625,480.0,0.0005324738449417055,219.50546264648438,480.0,0.0002740496420301497,425.7579345703125,459.64111328125,0.0008405596017837524,219.42202758789062,467.5157775878906,0.0004609585739672184,390.322021484375,470.9532470703125,0.000516171392519027,245.0941162109375,456.78985595703125,0.00033406863803975284
20,webcam-0__tcn__20260807-122153_raw_30fps,355,356,11.833333333333334,background,1,1,1,1,0,0,0,640,480,0.9437968730926514,0,0.945404052734375,81.65673828125,608.5817260742188,478.99652099609375,344.28643798828125,264.70123291015625,0.9986271858215332,382.1292724609375,227.03775024414062,0.9957751631736755,306.5134582519531,223.02764892578125,0.9964408278465271,419.9464111328125,230.82821655273438,0.7861872911453247,252.45318603515625,223.4715576171875,0.9726606607437134,458.98834228515625,353.1068115234375,0.9986717700958252,167.03018188476562,366.14794921875,0.9949254989624023,582.2449951171875,470.8724060058594,0.45960572361946106,27.471282958984375,470.26385498046875,0.08388329297304153,535.2205200195312,467.3565673828125,0.01709637977182865,113.82826232910156,446.3265075683594,0.006978084333240986,398.9928283691406,480.0,0.0005569157656282187,218.46275329589844,480.0,0.00028602033853530884,424.8756103515625,460.0548095703125,0.0008121061837300658,219.2115936279297,467.87091064453125,0.0004619126848410815,390.06378173828125,470.45928955078125,0.000512756931129843,244.79913330078125,456.4942932128906,0.0003465957415755838
20,webcam-0__tcn__20260807-122153_raw_30fps,356,357,11.866666666666667,background,1,1,1,1,0,0,0,640,480,0.9430750012397766,0,1.342559814453125,82.63897705078125,610.4893188476562,478.96514892578125,344.7547912597656,264.75738525390625,0.9987404942512512,382.5592956542969,227.06130981445312,0.9959612488746643,307.06329345703125,222.9257354736328,0.9964565634727478,419.70379638671875,231.41534423828125,0.7656881809234619,252.78421020507812,223.69757080078125,0.9719781875610352,459.13427734375,353.5677490234375,0.9987769722938538,166.1765594482422,365.96221923828125,0.9944398403167725,580.7725830078125,469.001708984375,0.5030617713928223,27.948486328125,469.55975341796875,0.08403021097183228,547.56982421875,472.05499267578125,0.015529309399425983,115.35385131835938,446.564208984375,0.007050566840916872,398.9347229003906,480.0,0.0005591987282969058,217.86550903320312,480.0,0.00028305879095569253,424.800537109375,460.7414855957031,0.0007764509646221995,219.67724609375,467.4439697265625,0.0004889623378403485,390.4234924316406,469.4495849609375,0.000502310402225703,245.07247924804688,456.1397705078125,0.00037910055834800005
20,webcam-0__tcn__20260807-122153_raw_30fps,357,358,11.9,background,1,1,1,1,0,0,0,640,480,0.9436168074607849,0,1.431060791015625,83.268798828125,612.6236572265625,478.92547607421875,344.4692077636719,264.93035888671875,0.9986791014671326,382.254638671875,226.99755859375,0.9958239793777466,306.8951721191406,223.00662231445312,0.9964538812637329,419.666259765625,231.58929443359375,0.774488091468811,253.2989501953125,224.1021728515625,0.9722442626953125,459.2257080078125,353.3195495605469,0.9987394213676453,167.0294647216797,365.1512145996094,0.9947572946548462,579.7869262695312,468.6100769042969,0.5009569525718689,27.628204345703125,469.9848327636719,0.08805112540721893,548.2821655273438,470.66455078125,0.016271108761429787,114.22866821289062,446.48699951171875,0.007166699040681124,399.9556579589844,480.0,0.0005508870235644281,218.6807861328125,480.0,0.0002801938680931926,426.5570068359375,461.43731689453125,0.0007888907566666603,219.4667205810547,467.6153259277344,0.00048251752741634846,391.680908203125,469.814208984375,0.0004949484718963504,245.23704528808594,456.04864501953125,0.00036203241324983537
20,webcam-0__tcn__20260807-122153_raw_30fps,358,359,11.933333333333334,background,1,1,1,1,0,0,0,640,480,0.9433059096336365,0,0.896087646484375,83.15695190429688,613.8800048828125,478.91497802734375,344.3792724609375,265.0162048339844,0.9986656904220581,382.1962585449219,227.03074645996094,0.9958244562149048,306.8887023925781,223.11669921875,0.9964455962181091,419.6166687011719,231.68630981445312,0.7736162543296814,253.58267211914062,224.33914184570312,0.9710427522659302,459.0539855957031,353.0429382324219,0.9987279772758484,168.18211364746094,365.0146484375,0.9950814247131348,580.9406127929688,468.1133117675781,0.5011258721351624,26.19964599609375,469.8626708984375,0.09648694097995758,547.8949584960938,470.69122314453125,0.01573401503264904,111.37300109863281,446.4853515625,0.007231380790472031,400.2857666015625,480.0,0.0005626825732178986,219.85763549804688,480.0,0.00028975834720768034,425.7752685546875,461.4288330078125,0.0008147714543156326,219.628662109375,468.00433349609375,0.0004896799800917506,391.0220947265625,469.8697204589844,0.000503222574479878,245.56427001953125,455.9801025390625,0.00035763622145168483
20,webcam-0__tcn__20260807-122153_raw_30fps,359,360,11.966666666666667,background,1,1,1,1,0,0,0,640,480,0.9426189064979553,0,0.873870849609375,82.3511962890625,612.230224609375,478.9775390625,344.39520263671875,264.8145446777344,0.998684823513031,382.3668212890625,227.09207153320312,0.9958630800247192,306.86505126953125,223.10003662109375,0.9967178702354431,419.5877685546875,231.54861450195312,0.775877058506012,253.06686401367188,224.1013946533203,0.9729297161102295,459.8368225097656,353.6070556640625,0.9985255599021912,168.23599243164062,365.28680419921875,0.995250940322876,581.7586059570312,469.9000549316406,0.4146755635738373,26.82696533203125,469.2503356933594,0.09263918548822403,527.129638671875,466.8477783203125,0.015918100252747536,110.07707214355469,445.7555236816406,0.007546744775027037,401.4825744628906,480.0,0.0005611542728729546,220.42733764648438,480.0,0.000298682862194255,425.29742431640625,460.6634521484375,0.0008641218882985413,218.49917602539062,467.78692626953125,0.0004864301881752908,390.1507873535156,471.4994201660156,0.0005289172986522317,244.79052734375,457.15203857421875,0.0003448387433309108
20,webcam-0__tcn__20260807-122153_raw_30fps,360,361,12.0,background,1,1,1,1,0,0,0,640,480,0.9421706795692444,0,0.785614013671875,82.398681640625,610.7857666015625,478.969482421875,344.1535949707031,264.80712890625,0.9986530542373657,382.1869201660156,227.18075561523438,0.9958946704864502,306.7681579589844,223.17733764648438,0.9964583516120911,419.7367248535156,231.94967651367188,0.7833743691444397,253.260498046875,224.3292236328125,0.9708244800567627,458.8222961425781,353.9040222167969,0.9987066984176636,168.39425659179688,365.2649230957031,0.9948822259902954,582.0626831054688,470.2969970703125,0.473478764295578,28.026092529296875,469.1370544433594,0.09240297973155975,538.4197998046875,472.22894287109375,0.012124812230467796,111.87254333496094,446.43939208984375,0.006791797000914812,401.0711669921875,480.0,0.0005893112975172698,221.20065307617188,480.0,0.00031312525970861316,425.49456787109375,461.575439453125,0.00080196897033602,219.6223602294922,467.7943420410156,0.0005111728678457439,391.6435546875,471.1819763183594,0.0004993167822249234,245.13629150390625,457.216064453125,0.0003797304816544056
20,webcam-0__tcn__20260807-122153_raw_30fps,361,362,12.033333333333333,background,1,1,1,1,0,0,0,640,480,0.9438871145248413,0,1.18365478515625,81.48141479492188,609.4729614257812,478.9205322265625,344.1912536621094,264.89459228515625,0.9986901879310608,382.07818603515625,227.22933959960938,0.9960397481918335,306.3184509277344,223.1708221435547,0.9964087605476379,419.9505615234375,231.887451171875,0.7846982479095459,252.17962646484375,224.3472137451172,0.9715774059295654,457.7041015625,353.44232177734375,0.998867392539978,165.2035675048828,366.77813720703125,0.9943321943283081,580.4293823242188,468.2367248535156,0.5578869581222534,28.764434814453125,470.80743408203125,0.07492468506097794,550.990478515625,472.8702392578125,0.014945372939109802,108.89854431152344,445.8165283203125,0.005851006601005793,399.7402038574219,480.0,0.0005920391995459795,219.4114990234375,480.0,0.0002867479925043881,426.5230712890625,462.42669677734375,0.0007882662466727197,221.06398010253906,468.5237731933594,0.0005033876514062285,391.61749267578125,469.56787109375,0.00045432589831762016,246.31973266601562,456.4527282714844,0.00037713584606535733
20,webcam-0__tcn__20260807-122153_raw_30fps,362,363,12.066666666666666,background,1,1,1,1,0,0,0,640,480,0.9446274042129517,0,0.347900390625,81.58645629882812,608.33349609375,478.9082336425781,343.4346618652344,265.00518798828125,0.9986705780029297,381.2746276855469,227.356201171875,0.9961126446723938,306.0489807128906,223.34307861328125,0.9963927865028381,418.9719543457031,232.2281951904297,0.8006601333618164,252.90940856933594,224.64028930664062,0.9722229838371277,456.7086181640625,352.6937255859375,0.9988914132118225,165.28125,366.17559814453125,0.9948207139968872,579.4284057617188,467.6167297363281,0.5905073285102844,26.11456298828125,470.79119873046875,0.08544383198022842,552.836669921875,472.91265869140625,0.01500631496310234,107.73757934570312,445.6795654296875,0.006375853903591633,399.8911437988281,480.0,0.0005760237690992653,219.9234161376953,480.0,0.0002878584200516343,426.1785583496094,462.0294189453125,0.0007814092678017914,220.61717224121094,468.61590576171875,0.0005148696945980191,390.5993957519531,469.35302734375,0.00043784643639810383,246.26605224609375,456.17901611328125,0.00037288377643562853
20,webcam-0__tcn__20260807-122153_raw_30fps,363,364,12.1,background,1,1,1,1,0,0,0,640,480,0.9446102976799011,0,0.480010986328125,81.94140625,610.4976806640625,478.9056701660156,343.3153381347656,264.76708984375,0.9986145496368408,381.3133850097656,227.20980834960938,0.995797872543335,305.77679443359375,223.33334350585938,0.9962033629417419,419.0926818847656,232.41116333007812,0.7972318530082703,252.469970703125,225.09609985351562,0.97206711769104,456.7952880859375,352.9287109375,0.9988502264022827,165.65818786621094,366.2088928222656,0.9948500990867615,579.1629028320312,469.53936767578125,0.5821062922477722,25.130950927734375,470.29107666015625,0.08425752073526382,556.2987060546875,471.5462646484375,0.019542323425412178,107.47114562988281,445.82080078125,0.006546253804117441,399.9085693359375,480.0,0.0005631844978779554,219.6024169921875,480.0,0.00028161113732494414,425.70037841796875,461.57025146484375,0.0008230064995586872,219.20849609375,468.49334716796875,0.0005102058639749885,390.39678955078125,468.80499267578125,0.00045685950317420065,244.97219848632812,455.494384765625,0.00035950145684182644
20,webcam-0__tcn__20260807-122153_raw_30fps,364,365,12.133333333333333,background,1,1,1,1,0,0,0,640,480,0.9449002742767334,0,1.332733154296875,81.99099731445312,608.3633422851562,478.90185546875,343.26220703125,264.904541015625,0.9986304044723511,381.5024108886719,227.16224670410156,0.9960957169532776,305.631103515625,223.38385009765625,0.9963093400001526,419.947509765625,231.644287109375,0.8092300891876221,252.34530639648438,224.40911865234375,0.9714024662971497,457.77703857421875,352.6733703613281,0.998918890953064,167.34181213378906,364.77362060546875,0.9948482513427734,576.4546508789062,466.3430480957031,0.6131002902984619,26.615966796875,468.8430480957031,0.09310240298509598,560.7047119140625,473.52691650390625,0.01870613731443882,109.40354919433594,446.51727294921875,0.007273756433278322,400.48150634765625,480.0,0.0005867170402780175,221.7503204345703,480.0,0.00029375150916166604,425.1715087890625,462.1836242675781,0.0007747480412945151,220.69903564453125,468.15655517578125,0.0005094334483146667,390.3519287109375,469.0867919921875,0.00046205733087845147,246.42404174804688,456.0617370605469,0.00038174635847099125
20,webcam-0__tcn__20260807-122153_raw_30fps,365,366,12.166666666666666,background,1,1,1,1,0,0,0,640,480,0.9438527226448059,0,1.779632568359375,82.5364990234375,609.7052001953125,478.9004211425781,343.012939453125,265.8305358886719,0.9985287189483643,381.3307189941406,227.30123901367188,0.9958096742630005,305.56610107421875,223.71603393554688,0.995884358882904,419.94537353515625,232.04580688476562,0.8209952116012573,253.20835876464844,225.078125,0.9686335921287537,458.49310302734375,353.1607360839844,0.9988762736320496,168.76905822753906,363.9403381347656,0.9945822358131409,577.2086791992188,467.642578125,0.5735098123550415,28.687744140625,468.7823486328125,0.08895385265350342,559.7323608398438,473.5270080566406,0.020066194236278534,115.10777282714844,446.9489440917969,0.007785783614963293,399.64959716796875,480.0,0.000584848050493747,220.51535034179688,480.0,0.0002940081467386335,424.99163818359375,461.9241638183594,0.0007684968877583742,220.89044189453125,466.4622802734375,0.0005023824633099139,390.0188903808594,468.78759765625,0.00047319417353719473,245.49087524414062,455.75604248046875,0.0003775866061914712
20,webcam-0__tcn__20260807-122153_raw_30fps,366,367,12.2,background,1,1,1,1,0,0,0,640,480,0.9439648985862732,0,2.292083740234375,82.983154296875,611.3692626953125,478.8772277832031,343.10772705078125,265.8350830078125,0.9985697269439697,381.2195129394531,227.42056274414062,0.9958099126815796,305.67926025390625,223.75408935546875,0.9958828687667847,419.8354797363281,232.1200714111328,0.809316098690033,253.26531982421875,224.99221801757812,0.967775821685791,458.4923400878906,353.5398254394531,0.9988915324211121,168.45631408691406,364.0627746582031,0.9942997694015503,575.2196044921875,466.5873107910156,0.5871352553367615,29.5716552734375,469.2085266113281,0.0840395987033844,563.0175170898438,474.4074401855469,0.020131684839725494,116.52482604980469,447.0846862792969,0.007581341080367565,400.74493408203125,480.0,0.0005990988574922085,221.45458984375,480.0,0.0002936646924354136,427.241455078125,461.99603271484375,0.0007894291775301099,222.1900634765625,465.99810791015625,0.000518758432008326,391.83514404296875,468.6671447753906,0.00046804823796264827,246.29574584960938,455.6680908203125,0.00037982463254593313
20,webcam-0__tcn__20260807-122153_raw_30fps,367,368,12.233333333333333,background,1,1,1,1,0,0,0,640,480,0.943696916103363,0,1.49853515625,82.51861572265625,609.60791015625,478.8804931640625,344.8845520019531,266.80340576171875,0.9985687732696533,382.5708312988281,227.77066040039062,0.9957730174064636,306.79486083984375,223.91598510742188,0.9957990050315857,421.66424560546875,230.87066650390625,0.792181670665741,253.24484252929688,223.65135192871094,0.9680424928665161,458.0667724609375,353.08343505859375,0.9989125728607178,166.84930419921875,364.8199157714844,0.9942201375961304,574.2982788085938,465.83154296875,0.6108217239379883,29.80364990234375,470.303466796875,0.07686747610569,564.1256713867188,474.44207763671875,0.024191468954086304,120.86166381835938,446.6282958984375,0.0075838202610611916,400.5808410644531,480.0,0.000609065406024456,221.69158935546875,480.0,0.00028180854860693216,428.85089111328125,461.3825988769531,0.0008137925760820508,224.1844024658203,465.98089599609375,0.0004881239146925509,393.2532958984375,468.57342529296875,0.00045866865548305213,249.0732421875,455.46099853515625,0.0003457243728917092
20,webcam-0__tcn__20260807-122153_raw_30fps,368,369,12.266666666666667,background,1,1,1,1,0,0,0,640,480,0.9436528086662292,0,1.202056884765625,82.5184326171875,609.2147216796875,478.9196472167969,344.9346618652344,266.81695556640625,0.998563826084137,382.60089111328125,227.79666137695312,0.9957801103591919,306.83447265625,223.92938232421875,0.995884358882904,421.7019348144531,230.83975219726562,0.7935609817504883,253.24713134765625,223.626220703125,0.9688525199890137,458.302978515625,353.3423156738281,0.9988892674446106,166.369384765625,365.30889892578125,0.9941845536231995,574.8638305664062,466.3419189453125,0.5922043323516846,29.533050537109375,470.5867614746094,0.0746774673461914,560.2457275390625,474.89056396484375,0.020597049966454506,120.35896301269531,446.62017822265625,0.007354408968240023,400.886474609375,480.0,0.0006004968890920281,221.88101196289062,480.0,0.00027936481637880206,428.41717529296875,461.2619323730469,0.0008041790570132434,224.09500122070312,466.19000244140625,0.00048325376701541245,393.09197998046875,468.9417419433594,0.00045927875908091664,249.3966827392578,455.7459411621094,0.0003477752034086734
20,webcam-0__tcn__20260807-122153_raw_30fps,369,370,12.3,background,1,1,1,1,0,0,0,640,480,0.943607747554779,0,1.66302490234375,82.31817626953125,608.3004150390625,478.8995361328125,345.2931213378906,267.3134765625,0.9986361861228943,382.8716125488281,228.05630493164062,0.9956870675086975,307.3392639160156,223.94049072265625,0.9958668947219849,421.0361022949219,231.24404907226562,0.7679345011711121,253.40121459960938,223.51504516601562,0.9687573909759521,458.39031982421875,353.8940124511719,0.998879611492157,165.1447296142578,365.9319763183594,0.9936360120773315,575.4192504882812,466.4135437011719,0.5760884881019592,30.973541259765625,471.5721435546875,0.06462301313877106,563.0995483398438,475.4654846191406,0.02141651138663292,119.25933837890625,446.05572509765625,0.007194744423031807,400.93133544921875,480.0,0.0005930538172833622,221.0670166015625,480.0,0.0002713193534873426,427.74420166015625,460.75140380859375,0.0008200086886063218,223.912109375,465.2745056152344,0.0004971094895154238,393.0077819824219,468.2818603515625,0.00045397737994790077,248.99195861816406,455.545654296875,0.0003515796852298081
20,webcam-0__tcn__20260807-122153_raw_30fps,370,371,12.333333333333334,background,1,1,1,1,0,0,0,640,480,0.9443074464797974,0,0.89837646484375,82.21847534179688,608.0884399414062,478.941650390625,345.6238708496094,267.57611083984375,0.9986585378646851,382.7833251953125,228.39779663085938,0.9957615733146667,307.41485595703125,224.29348754882812,0.9961662292480469,420.63006591796875,231.45431518554688,0.7641314268112183,252.8755340576172,223.99234008789062,0.9729877710342407,459.22381591796875,354.7257995605469,0.9988314509391785,162.9185333251953,367.69677734375,0.9935923218727112,574.85791015625,466.94854736328125,0.5409650802612305,29.60986328125,472.2007141113281,0.061441708356142044,556.6663818359375,475.1351318359375,0.01723230816423893,118.55207824707031,444.80889892578125,0.0070078023709356785,400.34429931640625,480.0,0.0005618063732981682,219.26499938964844,480.0,0.00026142349815927446,426.39605712890625,460.2609558105469,0.0007905146921984851,222.53746032714844,465.69219970703125,0.0004891709540970623,391.1368408203125,467.7459411621094,0.00044904014794155955,247.95709228515625,455.0970458984375,0.0003552399284671992
20,webcam-0__tcn__20260807-122153_raw_30fps,371,372,12.366666666666667,background,1,1,1,1,0,0,0,640,480,0.9418823719024658,0,1.58221435546875,82.896240234375,609.0361938476562,478.9736328125,345.3073425292969,268.9144592285156,0.9986342787742615,382.5508728027344,229.44277954101562,0.995676577091217,307.2532958984375,225.24905395507812,0.9959904551506042,420.2962646484375,232.5654296875,0.762053906917572,252.82350158691406,224.9139862060547,0.9702323079109192,460.0785217285156,354.8544006347656,0.9987236857414246,164.90670776367188,366.96258544921875,0.9933195114135742,575.443603515625,468.15771484375,0.4735869765281677,32.8431396484375,471.166748046875,0.0641615092754364,545.2525024414062,475.15521240234375,0.014153165742754936,121.16851806640625,445.05303955078125,0.007136511616408825,401.2491149902344,480.0,0.0006251962040551007,220.34185791015625,480.0,0.00029827081016264856,425.37921142578125,459.77716064453125,0.0008363683591596782,221.4185333251953,465.22418212890625,0.0005029430612921715,390.6802673339844,468.78302001953125,0.0004884154768660665,246.84335327148438,456.1053771972656,0.00036294054007157683
20,webcam-0__tcn__20260807-122153_raw_30fps,372,373,12.4,background,1,1,1,1,0,0,0,640,480,0.9419965147972107,0,1.0404052734375,82.7645263671875,606.6029052734375,478.94488525390625,345.241943359375,269.31597900390625,0.9986215829849243,382.6688232421875,229.59683227539062,0.9955366849899292,307.02386474609375,225.42630004882812,0.99615877866745,420.0097351074219,232.44601440429688,0.7321863770484924,251.90530395507812,224.8194580078125,0.9710668921470642,458.81884765625,354.6425476074219,0.9987576007843018,165.8158721923828,366.13385009765625,0.9935815334320068,576.70068359375,467.58953857421875,0.4971519410610199,32.191986083984375,470.35089111328125,0.07589424401521683,543.7030029296875,474.73114013671875,0.014707047492265701,120.06082153320312,445.95880126953125,0.007215790916234255,399.860595703125,480.0,0.0006704144179821014,220.01394653320312,480.0,0.00032689637737348676,423.480224609375,459.575439453125,0.0008717813179828227,219.3353271484375,465.20330810546875,0.0005365266697481275,389.46502685546875,469.2642517089844,0.0005021698889322579,244.9344940185547,456.4017639160156,0.00037688843440264463
20,webcam-0__tcn__20260807-122153_raw_30fps,373,374,12.433333333333334,background,1,1,1,1,0,0,0,640,480,0.9413369297981262,0,0.0,82.009521484375,608.8167114257812,478.962890625,343.55389404296875,269.17535400390625,0.9985244870185852,380.8896484375,229.25247192382812,0.9956960678100586,305.85980224609375,225.146728515625,0.9959446787834167,418.3526306152344,232.29696655273438,0.7719240784645081,252.45436096191406,224.75503540039062,0.9689649939537048,458.2027282714844,354.72442626953125,0.9985532164573669,162.01443481445312,367.75457763671875,0.9943097829818726,576.5707397460938,465.51947021484375,0.48747384548187256,26.88092041015625,470.19061279296875,0.08200208097696304,544.166015625,474.2017517089844,0.012260466814041138,111.82606506347656,446.79815673828125,0.006475501693785191,399.7033386230469,480.0,0.0007036859751679003,217.50540161132812,480.0,0.0003740513639058918,423.10919189453125,459.37591552734375,0.0008672394324094057,218.27459716796875,466.5768127441406,0.0005840258672833443,388.82000732421875,467.7760925292969,0.00045586744090542197,245.15126037597656,455.6615295410156,0.00038347087684087455
20,webcam-0__tcn__20260807-122153_raw_30fps,374,375,12.466666666666667,background,1,1,1,1,0,0,0,640,480,0.9417243003845215,0,0.0,82.90835571289062,607.998779296875,478.93109130859375,343.3083190917969,269.2223205566406,0.9985119700431824,380.51055908203125,229.4036407470703,0.9954339861869812,305.4333801269531,225.53550720214844,0.9959074258804321,417.84808349609375,232.78936767578125,0.7689111828804016,251.871826171875,225.85484313964844,0.9710152745246887,457.32958984375,354.55584716796875,0.998604953289032,161.2461395263672,368.634521484375,0.9941871166229248,576.4364013671875,464.46331787109375,0.5079511404037476,27.822998046875,470.247314453125,0.08274832367897034,540.5517578125,473.5823974609375,0.013063590042293072,115.57659912109375,447.38330078125,0.006497992668300867,398.987548828125,480.0,0.0007043331279419363,216.77316284179688,480.0,0.00035738127189688385,424.8700256347656,459.55938720703125,0.000870773452334106,220.48513793945312,466.81781005859375,0.0005548290791921318,389.68524169921875,467.86083984375,0.0004644965229090303,247.57748413085938,456.1181640625,0.00037318465183489025
20,webcam-0__tcn__20260807-122153_raw_30fps,375,376,12.5,background,1,1,1,1,0,0,0,640,480,0.9426323771476746,0,0.0,83.08355712890625,610.3142700195312,478.99725341796875,342.2225341796875,269.187255859375,0.9984539747238159,379.0745544433594,229.25389099121094,0.995408833026886,304.1229248046875,225.40115356445312,0.9959501028060913,416.8478698730469,231.94992065429688,0.7793221473693848,250.431640625,225.27005004882812,0.9723410606384277,457.91387939453125,354.86328125,0.9986042380332947,159.00650024414062,369.9183349609375,0.9938663840293884,576.7962036132812,466.95465087890625,0.4822182059288025,26.072784423828125,471.6893310546875,0.06620483100414276,542.3314208984375,474.36236572265625,0.013075275346636772,112.3121337890625,445.6291809082031,0.00588183244690299,399.2533264160156,480.0,0.0006040780572220683,215.8116455078125,480.0,0.00030359040829353034,424.4635009765625,459.93658447265625,0.0008352474542334676,219.31654357910156,467.7039794921875,0.0005177247803658247,390.1372985839844,467.79754638671875,0.00044011446880176663,246.81231689453125,455.4704895019531,0.00035462630330584943
20,webcam-0__tcn__20260807-122153_raw_30fps,376,377,12.533333333333333,background,1,1,1,1,0,0,0,640,480,0.9425343871116638,0,0.0,84.04107666015625,612.7454833984375,478.9515686035156,342.1783752441406,269.07568359375,0.9985107779502869,379.2176818847656,229.49615478515625,0.9956554174423218,304.0911865234375,225.50363159179688,0.9960065484046936,417.03485107421875,232.2265625,0.7835819125175476,250.20297241210938,225.1934814453125,0.9720044136047363,457.7252502441406,354.86480712890625,0.9986627101898193,160.17747497558594,369.74481201171875,0.9936966300010681,576.3359375,465.807373046875,0.48183414340019226,28.4150390625,470.5798645019531,0.06361023336648941,548.556640625,475.42059326171875,0.013227644376456738,113.07846069335938,445.04547119140625,0.00578730134293437,399.0157775878906,480.0,0.000631593749858439,216.14186096191406,480.0,0.0003145413938909769,424.9361267089844,460.1370849609375,0.0008331076242029667,221.07920837402344,467.20721435546875,0.0005346745019778609,391.12506103515625,467.68499755859375,0.0004523661045823246,247.93234252929688,455.38836669921875,0.00037890439853072166
20,webcam-0__tcn__20260807-122153_raw_30fps,377,378,12.566666666666666,background,1,1,1,1,0,0,0,640,480,0.9411823749542236,0,0.04534912109375,82.57421875,607.257080078125,479.0401306152344,343.2408752441406,269.9075622558594,0.9984571933746338,380.3956604003906,230.13111877441406,0.995815098285675,305.3346862792969,226.24005126953125,0.9957805871963501,418.6683044433594,232.05735778808594,0.7948473691940308,251.9717559814453,225.065185546875,0.9666846394538879,456.7739562988281,353.9823303222656,0.9985879063606262,164.33868408203125,366.42596435546875,0.9945964217185974,577.6255493164062,465.3996276855469,0.4639434516429901,27.36407470703125,470.50396728515625,0.08445089310407639,528.7363891601562,471.41571044921875,0.012757963500916958,113.30856323242188,445.6495361328125,0.006617878098040819,396.2839050292969,480.0,0.0006644197856076062,215.77639770507812,480.0,0.00034323715954087675,420.37493896484375,459.0614929199219,0.0008612145320512354,216.36273193359375,466.5589294433594,0.00053474708693102,385.2902526855469,468.8642883300781,0.00047089552390389144,241.62100219726562,455.4200439453125,0.00036083246232010424
20,webcam-0__tcn__20260807-122153_raw_30fps,378,379,12.6,background,1,1,1,1,0,0,0,640,480,0.9401737451553345,0,0.796417236328125,82.8861083984375,608.417236328125,479.031005859375,343.10382080078125,270.031005859375,0.998528242111206,380.4489440917969,230.65562438964844,0.9958659410476685,305.30438232421875,226.66787719726562,0.9959872364997864,418.917724609375,232.35174560546875,0.7914657592773438,251.82284545898438,225.09695434570312,0.9672847986221313,456.34002685546875,353.5516052246094,0.9986294507980347,164.6453399658203,366.7847900390625,0.9942554831504822,576.8693237304688,465.5223388671875,0.48612600564956665,29.8388671875,471.0495910644531,0.07788514345884323,531.9008178710938,472.3074645996094,0.01433279924094677,116.44593811035156,445.61163330078125,0.006697337608784437,397.109619140625,480.0,0.0006979742320254445,216.99761962890625,480.0,0.0003483892942313105,422.641845703125,458.8044738769531,0.0008795681060291827,218.6392822265625,466.13031005859375,0.0005375619512051344,388.2577819824219,468.9118957519531,0.00048203070764429867,243.5916290283203,455.7327575683594,0.0003706832940224558
20,webcam-0__tcn__20260807-122153_raw_30fps,379,380,12.633333333333333,background,1,1,1,1,0,0,0,640,480,0.9401843547821045,0,0.118621826171875,82.32598876953125,607.0894165039062,479.0492858886719,344.198486328125,270.4882507324219,0.9984960556030273,381.3445129394531,231.0702362060547,0.9958019852638245,305.98248291015625,227.390869140625,0.9961178302764893,419.74957275390625,232.51565551757812,0.7680810689926147,251.8568115234375,225.92706298828125,0.9669255614280701,456.80718994140625,354.2091064453125,0.9986131191253662,166.6505126953125,365.21832275390625,0.994575023651123,577.7494506835938,466.6850280761719,0.47643065452575684,29.15576171875,469.492919921875,0.09025920182466507,534.41552734375,472.1453857421875,0.013463607057929039,110.26901245117188,445.1190185546875,0.006700437515974045,397.6075744628906,480.0,0.0006737245712429285,219.20082092285156,480.0,0.000351836351910606,420.2064514160156,459.1642150878906,0.0008735253941267729,216.4127197265625,465.888671875,0.0005440699169412255,386.1998291015625,469.8747863769531,0.0004921828513033688,241.44717407226562,455.9417419433594,0.0003708928998094052
20,webcam-0__tcn__20260807-122153_raw_30fps,380,381,12.666666666666666,background,1,1,1,1,0,0,0,640,480,0.940318763256073,0,0.301025390625,82.78619384765625,606.6375122070312,479.0043640136719,344.2475280761719,270.685546875,0.9985163807868958,381.28594970703125,231.220458984375,0.9957923889160156,305.61834716796875,227.64129638671875,0.9962730407714844,419.7204284667969,232.78689575195312,0.7486966848373413,251.0282440185547,226.5521240234375,0.9671590924263,456.5613708496094,353.7447204589844,0.9986509680747986,167.1420440673828,364.9482116699219,0.9946017265319824,577.2022705078125,466.06951904296875,0.504730224609375,28.513336181640625,469.369384765625,0.09667755663394928,535.62451171875,472.610595703125,0.013926541432738304,109.13406372070312,445.9682312011719,0.006624954286962748,398.3784484863281,480.0,0.0006421717698685825,220.19161987304688,480.0,0.00033211501431651413,422.2848205566406,460.2804260253906,0.0008415926713496447,218.18798828125,466.9333801269531,0.0005200104787945747,387.95294189453125,470.127197265625,0.0004859011678490788,242.62246704101562,456.0785217285156,0.000362858030712232
20,webcam-0__tcn__20260807-122153_raw_30fps,381,382,12.7,background,1,1,1,1,0,0,0,640,480,0.9408817291259766,0,0.740936279296875,82.95330810546875,606.481201171875,479.0096740722656,344.0953369140625,270.7142333984375,0.9986010193824768,381.2359924316406,231.403564453125,0.9958303570747375,305.8663330078125,227.8426055908203,0.9962376356124878,419.9640197753906,232.33114624023438,0.7617058157920837,251.89578247070312,226.0612335205078,0.9657626748085022,457.4039001464844,353.7956237792969,0.9986472725868225,166.3370819091797,366.7421875,0.9943009614944458,577.2177124023438,466.1745300292969,0.5093696117401123,29.463470458984375,470.3948974609375,0.08194708079099655,539.5868530273438,471.59967041015625,0.016535494476556778,111.97508239746094,445.71978759765625,0.0066565098240971565,398.0796203613281,480.0,0.0006384264561347663,219.3421173095703,480.0,0.0003158061299473047,422.72882080078125,459.7493896484375,0.0008448507869616151,219.36007690429688,467.18670654296875,0.000494398467708379,388.1214294433594,469.1924743652344,0.0004826505028177053,243.86251831054688,455.8786926269531,0.00034589332062751055
20,webcam-0__tcn__20260807-122153_raw_30fps,382,383,12.733333333333333,background,1,1,1,1,0,0,0,640,480,0.9419968128204346,0,0.83380126953125,82.71099853515625,609.6886596679688,479.05267333984375,343.39898681640625,271.7523193359375,0.9987033605575562,381.9703369140625,235.26287841796875,0.9966183304786682,306.0367736816406,230.28067016601562,0.9960929751396179,421.28021240234375,234.70428466796875,0.788685142993927,251.5357666015625,224.95013427734375,0.9580262303352356,458.21258544921875,354.80841064453125,0.9987986087799072,165.6708526611328,367.1439208984375,0.9948254823684692,576.7240600585938,466.6773681640625,0.5170778632164001,27.7293701171875,470.6352844238281,0.0881076380610466,546.0665893554688,472.4287109375,0.0139288529753685,111.07867431640625,446.63262939453125,0.00727335037663579,398.282470703125,480.0,0.0006186152459122241,219.50784301757812,480.0,0.0003161181812174618,423.1407165527344,460.107177734375,0.0007659157272428274,219.25558471679688,467.4661865234375,0.0005012842011637986,388.62188720703125,468.8816223144531,0.0005015183705836535,244.16879272460938,455.179443359375,0.00039207638474181294
20,webcam-0__tcn__20260807-122153_raw_30fps,383,384,12.766666666666667,background,1,1,1,1,0,0,0,640,480,0.9427204132080078,0,1.8446044921875,83.16586303710938,609.9854125976562,479.0187072753906,343.4736022949219,271.7830810546875,0.9987432360649109,382.46624755859375,234.98524475097656,0.9967114925384521,306.2029113769531,230.13726806640625,0.9954610466957092,422.14385986328125,233.90866088867188,0.8107905983924866,252.1887664794922,224.29586791992188,0.9484204053878784,457.8015441894531,354.74627685546875,0.9988308548927307,164.42706298828125,368.0386657714844,0.994520902633667,576.6110229492188,465.9418640136719,0.5151723027229309,28.24932861328125,470.8140869140625,0.07544685155153275,546.3880615234375,473.23333740234375,0.013610019348561764,113.10591125488281,445.9506530761719,0.007255726493895054,397.15606689453125,480.0,0.0006048705545254052,217.86563110351562,480.0,0.00029117288067936897,422.3142395019531,459.42913818359375,0.0007629999308846891,220.51519775390625,467.1942443847656,0.0004782812902703881,387.612548828125,467.7921142578125,0.000491832965053618,245.75079345703125,454.4412841796875,0.0003747420269064605
20,webcam-0__tcn__20260807-122153_raw_30fps,384,385,12.8,background,1,1,1,1,0,0,0,640,480,0.9428874254226685,0,2.266143798828125,82.882080078125,610.781494140625,479.00628662109375,343.9354248046875,271.4520263671875,0.9987733960151672,382.9559631347656,233.9997100830078,0.996574878692627,306.40447998046875,229.3023681640625,0.9957393407821655,422.33673095703125,233.70431518554688,0.7918923497200012,252.08169555664062,224.43963623046875,0.9526354670524597,457.4679870605469,354.25811767578125,0.9988219141960144,165.58963012695312,367.3526306152344,0.9940991401672363,576.6656494140625,466.9063415527344,0.5130059123039246,30.048004150390625,470.7618408203125,0.07045776396989822,546.67431640625,474.50823974609375,0.013472196646034718,116.39361572265625,446.23773193359375,0.00675221299752593,398.2885437011719,480.0,0.0006173959700390697,219.17489624023438,480.0,0.00029204838210716844,424.00286865234375,459.89654541015625,0.0007587709696963429,222.4228515625,467.1916809082031,0.00046851023216731846,389.1851501464844,468.40057373046875,0.0004872712888754904,247.19244384765625,455.13775634765625,0.00036739878123626113
20,webcam-0__tcn__20260807-122153_raw_30fps,385,386,12.833333333333334,background,1,1,1,1,0,0,0,640,480,0.9436101913452148,0,0.0,84.5506591796875,611.4938354492188,478.95159912109375,344.2117919921875,270.7858581542969,0.9986086487770081,382.1601257324219,231.38131713867188,0.9961095452308655,305.613525390625,227.31155395507812,0.9963363409042358,421.2623291015625,234.12005615234375,0.7783992886543274,251.37332153320312,226.65411376953125,0.9672448635101318,458.962890625,354.94268798828125,0.9986329674720764,165.84510803222656,366.18634033203125,0.9945135116577148,577.7010498046875,467.428955078125,0.47610098123550415,27.497161865234375,469.87457275390625,0.09007659554481506,546.28955078125,473.45965576171875,0.013184767216444016,112.55364990234375,447.18157958984375,0.007516191806644201,399.6331787109375,480.0,0.0005801569786854088,219.29934692382812,480.0,0.0003030473308172077,425.331787109375,461.3041076660156,0.0007866053492762148,220.24107360839844,466.7952880859375,0.0005010348395444453,389.1619567871094,469.5726318359375,0.00047566884313710034,244.6712646484375,456.3046875,0.00035821046913042665
20,webcam-0__tcn__20260807-122153_raw_30fps,386,387,12.866666666666667,background,1,1,1,1,0,0,0,640,480,0.9435330629348755,0,0.0,84.78302001953125,610.5545654296875,478.95855712890625,344.2258605957031,270.70098876953125,0.9985826015472412,382.1510009765625,231.45034790039062,0.9961128234863281,305.73333740234375,227.25518798828125,0.9963651895523071,421.159912109375,234.313232421875,0.7798813581466675,251.52536010742188,226.58506774902344,0.9677823781967163,459.35400390625,355.009521484375,0.9986131191253662,166.13172912597656,365.8458251953125,0.9947994947433472,577.8751831054688,467.67730712890625,0.4757179021835327,27.001861572265625,469.5322570800781,0.096435546875,546.0406494140625,473.2248840332031,0.013263917528092861,109.70458984375,447.57452392578125,0.007186463102698326,400.157470703125,480.0,0.0005687006050720811,219.70120239257812,480.0,0.00030409792088903487,423.970458984375,461.371826171875,0.0007977749337442219,218.4591522216797,467.1200256347656,0.0005047574522905052,387.9997863769531,469.943603515625,0.0004765783669427037,243.23251342773438,456.59112548828125,0.00035273859975859523
20,webcam-0__tcn__20260807-122153_raw_30fps,387,388,12.9,background,1,1,1,1,0,0,0,640,480,0.9422352313995361,0,0.6419677734375,83.99200439453125,611.9076538085938,478.98541259765625,344.115234375,271.2132263183594,0.998612642288208,381.89434814453125,231.326171875,0.9956623911857605,305.53662109375,227.63397216796875,0.9962630867958069,420.6142272949219,234.51809692382812,0.7716057896614075,251.47201538085938,227.94970703125,0.9702057838439941,458.39642333984375,354.283447265625,0.9986764788627625,164.16139221191406,368.40386962890625,0.9934440851211548,578.041259765625,468.22314453125,0.48680737614631653,30.867523193359375,470.3798522949219,0.06769061088562012,546.7198486328125,474.4566650390625,0.011953290551900864,115.90512084960938,445.2091064453125,0.006365027278661728,398.6462707519531,480.0,0.0006065096822567284,217.58511352539062,480.0,0.00029342120978981256,424.90203857421875,459.87982177734375,0.0008123139850795269,222.22251892089844,466.14495849609375,0.0004968231660313904,389.47039794921875,468.3663024902344,0.0004745054175145924,246.99960327148438,455.880615234375,0.00036548892967402935
20,webcam-0__tcn__20260807-122153_raw_30fps,388,389,12.933333333333334,background,1,1,1,1,0,0,0,640,480,0.9432002305984497,0,0.248504638671875,83.908447265625,611.1007690429688,478.950927734375,343.9122619628906,271.04071044921875,0.9986298084259033,381.7090148925781,231.30581665039062,0.9955756664276123,305.2131042480469,227.59805297851562,0.9964298605918884,420.33624267578125,234.7872314453125,0.7760877013206482,250.81039428710938,228.18841552734375,0.9748764634132385,459.2158508300781,355.24676513671875,0.9986935257911682,162.08599853515625,369.5605163574219,0.9927640557289124,576.6384887695312,467.2099609375,0.48651397228240967,32.84271240234375,472.0783386230469,0.054000142961740494,551.1328125,475.27313232421875,0.013803618960082531,120.1297607421875,445.1468505859375,0.006349580828100443,400.2293395996094,480.0,0.000603283173404634,217.71017456054688,480.0,0.0002812001039274037,427.9149475097656,459.73565673828125,0.0007874786970205605,224.59727478027344,465.4967041015625,0.0004888675175607204,392.96893310546875,467.5787353515625,0.00046304456191137433,249.7601318359375,455.3164367675781,0.0003733406774699688
20,webcam-0__tcn__20260807-122153_raw_30fps,389,390,12.966666666666667,background,1,1,1,1,0,0,0,640,480,0.9437921643257141,0,1.015869140625,84.49530029296875,612.372314453125,478.92535400390625,344.1562805175781,270.83746337890625,0.9985899329185486,381.6434326171875,231.24472045898438,0.9954967498779297,305.4361877441406,227.5604248046875,0.9963822364807129,420.0970458984375,235.19509887695312,0.7732697129249573,251.02398681640625,228.7421417236328,0.9749890565872192,458.7658386230469,354.7022705078125,0.9987050294876099,162.81690979003906,369.1407470703125,0.9930056929588318,576.7764282226562,467.11541748046875,0.49603191018104553,32.23681640625,472.3049621582031,0.05533553659915924,550.5061645507812,473.9298095703125,0.015097424387931824,117.99934387207031,444.9297180175781,0.006151869427412748,400.9047546386719,480.0,0.0006462482851929963,218.7836151123047,480.0,0.0002992044319398701,428.950439453125,460.04083251953125,0.000848142197355628,224.49264526367188,465.9820556640625,0.0005122581496834755,394.02880859375,467.8249206542969,0.0004648384638130665,249.57119750976562,455.3067321777344,0.0003698920481838286
20,webcam-0__tcn__20260807-122153_raw_30fps,390,391,13.0,background,1,1,1,1,0,0,0,640,480,0.9427143335342407,0,0.748291015625,84.78170776367188,612.010009765625,478.9450988769531,344.2326965332031,270.88458251953125,0.9986294507980347,381.473876953125,231.032470703125,0.9954533576965332,305.5099792480469,227.4215087890625,0.9963908791542053,419.62628173828125,234.3260498046875,0.7476320862770081,251.08135986328125,228.0824737548828,0.9736180305480957,457.53192138671875,354.35919189453125,0.998788058757782,162.9104766845703,369.0690002441406,0.9929817914962769,577.0385131835938,466.82904052734375,0.5311127305030823,31.837005615234375,472.4161376953125,0.058980442583560944,551.0335693359375,473.528564453125,0.015241885557770729,119.24893188476562,445.7717590332031,0.006103102117776871,399.0603332519531,480.0,0.0006398161640390754,217.74688720703125,480.0,0.0002911290212068707,427.3502502441406,459.7884521484375,0.000860318832565099,223.05282592773438,466.05047607421875,0.0005184020265005529,392.55279541015625,467.78155517578125,0.00046852027298882604,247.93301391601562,455.4176940917969,0.00037184724351391196
20,webcam-0__tcn__20260807-122153_raw_30fps,391,392,13.033333333333333,background,1,1,1,1,0,0,0,640,480,0.8911007046699524,0,1.454010009765625,83.8758544921875,610.3994140625,478.9670715332031,344.179443359375,270.86505126953125,0.9986552000045776,381.6272277832031,231.11410522460938,0.9956951141357422,305.5038757324219,227.4644317626953,0.9962551593780518,420.13922119140625,234.4708251953125,0.7704308032989502,251.09988403320312,228.060546875,0.9716867804527283,458.34698486328125,354.88848876953125,0.998816728591919,163.0773162841797,368.9007263183594,0.9924733638763428,576.8963623046875,467.1837158203125,0.5368284583091736,34.54644775390625,471.2926940917969,0.05727888271212578,555.0717163085938,476.986083984375,0.013943261466920376,121.01507568359375,446.0534362792969,0.005886119324713945,397.83978271484375,480.0,0.0006678031058982015,216.64178466796875,480.0,0.000306787813315168,425.2991027832031,460.0276794433594,0.000813387508969754,221.74835205078125,465.78375244140625,0.0005218794685788453,391.5463562011719,468.03424072265625,0.0004609258903656155,246.1475067138672,456.19146728515625,0.00038887435221113265
20,webcam-0__tcn__20260807-122153_raw_30fps,392,393,13.066666666666666,background,1,1,1,1,0,0,0,640,480,0.9431365132331848,0,1.728240966796875,84.5181884765625,611.35595703125,478.9948425292969,344.13421630859375,270.9103088378906,0.9986783862113953,381.5580139160156,231.10281372070312,0.9957631826400757,305.45989990234375,227.458984375,0.9964748024940491,419.9485168457031,233.88905334472656,0.7545433044433594,251.02540588378906,227.52288818359375,0.9706760048866272,457.79852294921875,354.0404052734375,0.9988030195236206,165.62750244140625,367.6092224121094,0.992856502532959,578.7619018554688,468.297119140625,0.5240043997764587,34.4879150390625,469.9857482910156,0.06486821174621582,551.2483520507812,475.58636474609375,0.014404023066163063,118.12815856933594,446.05712890625,0.0061743236146867275,397.32879638671875,480.0,0.000627659261226654,216.96417236328125,480.0,0.0002966028405353427,424.31781005859375,459.48858642578125,0.0008246526122093201,219.87747192382812,465.0513916015625,0.0005213890108279884,390.5592956542969,468.66595458984375,0.0004817489243578166,243.41812133789062,456.0030517578125,0.00039157658466137946
20,webcam-0__tcn__20260807-122153_raw_30fps,393,394,13.1,background,1,1,1,1,0,0,0,640,480,0.9401719570159912,0,1.8572998046875,84.36532592773438,611.8310546875,478.9927673339844,344.1632385253906,270.8824768066406,0.9987070560455322,381.5685729980469,231.0548095703125,0.9957717061042786,305.42913818359375,227.40284729003906,0.9965016841888428,419.8250427246094,233.87478637695312,0.7510848045349121,250.7491455078125,227.52651977539062,0.9711800217628479,457.99346923828125,354.3485412597656,0.9987745881080627,164.9234161376953,368.2506408691406,0.9925798773765564,578.2893676757812,468.09100341796875,0.510653018951416,35.516448974609375,470.4932861328125,0.061018865555524826,551.1243286132812,476.2060241699219,0.0138836819678545,118.80691528320312,445.57281494140625,0.006035884842276573,396.9046630859375,480.0,0.0006341668777167797,216.11143493652344,480.0,0.0002999167190864682,423.1639709472656,459.0364685058594,0.0008295599836856127,219.55575561523438,464.8072509765625,0.0005348659469746053,389.7550048828125,468.1193542480469,0.00047902046935632825,242.95745849609375,455.7955322265625,0.0003984099894296378
20,webcam-0__tcn__20260807-122153_raw_30fps,394,395,13.133333333333333,background,1,1,1,1,0,0,0,640,480,0.9325841069221497,0,1.308380126953125,85.06451416015625,615.115234375,478.9031982421875,344.2222900390625,270.71588134765625,0.9986217021942139,381.5531005859375,230.98118591308594,0.9957596659660339,305.56597900390625,227.34068298339844,0.996377170085907,419.3997497558594,233.75930786132812,0.7419371604919434,250.9404296875,227.35256958007812,0.9705057144165039,457.2359619140625,353.6595153808594,0.9988597631454468,166.69850158691406,366.7872009277344,0.9931655526161194,578.6826171875,467.0976257324219,0.551105797290802,31.490142822265625,469.4305419921875,0.07241250574588776,563.2237548828125,477.0336608886719,0.014083927497267723,113.40910339355469,446.4212646484375,0.006178825628012419,397.7850646972656,480.0,0.0006253329920582473,218.43243408203125,480.0,0.00030564950429834425,423.2030334472656,459.9603271484375,0.0008024215348996222,219.84036254882812,465.16070556640625,0.0005470356554724276,389.8475036621094,467.7521667480469,0.0004789234371855855,243.14109802246094,455.08270263671875,0.00041599691030569375
20,webcam-0__tcn__20260807-122153_raw_30fps,395,396,13.166666666666666,background,1,1,1,1,0,0,0,640,480,0.9133153557777405,0,0.767608642578125,83.1529541015625,614.5120849609375,478.9628601074219,344.578125,270.792724609375,0.9985049962997437,382.0227966308594,230.90023803710938,0.9956721067428589,306.07232666015625,227.31167602539062,0.9961729645729065,420.919189453125,233.38519287109375,0.7643831968307495,252.25949096679688,227.02130126953125,0.9666711688041687,458.62030029296875,353.1794128417969,0.9987952709197998,168.4769744873047,365.5774841308594,0.9941282272338867,580.6400756835938,468.3893127441406,0.540076732635498,29.6690673828125,469.14599609375,0.08703241497278214,555.4853515625,474.9150085449219,0.01452165748924017,109.62380981445312,445.3883056640625,0.006638830062001944,398.93994140625,480.0,0.0006559923058375716,219.9176025390625,480.0,0.00032972998451441526,423.42218017578125,460.121826171875,0.000858162296935916,217.91717529296875,465.58026123046875,0.0005467283772304654,389.606689453125,468.97418212890625,0.00048924790462479,242.06930541992188,455.4891662597656,0.00038847012910991907
20,webcam-0__tcn__20260807-122153_raw_30fps,396,397,13.2,background,1,1,1,1,0,0,0,640,480,0.886667788028717,0,0.534637451171875,83.43634033203125,614.32568359375,478.97650146484375,344.5776672363281,270.67388916015625,0.998547375202179,382.0698547363281,230.90611267089844,0.9956489205360413,306.1552429199219,227.3107452392578,0.9962158799171448,420.62652587890625,233.57421875,0.7643963694572449,252.29095458984375,227.18264770507812,0.9688504934310913,459.1495666503906,353.6097717285156,0.9988200068473816,166.5661163330078,367.0645446777344,0.9937546253204346,580.2225952148438,468.47705078125,0.5377558469772339,29.704315185546875,471.13275146484375,0.07202407717704773,556.01806640625,475.5433044433594,0.013200261630117893,109.95443725585938,444.87811279296875,0.00594849418848753,399.3742370605469,480.0,0.0006547921220771968,219.30780029296875,480.0,0.0003199049097020179,423.56329345703125,459.67767333984375,0.0008416941273026168,218.7564697265625,465.4394226074219,0.0005477371159940958,389.81854248046875,468.32550048828125,0.0004691546782851219,242.86924743652344,455.13702392578125,0.0003939888847526163
20,webcam-0__tcn__20260807-122153_raw_30fps,397,398,13.233333333333333,background,1,1,1,1,0,0,0,640,480,0.9436211585998535,0,1.6978759765625,84.18081665039062,612.5635986328125,479.0101623535156,344.555908203125,271.27783203125,0.9985781908035278,382.0296630859375,230.87295532226562,0.9958009123802185,306.0585021972656,227.35751342773438,0.9959057569503784,420.3393249511719,233.07000732421875,0.7693241238594055,252.39340209960938,226.86529541015625,0.9647369980812073,459.26531982421875,353.5466613769531,0.9988264441490173,164.90673828125,366.72967529296875,0.993843674659729,580.5623779296875,467.22802734375,0.5502843856811523,29.331329345703125,470.07354736328125,0.07776609808206558,557.3007202148438,473.9256286621094,0.014193014241755009,109.29835510253906,444.91485595703125,0.006215063389390707,397.9990539550781,480.0,0.0006345344008877873,217.2228546142578,480.0,0.00031368283089250326,422.7121276855469,459.3658142089844,0.0008055737125687301,220.30377197265625,465.628662109375,0.0005314440932124853,388.8128356933594,467.6704406738281,0.00045326436520554125,244.56532287597656,454.9056396484375,0.0003797558310907334
20,webcam-0__tcn__20260807-122153_raw_30fps,398,399,13.266666666666667,background,1,1,1,1,0,0,0,640,480,0.9452634453773499,0,0.979034423828125,83.52789306640625,613.0537109375,479.00164794921875,344.8209228515625,271.3603515625,0.9986275434494019,382.2853088378906,230.86923217773438,0.9956408739089966,306.5025939941406,227.30191040039062,0.9961872696876526,419.9777526855469,232.33712768554688,0.7426027059555054,252.58566284179688,226.01861572265625,0.9679123759269714,458.68682861328125,353.37799072265625,0.998839795589447,163.29380798339844,367.64111328125,0.9937456846237183,581.6578979492188,467.46160888671875,0.559364914894104,29.147796630859375,470.39251708984375,0.07251567393541336,551.36572265625,473.36968994140625,0.014247799292206764,110.92481994628906,445.44677734375,0.0060438718646764755,398.708984375,480.0,0.0006231311126612127,217.01904296875,480.0,0.0003007097984664142,425.1293640136719,458.8976745605469,0.0007999158697202802,221.81178283691406,466.219482421875,0.0005152406520210207,390.33026123046875,467.8940734863281,0.0004416990268509835,246.61509704589844,455.35479736328125,0.00036427334998734295
20,webcam-0__tcn__20260807-122153_raw_30fps,399,400,13.3,background,1,1,1,1,0,0,0,640,480,0.9375234246253967,0,1.537567138671875,83.07366943359375,615.31884765625,478.9716796875,344.8400573730469,270.9247131347656,0.9986360669136047,382.4133605957031,230.70431518554688,0.9957197308540344,306.3260803222656,227.19674682617188,0.9961185455322266,420.4172058105469,233.25396728515625,0.7516799569129944,252.3452911376953,227.01516723632812,0.9675847887992859,459.2372131347656,353.77392578125,0.9989293217658997,164.7460479736328,367.310791015625,0.9936058521270752,581.5543212890625,467.4241943359375,0.570249617099762,29.8133544921875,470.9397888183594,0.06878932565450668,562.2850952148438,476.3235168457031,0.01287503819912672,110.45654296875,445.68408203125,0.005528750829398632,399.3204650878906,480.0,0.0006266479031182826,218.2738037109375,480.0,0.000300736166536808,425.48193359375,459.8602294921875,0.0007804470369592309,222.6478271484375,465.6983337402344,0.0005327640101313591,391.1485595703125,467.39044189453125,0.0004328713403083384,246.66445922851562,454.818603515625,0.0003825330641120672
20,webcam-0__tcn__20260807-122153_raw_30fps,400,401,13.333333333333334,background,1,1,1,1,0,0,0,640,480,0.9316381812095642,0,1.308868408203125,83.19610595703125,615.410400390625,478.9563903808594,344.6968078613281,271.0198059082031,0.9986475110054016,382.3072509765625,230.70750427246094,0.995864748954773,306.1615905761719,227.12600708007812,0.9961955547332764,420.4330749511719,233.65771484375,0.7585694193840027,252.26589965820312,227.25527954101562,0.9679073095321655,459.85980224609375,353.5989685058594,0.9989350438117981,165.7101287841797,366.7095031738281,0.993701696395874,581.3463745117188,466.3773193359375,0.5704265236854553,29.861724853515625,470.51641845703125,0.07171902805566788,564.5484008789062,476.82110595703125,0.012536919675767422,110.6923828125,445.793212890625,0.005753281060606241,400.6492004394531,480.0,0.0006534988060593605,219.98068237304688,480.0,0.0003201263607479632,425.5755310058594,460.1378173828125,0.0007733591482974589,223.14675903320312,465.3251037597656,0.0005432444158941507,391.41510009765625,467.4206848144531,0.00043362751603126526,246.73106384277344,454.6512145996094,0.00039365136763080955
20,webcam-0__tcn__20260807-122153_raw_30fps,401,402,13.366666666666667,background,1,1,1,1,0,0,0,640,480,0.9403562545776367,0,0.867431640625,82.6273193359375,615.228271484375,478.9696350097656,344.53424072265625,270.733154296875,0.9986482262611389,381.9353332519531,230.302490234375,0.9956939220428467,306.0653076171875,226.9175567626953,0.9962732791900635,419.6474609375,232.93772888183594,0.7466738820075989,252.150146484375,226.9761962890625,0.969325840473175,460.8122863769531,353.8280944824219,0.9988810420036316,165.64279174804688,366.27203369140625,0.9937908053398132,581.0870361328125,467.1148986816406,0.5580398440361023,28.482025146484375,468.7839050292969,0.07838597893714905,563.8094482421875,476.4002685546875,0.014047992415726185,111.67483520507812,446.06683349609375,0.006327380891889334,401.37371826171875,480.0,0.0006296634674072266,219.9098663330078,480.0,0.0003189590061083436,426.1810302734375,459.6954650878906,0.000793911749497056,221.31033325195312,465.3468017578125,0.0005508135072886944,392.32476806640625,467.6966247558594,0.00045117942499928176,246.2337646484375,454.82861328125,0.00038899952778592706
20,webcam-0__tcn__20260807-122153_raw_30fps,402,403,13.4,background,1,1,1,1,0,0,0,640,480,0.9438738226890564,0,1.586273193359375,82.12677001953125,616.6468505859375,478.97955322265625,344.196533203125,271.1219177246094,0.9986250400543213,381.7506103515625,230.68801879882812,0.995844304561615,305.68243408203125,227.4573516845703,0.9959923624992371,419.524658203125,233.638671875,0.7587054371833801,251.94100952148438,227.91973876953125,0.9650129675865173,459.34161376953125,353.8934631347656,0.9988932013511658,166.49533081054688,365.67950439453125,0.9937239289283752,581.091552734375,466.44512939453125,0.55669105052948,29.82110595703125,468.0611572265625,0.0817948430776596,563.1693115234375,475.9171142578125,0.013290136121213436,111.47531127929688,446.434326171875,0.006235063541680574,400.037353515625,480.0,0.0006310696480795741,219.69000244140625,480.0,0.000319693615892902,424.2476806640625,459.6116943359375,0.0007943515083752573,220.5268096923828,464.6546630859375,0.0005570373614318669,390.21661376953125,467.7636413574219,0.0004573370679281652,244.78799438476562,454.7559814453125,0.00039764484972693026
20,webcam-0__tcn__20260807-122153_raw_30fps,403,404,13.433333333333334,background,1,1,1,1,0,0,0,640,480,0.9429179430007935,0,1.55914306640625,82.22186279296875,614.9307861328125,478.9720764160156,343.3970642089844,271.19207763671875,0.9986581802368164,381.5189208984375,232.33889770507812,0.995798647403717,305.38134765625,229.22683715820312,0.9956658482551575,419.5940246582031,233.34100341796875,0.7604647278785706,251.7560272216797,227.6128692626953,0.957002580165863,458.8458251953125,353.91802978515625,0.9989414811134338,167.76390075683594,365.38751220703125,0.9941778182983398,582.341064453125,467.72430419921875,0.5398160815238953,30.09368896484375,467.1276550292969,0.08753880858421326,555.2240600585938,471.65380859375,0.016141578555107117,113.58201599121094,447.2799072265625,0.007244153413921595,399.09271240234375,480.0,0.0006474750698544085,219.48715209960938,480.0,0.0003240877704229206,426.16497802734375,459.58221435546875,0.0007916748872958124,220.1287841796875,465.1926574707031,0.0005160949076525867,391.975341796875,468.94586181640625,0.0004983748658560216,244.862060546875,455.28289794921875,0.0003848790656775236
20,webcam-0__tcn__20260807-122153_raw_30fps,404,405,13.466666666666667,background,1,1,1,1,0,0,0,640,480,0.9388583302497864,0,0.72296142578125,82.556640625,615.5560302734375,478.98687744140625,342.6447448730469,271.49395751953125,0.9985443353652954,381.6597595214844,232.55096435546875,0.9961621761322021,304.63720703125,228.74649047851562,0.9950395226478577,420.580078125,233.97671508789062,0.8059518337249756,251.1085205078125,226.56301879882812,0.9524328112602234,460.00335693359375,354.55706787109375,0.9989579916000366,166.9001007080078,365.3043212890625,0.9941500425338745,579.7659301757812,466.3444519042969,0.5686779618263245,27.94232177734375,467.54022216796875,0.08872689306735992,564.0077514648438,473.8123779296875,0.01677672564983368,111.53346252441406,447.1773986816406,0.007557978387922049,399.62322998046875,480.0,0.000663084676489234,219.6053009033203,480.0,0.00033493220689706504,424.88134765625,460.2955322265625,0.0008056267397478223,219.69137573242188,465.48828125,0.000571180135011673,391.0018310546875,467.88818359375,0.00048573935055173934,244.5220489501953,454.8283996582031,0.0004152554029133171
20,webcam-0__tcn__20260807-122153_raw_30fps,405,406,13.5,background,1,1,2,2,0,0,0,640,480,0.47611093521118164,0,3.4256591796875,83.1968994140625,613.26171875,479.6427917480469,343.53839111328125,272.3914794921875,0.9990390539169312,380.35748291015625,232.2198028564453,0.9968763589859009,304.89935302734375,229.26243591308594,0.9970790147781372,417.9646911621094,233.8250274658203,0.7790388464927673,251.5779266357422,228.96441650390625,0.9723371267318726,457.2563171386719,354.7698059082031,0.9990795850753784,167.9783935546875,364.9818420410156,0.9944308400154114,585.9686279296875,469.3695373535156,0.5895912647247314,26.714569091796875,468.3352355957031,0.06573261320590973,551.7476806640625,470.301513671875,0.015548886731266975,110.62422180175781,450.4372253417969,0.004831603728234768,397.3683776855469,480.0,0.0005548381013795733,219.12110900878906,480.0,0.00024284934625029564,434.3516845703125,461.3634338378906,0.0011094444198533893,222.72140502929688,468.8452453613281,0.0006013560341671109,396.02935791015625,477.8889465332031,0.0004862530913669616,250.38453674316406,462.1897888183594,0.00033937228727154434
20,webcam-0__tcn__20260807-122153_raw_30fps,405,406,13.5,background,1,1,2,2,1,1,1,640,480,0.44725731015205383,0,1.109375,82.6058349609375,612.4501953125,478.9813537597656,343.2760925292969,271.72662353515625,0.998607337474823,380.99664306640625,231.70265197753906,0.9955517649650574,304.71429443359375,228.978271484375,0.9962486624717712,419.07525634765625,233.9920654296875,0.7682507038116455,250.93321228027344,229.32275390625,0.9693301320075989,459.77398681640625,354.322998046875,0.998853325843811,165.44839477539062,366.57257080078125,0.9932510256767273,582.6549682617188,468.55230712890625,0.539530336856842,29.808013916015625,469.26287841796875,0.07322712242603302,550.033447265625,471.737060546875,0.01726684905588627,115.18934631347656,447.716552734375,0.0065678199753165245,399.0513000488281,480.0,0.0007108552963472903,218.16143798828125,480.0,0.00034299216349609196,428.00396728515625,459.96038818359375,0.0008494304493069649,222.33187866210938,466.158935546875,0.0005457118386402726,393.6549072265625,469.26434326171875,0.00048242902266792953,246.85836791992188,456.1605224609375,0.0003885506885126233
20,webcam-0__tcn__20260807-122153_raw_30fps,406,407,13.533333333333333,background,1,1,1,1,0,0,0,640,480,0.8062410354614258,0,0.897857666015625,83.0589599609375,614.531494140625,478.95208740234375,342.8769836425781,271.5201416015625,0.9986032843589783,380.7825927734375,231.49331665039062,0.9956749081611633,304.2581481933594,228.7427215576172,0.9960647225379944,418.9243469238281,234.6209716796875,0.7779479622840881,250.49786376953125,229.83908081054688,0.9681403636932373,459.49951171875,354.4078369140625,0.9988313317298889,165.72479248046875,366.7173156738281,0.9932405948638916,580.599609375,466.9798583984375,0.5170563459396362,29.421966552734375,469.63385009765625,0.07002183049917221,556.9768676757812,472.65850830078125,0.014699682593345642,114.29969787597656,447.14666748046875,0.006547665223479271,400.991943359375,480.0,0.0007185654249042273,220.26988220214844,480.0,0.0003528352826833725,427.7560729980469,459.66717529296875,0.0008636325364932418,222.8861083984375,465.47784423828125,0.0005711874691769481,393.9967346191406,468.4342041015625,0.0004808311350643635,247.9795379638672,455.3697509765625,0.00039903121069073677
20,webcam-0__tcn__20260807-122153_raw_30fps,407,408,13.566666666666666,background,1,1,2,2,0,0,0,640,480,0.48734062910079956,0,0.672454833984375,82.94857788085938,612.6821899414062,478.95159912109375,342.9048156738281,271.36968994140625,0.9986054301261902,380.7691345214844,231.53128051757812,0.9956003427505493,304.1809387207031,228.81475830078125,0.9962722063064575,418.9324951171875,234.99349975585938,0.7815706729888916,250.1972198486328,230.3453369140625,0.9716377258300781,459.84991455078125,354.97003173828125,0.9987867474555969,164.55064392089844,368.01617431640625,0.9928883910179138,580.6477661132812,467.89715576171875,0.5027576088905334,30.472900390625,470.7689514160156,0.06171388924121857,557.2452392578125,473.1416015625,0.014720713719725609,114.78073120117188,445.77587890625,0.006170597393065691,400.2025451660156,480.0,0.0006823376752436161,219.0146484375,480.0,0.00033415431971661747,426.7142333984375,460.14117431640625,0.0008185429614968598,222.60861206054688,465.8389892578125,0.000549446209333837,393.7358093261719,468.0572204589844,0.0004706978506874293,247.91653442382812,455.1475830078125,0.0004051678697578609
20,webcam-0__tcn__20260807-122153_raw_30fps,407,408,13.566666666666666,background,1,1,2,2,1,1,1,640,480,0.4646648168563843,0,3.158843994140625,83.4241943359375,613.6821899414062,479.621826171875,343.13580322265625,272.0267028808594,0.9990381002426147,380.14410400390625,232.02024841308594,0.9969049096107483,304.35003662109375,229.05767822265625,0.9970790147781372,417.812255859375,234.79779052734375,0.792027473449707,250.8762969970703,229.91445922851562,0.9742887020111084,457.52606201171875,355.4872741699219,0.9990125894546509,166.82911682128906,366.5268859863281,0.9941540360450745,584.1526489257812,468.7783203125,0.5473827719688416,27.11944580078125,469.77374267578125,0.054608140140771866,559.0533447265625,471.7140808105469,0.01311244536191225,110.03900146484375,448.57525634765625,0.004545554984360933,398.84625244140625,480.0,0.000503561575897038,219.90896606445312,480.0,0.00022575724869966507,432.890380859375,461.6796875,0.0010362466564401984,222.86203002929688,468.5938415527344,0.0005872818292118609,396.04351806640625,476.7433166503906,0.0004704794264398515,251.2891845703125,461.051025390625,0.0003495833952911198
20,webcam-0__tcn__20260807-122153_raw_30fps,408,409,13.6,background,1,1,2,2,0,0,0,640,480,0.7403425574302673,0,1.47943115234375,82.841552734375,612.6229858398438,478.96832275390625,343.0593566894531,271.3985595703125,0.9985910058021545,380.8896179199219,231.41070556640625,0.9954438209533691,304.353759765625,228.6580810546875,0.9963052272796631,418.9389953613281,234.7130889892578,0.7708852887153625,250.43270874023438,230.03890991210938,0.9717075824737549,459.7042236328125,354.5343322753906,0.9987708926200867,164.9039764404297,368.2007751464844,0.9929391145706177,580.939208984375,468.2026672363281,0.49715277552604675,30.788055419921875,470.8379821777344,0.06020127236843109,553.687255859375,472.23211669921875,0.014381295070052147,114.59127807617188,445.47357177734375,0.005915544927120209,400.70947265625,480.0,0.0007043653167784214,219.46485900878906,480.0,0.0003401487192604691,426.7327880859375,459.52056884765625,0.000850031734444201,222.09884643554688,465.638427734375,0.0005432122852653265,393.5450744628906,468.18505859375,0.0004750967491418123,247.504638671875,455.02410888671875,0.0003918112488463521
20,webcam-0__tcn__20260807-122153_raw_30fps,408,409,13.6,background,1,1,2,2,1,1,1,640,480,0.2766144871711731,0,3.9677734375,83.4757080078125,613.4624633789062,479.6226501464844,343.3137512207031,272.07623291015625,0.9990239143371582,380.26800537109375,231.92794799804688,0.9967747330665588,304.5502014160156,228.93154907226562,0.9970978498458862,417.8249206542969,234.5258026123047,0.7810911536216736,251.11062622070312,229.6284942626953,0.9743869304656982,457.31597900390625,355.0438537597656,0.9989964365959167,167.15586853027344,366.74395751953125,0.9941831231117249,584.3417358398438,469.13555908203125,0.54230797290802,27.4879150390625,469.91632080078125,0.053454261273145676,555.4114379882812,470.92376708984375,0.012832427397370338,109.80331420898438,448.4166564941406,0.0043314239010214806,399.3967590332031,480.0,0.0005232250550761819,220.359130859375,480.0,0.00023105947184376419,432.90997314453125,461.0634765625,0.0010771367233246565,222.19007873535156,468.4276123046875,0.0005792364827357233,395.759521484375,476.92315673828125,0.000476139277452603,250.79129028320312,460.9963684082031,0.00033814297057688236
20,webcam-0__tcn__20260807-122153_raw_30fps,409,410,13.633333333333333,background,1,1,2,2,0,0,0,640,480,0.5645135045051575,0,3.20025634765625,82.51382446289062,610.7412719726562,479.61077880859375,343.56884765625,271.9267578125,0.999054491519928,380.4209289550781,231.9093780517578,0.9968275427818298,304.7871398925781,228.9918212890625,0.997195839881897,417.89471435546875,234.98095703125,0.7889412045478821,251.56491088867188,230.3067626953125,0.9759964942932129,457.84344482421875,354.4344482421875,0.9990180730819702,166.542724609375,367.15313720703125,0.994347870349884,583.3838500976562,467.97479248046875,0.6017998456954956,27.00689697265625,471.56256103515625,0.05598257854580879,558.5216674804688,471.50628662109375,0.015084880404174328,105.04306030273438,448.53692626953125,0.004317155107855797,400.863525390625,480.0,0.0005195868434384465,220.83172607421875,480.0,0.0002256401930935681,435.7545166015625,461.9109802246094,0.0010746624320745468,222.51168823242188,468.81927490234375,0.0005811290466226637,398.38800048828125,476.43560791015625,0.0004352254618424922,251.4317626953125,460.566650390625,0.0003274587797932327
20,webcam-0__tcn__20260807-122153_raw_30fps,409,410,13.633333333333333,background,1,1,2,2,1,1,1,640,480,0.3366144299507141,0,0.422760009765625,82.0777587890625,609.798095703125,478.95916748046875,343.31732177734375,271.242431640625,0.9986090064048767,381.05181884765625,231.37835693359375,0.995451033115387,304.60955810546875,228.72430419921875,0.9964147806167603,419.0451354980469,235.15956115722656,0.77911376953125,250.93125915527344,230.73831176757812,0.973897397518158,460.17596435546875,353.91015625,0.9987962245941162,164.29830932617188,368.64923095703125,0.993018388748169,580.0032958984375,466.995849609375,0.5512914657592773,30.33984375,472.5404968261719,0.060821566730737686,556.7445678710938,472.8418884277344,0.01627318561077118,110.28605651855469,445.5586242675781,0.005850262474268675,402.0798645019531,480.0,0.000675965566188097,219.88302612304688,480.0,0.0003170610871165991,429.279541015625,460.16278076171875,0.000844906026031822,222.58221435546875,466.0172119140625,0.0005380856455303729,395.643310546875,467.5970153808594,0.00043517150334082544,248.19955444335938,454.5783996582031,0.000375118397641927
20,webcam-0__tcn__20260807-122153_raw_30fps,410,411,13.666666666666666,background,1,1,1,1,0,0,0,640,480,0.9560056328773499,0,2.64801025390625,83.95498657226562,610.6932373046875,479.6335754394531,343.74981689453125,272.86572265625,0.9991139769554138,381.05426025390625,232.6876678466797,0.997025191783905,305.14569091796875,229.43954467773438,0.9970722198486328,418.7012939453125,236.2136688232422,0.7916280031204224,252.08224487304688,230.5004425048828,0.97292160987854,457.2438659667969,356.26611328125,0.9990115165710449,167.41122436523438,366.711669921875,0.9942952990531921,578.177734375,465.59991455078125,0.6774134635925293,26.553466796875,469.88702392578125,0.054873719811439514,575.744140625,473.25335693359375,0.034574028104543686,102.97122192382812,449.842041015625,0.004461648408323526,399.74273681640625,480.0,0.0005029428284615278,220.75778198242188,480.0,0.00021536012354772538,435.23858642578125,463.36541748046875,0.001100684399716556,223.96826171875,468.3531494140625,0.0006129096727818251,397.3974304199219,475.0583801269531,0.00042092191870324314,251.31448364257812,459.6413269042969,0.0003310699248686433
20,webcam-0__tcn__20260807-122153_raw_30fps,411,412,13.7,background,1,1,1,1,0,0,0,640,480,0.9419775605201721,0,3.358673095703125,83.543701171875,614.1363525390625,479.63092041015625,343.8244934082031,272.7209777832031,0.9990975856781006,381.0135498046875,232.71188354492188,0.9970617890357971,305.3922119140625,229.40994262695312,0.9970226883888245,418.8212890625,236.43746948242188,0.7955825328826904,252.59567260742188,230.6161346435547,0.9697095155715942,457.71771240234375,355.76837158203125,0.9989941716194153,170.1470184326172,364.884765625,0.9943441152572632,581.462158203125,468.0537109375,0.6387529969215393,28.268768310546875,468.8457336425781,0.06174137443304062,574.3433227539062,473.4781799316406,0.029684610664844513,103.83372497558594,449.4497375488281,0.0049329944886267185,398.28277587890625,480.0,0.0005282505298964679,220.12542724609375,480.0,0.00023795179731678218,431.68914794921875,462.76177978515625,0.001117908162996173,219.93606567382812,467.166259765625,0.0006380985723808408,394.5001220703125,475.7325134277344,0.00044958837679587305,246.63827514648438,459.6991271972656,0.00034838911960832775
20,webcam-0__tcn__20260807-122153_raw_30fps,412,413,13.733333333333333,background,1,1,1,1,0,0,0,640,480,0.8785789012908936,0,1.41680908203125,83.33172607421875,610.4563598632812,478.9298095703125,344.1221618652344,272.58367919921875,0.9985378980636597,382.262451171875,232.48660278320312,0.9956423044204712,306.0932922363281,229.2596435546875,0.9961005449295044,420.3686828613281,236.55630493164062,0.7783764600753784,253.40232849121094,230.53167724609375,0.966250479221344,460.13909912109375,353.9495544433594,0.9987930059432983,169.90158081054688,364.7020263671875,0.993920087814331,580.2835693359375,466.6773986816406,0.5685032606124878,30.56036376953125,468.8667297363281,0.09137266129255295,555.9724731445312,473.972412109375,0.016867972910404205,109.0830078125,447.38226318359375,0.006945383735001087,401.5366516113281,480.0,0.0006642380612902343,221.85142517089844,480.0,0.0003318947274237871,425.60833740234375,460.64239501953125,0.0008592865779064596,219.57302856445312,464.8711242675781,0.0005674857529811561,390.5978088378906,468.6871337890625,0.0004850025288760662,243.2258758544922,455.15850830078125,0.00039970126817934215
20,webcam-0__tcn__20260807-122153_raw_30fps,413,414,13.766666666666667,background,1,1,1,1,0,0,0,640,480,0.8594309091567993,0,1.16650390625,83.0213623046875,609.7854614257812,478.9256286621094,344.1922912597656,272.6661376953125,0.9986496567726135,382.20550537109375,232.43902587890625,0.9957898259162903,306.1325988769531,229.22979736328125,0.9960083961486816,419.99493408203125,235.91029357910156,0.762780487537384,253.16229248046875,230.0113525390625,0.9626602530479431,459.9083251953125,354.0414123535156,0.9987927675247192,168.7079315185547,365.4580078125,0.9940584897994995,579.7171630859375,466.99365234375,0.556419849395752,29.862274169921875,469.06646728515625,0.09133867919445038,553.0711669921875,473.18145751953125,0.017820440232753754,111.16044616699219,447.5777587890625,0.007058870512992144,401.499755859375,480.0,0.0006399929989129305,221.35281372070312,480.0,0.0003187735565006733,426.5143127441406,461.13751220703125,0.0008648595539852977,220.66334533691406,465.903076171875,0.0005531678907573223,391.5207214355469,468.66461181640625,0.00048349471762776375,245.0388641357422,455.4858703613281,0.00037901493487879634
20,webcam-0__tcn__20260807-122153_raw_30fps,414,415,13.8,background,1,1,1,1,0,0,0,640,480,0.9311585426330566,0,0.823394775390625,82.8873291015625,614.0230712890625,478.9351806640625,344.2503967285156,272.5404052734375,0.9986143112182617,382.0233459472656,232.0731201171875,0.9956915974617004,305.8376770019531,229.0626220703125,0.9960677623748779,419.8858947753906,235.86968994140625,0.770225465297699,252.59375,230.51943969726562,0.9671630859375,460.91888427734375,355.22662353515625,0.9986796975135803,166.20526123046875,367.2417907714844,0.993619978427887,578.3575439453125,467.0871887207031,0.48120349645614624,28.74456787109375,470.5058898925781,0.07188835740089417,556.1166381835938,474.4964294433594,0.014139014296233654,112.79106140136719,448.2933044433594,0.006315008271485567,401.0538635253906,480.0,0.000614360673353076,218.97915649414062,480.0,0.00030691741267219186,425.0842590332031,460.9017333984375,0.0008396414923481643,219.95420837402344,465.89959716796875,0.0005460677202790976,390.298828125,467.57598876953125,0.00047908187843859196,244.32684326171875,454.6624450683594,0.00038352186675183475
20,webcam-0__tcn__20260807-122153_raw_30fps,415,416,13.833333333333334,background,1,1,1,1,0,0,0,640,480,0.9303116202354431,0,0.471771240234375,83.31027221679688,610.8274536132812,478.9786071777344,344.4908752441406,272.43853759765625,0.9986500144004822,382.0046081542969,232.08462524414062,0.9955698847770691,306.1739807128906,229.0770263671875,0.9961721301078796,419.3125,235.97787475585938,0.7577710151672363,252.8079833984375,230.73974609375,0.9682081937789917,462.18902587890625,355.29217529296875,0.9986220598220825,166.03079223632812,367.377685546875,0.9930981993675232,580.575927734375,469.19671630859375,0.43155813217163086,31.6885986328125,470.8152160644531,0.06060740724205971,552.1990356445312,472.0174865722656,0.01417614333331585,113.25120544433594,445.9656982421875,0.00582242663949728,400.92529296875,480.0,0.0005832036840729415,218.1365966796875,480.0,0.0002961552527267486,423.1249694824219,460.62847900390625,0.0008061797125265002,219.29835510253906,465.42205810546875,0.0005308884428814054,389.328857421875,467.9010925292969,0.0004704944440163672,243.4281005859375,455.10089111328125,0.0003801413986366242
20,webcam-0__tcn__20260807-122153_raw_30fps,416,417,13.866666666666667,background,1,1,1,1,0,0,0,640,480,0.9431896209716797,0,0.559112548828125,83.44744873046875,610.9400634765625,478.9991455078125,344.5589599609375,272.6742248535156,0.9986153841018677,381.9123229980469,232.13641357421875,0.9955329895019531,306.2586975097656,229.19354248046875,0.9962422847747803,419.23309326171875,236.37759399414062,0.7615523338317871,253.19532775878906,231.3037109375,0.9690872430801392,463.0562744140625,355.9011535644531,0.9985272884368896,166.56524658203125,367.0828857421875,0.993607759475708,579.7739868164062,469.0426940917969,0.3992885947227478,29.726287841796875,468.8583068847656,0.06961362063884735,543.2238159179688,472.6702575683594,0.011285630986094475,112.68408203125,446.3837585449219,0.0063087898306548595,403.21759033203125,480.0,0.0005700056790374219,220.00543212890625,480.0,0.0003025040787179023,423.8968505859375,461.050048828125,0.0008167513879016042,218.4030303955078,466.14361572265625,0.0005329435225576162,389.6151428222656,469.0414123535156,0.0004763428296428174,243.6507568359375,455.9913330078125,0.00036696193274110556
20,webcam-0__tcn__20260807-122153_raw_30fps,417,418,13.9,background,1,1,1,1,0,0,0,640,480,0.9390313029289246,0,0.540924072265625,82.43734741210938,610.033447265625,479.0018005371094,344.40234375,272.77276611328125,0.998729407787323,381.89337158203125,232.28936767578125,0.9956395626068115,306.0379638671875,229.35289001464844,0.996292769908905,419.46038818359375,235.73072814941406,0.755876362323761,252.50811767578125,230.6627197265625,0.968394935131073,463.30126953125,356.43060302734375,0.9985982775688171,164.73587036132812,368.5086364746094,0.9930158853530884,579.4136352539062,469.2552185058594,0.425076961517334,31.917938232421875,470.0877685546875,0.06141289323568344,546.481689453125,474.76458740234375,0.01295448187738657,117.62950134277344,446.792236328125,0.006337864324450493,403.6205139160156,480.0,0.0005831942544318736,220.05770874023438,480.0,0.0002960818528663367,425.5591125488281,460.635009765625,0.0008082022541202605,220.1530303955078,465.70013427734375,0.0005208093789406121,391.67572021484375,468.4349365234375,0.00047408833052031696,245.72976684570312,455.90594482421875,0.00036795978667214513
20,webcam-0__tcn__20260807-122153_raw_30fps,418,419,13.933333333333334,background,1,1,2,2,0,0,0,640,480,0.5642504096031189,0,3.56591796875,83.15493774414062,609.9190673828125,479.64276123046875,343.830810546875,273.6889953613281,0.9991506338119507,381.2760009765625,233.69888305664062,0.9970698356628418,305.9491271972656,230.1370849609375,0.9971024394035339,418.7508544921875,236.2252197265625,0.7770640254020691,253.28857421875,229.69900512695312,0.9688817262649536,459.2699279785156,356.8447265625,0.9989689588546753,168.1621856689453,365.6099853515625,0.9945620894432068,582.1786499023438,469.5804443359375,0.5558973550796509,27.775238037109375,468.74114990234375,0.0647783875465393,555.0030517578125,474.88946533203125,0.014032031409442425,109.56712341308594,449.79168701171875,0.004719979595392942,398.77978515625,480.0,0.00047257234109565616,219.0233154296875,480.0,0.00021714219474233687,430.1061096191406,462.502685546875,0.0010152289178222418,218.1024627685547,468.31182861328125,0.0005754228332079947,393.0515441894531,476.532958984375,0.0004722033627331257,245.92013549804688,461.0694274902344,0.00033615835127420723
20,webcam-0__tcn__20260807-122153_raw_30fps,418,419,13.933333333333334,background,1,1,2,2,1,1,1,640,480,0.32433339953422546,0,0.87896728515625,82.67562866210938,609.5484619140625,478.97613525390625,343.61798095703125,273.0384521484375,0.9987620115280151,381.8516845703125,233.1757354736328,0.9958095550537109,305.8136901855469,229.89810180664062,0.9963377714157104,419.7257995605469,236.44873046875,0.7646005749702454,252.76083374023438,230.2413330078125,0.9667509198188782,461.7420654296875,356.2987365722656,0.9987333416938782,165.920654296875,367.0301513671875,0.9934078454971313,579.0244140625,468.7206726074219,0.5035709142684937,30.705352783203125,469.54779052734375,0.07182511687278748,553.2880859375,476.0286865234375,0.015052791684865952,114.30764770507812,446.93646240234375,0.006255755200982094,400.54644775390625,480.0,0.0006198498886078596,218.39572143554688,480.0,0.00031101054628379643,424.66021728515625,460.9207763671875,0.0008027848089113832,218.83392333984375,465.691162109375,0.0005403709947131574,391.3324890136719,467.8925476074219,0.00047301515587605536,243.45706176757812,455.2218017578125,0.00038725085323676467
20,webcam-0__tcn__20260807-122153_raw_30fps,419,420,13.966666666666667,background,1,1,2,2,0,0,0,640,480,0.591130793094635,0,1.17803955078125,82.9893798828125,608.9373168945312,478.9925537109375,343.71466064453125,272.97210693359375,0.9987484216690063,381.8131408691406,233.1685791015625,0.9959372282028198,305.674560546875,229.93972778320312,0.996567964553833,419.7143249511719,236.27432250976562,0.7685858011245728,252.0751953125,230.26211547851562,0.9699136018753052,461.7236633300781,356.18017578125,0.9987078905105591,166.76898193359375,366.371337890625,0.9935652613639832,579.35205078125,468.7589111328125,0.45462313294410706,31.794921875,469.87786865234375,0.07454945892095566,547.7696533203125,474.6942443847656,0.01402991358190775,120.12124633789062,446.8594665527344,0.007065360434353352,400.966552734375,480.0,0.0006001020665280521,219.19395446777344,480.0,0.0003116266743745655,424.70306396484375,461.65911865234375,0.0007640578551217914,219.33819580078125,465.9498596191406,0.0005226169596426189,391.6429748535156,469.18994140625,0.0004922142834402621,244.4281005859375,456.19757080078125,0.000395896437112242
20,webcam-0__tcn__20260807-122153_raw_30fps,419,420,13.966666666666667,background,1,1,2,2,1,1,1,640,480,0.39824438095092773,0,4.18145751953125,83.57733154296875,609.334228515625,479.64697265625,343.92498779296875,273.6080627441406,0.9991419315338135,381.2330322265625,233.6695556640625,0.9971580505371094,305.8189697265625,230.17626953125,0.9973101615905762,418.7474060058594,236.02479553222656,0.7800928950309753,252.65530395507812,229.73477172851562,0.9721258282661438,459.3456726074219,356.7301330566406,0.9989462494850159,169.19044494628906,364.9729309082031,0.9946919083595276,582.5278930664062,469.5747375488281,0.5005972981452942,29.01202392578125,469.0988464355469,0.06672514975070953,549.4733276367188,473.5842590332031,0.012637152336537838,115.63900756835938,449.5020446777344,0.005317110102623701,399.32916259765625,480.0,0.00044610712211579084,220.03042602539062,480.0,0.00021237441978882998,429.9355163574219,463.254638671875,0.0009596043382771313,218.60987854003906,468.6513671875,0.0005539184203371406,393.11834716796875,477.79595947265625,0.000491598853841424,246.86358642578125,462.0972900390625,0.00034149567363783717
20,webcam-0__tcn__20260807-122153_raw_30fps,420,421,14.0,background,1,1,1,1,0,0,0,640,480,0.9178921580314636,0,1.42169189453125,82.79214477539062,608.55615234375,478.990234375,343.1159973144531,272.79351806640625,0.9987254738807678,381.33447265625,233.1396484375,0.9958386421203613,305.33819580078125,229.77545166015625,0.9965169429779053,419.71405029296875,236.30435180664062,0.7843809723854065,252.51461791992188,229.94378662109375,0.9702548384666443,461.6769104003906,355.7431945800781,0.9987070560455322,165.968994140625,366.9054870605469,0.9937657117843628,578.6921997070312,468.2281188964844,0.46233418583869934,31.096954345703125,470.6392822265625,0.06963427364826202,550.1736450195312,474.1528625488281,0.01369627844542265,118.28736877441406,446.1346435546875,0.006697800941765308,401.59747314453125,480.0,0.0005562749574892223,219.61642456054688,480.0,0.00028276556986384094,425.3717041015625,461.7056884765625,0.0007506966358050704,220.22561645507812,465.88446044921875,0.0004915969911962748,391.7355041503906,469.0849609375,0.0004772334359586239,245.76495361328125,456.12860107421875,0.00037507907836697996
20,webcam-0__tcn__20260807-122153_raw_30fps,421,422,14.033333333333333,background,1,1,2,2,0,0,0,640,480,0.8064048886299133,0,0.756561279296875,88.47296142578125,607.4931030273438,479.0323181152344,341.8437805175781,272.9692077636719,0.9986929297447205,379.9813232421875,232.18255615234375,0.9955703616142273,303.1970520019531,229.37986755371094,0.9962322115898132,417.80731201171875,234.96368408203125,0.7657108306884766,249.58102416992188,230.11013793945312,0.9696698188781738,459.7394104003906,355.50262451171875,0.9987892508506775,162.1876678466797,369.4707946777344,0.9931753277778625,576.5226440429688,468.32025146484375,0.5171216130256653,30.076995849609375,472.4334411621094,0.06753457337617874,549.957763671875,476.5027160644531,0.01446238998323679,118.55548095703125,448.5838317871094,0.006454111076891422,400.01934814453125,480.0,0.0006167190731503069,217.06216430664062,480.0,0.00029897232889197767,425.50927734375,462.6297912597656,0.0007386456709355116,221.65924072265625,467.86334228515625,0.0004809819511137903,391.2142333984375,467.89398193359375,0.00044889954733662307,247.61260986328125,456.13519287109375,0.0003668174904305488
20,webcam-0__tcn__20260807-122153_raw_30fps,421,422,14.033333333333333,background,1,1,2,2,1,1,1,640,480,0.2620569169521332,0,3.748870849609375,89.6728515625,608.4635620117188,479.63250732421875,342.093994140625,273.6846008300781,0.9990750551223755,379.3885498046875,232.76222229003906,0.9968622922897339,303.3846435546875,229.71585083007812,0.9969900846481323,416.76446533203125,234.79454040527344,0.7776530981063843,250.14837646484375,229.70436096191406,0.9722266793251038,457.3145751953125,355.9679260253906,0.9990127086639404,164.5432891845703,367.9299621582031,0.9942682981491089,579.5986938476562,469.22998046875,0.5643323063850403,27.07647705078125,471.26287841796875,0.06073051691055298,551.730224609375,475.70050048828125,0.012491988018155098,113.880126953125,451.3201904296875,0.0048312777653336525,398.8388977050781,480.0,0.00045481507549993694,218.40325927734375,480.0,0.00020286720246076584,431.7577819824219,464.3641052246094,0.0009431990911252797,221.78338623046875,470.7749328613281,0.0005264908540993929,393.63067626953125,476.723876953125,0.00045105989556759596,250.804931640625,462.2198181152344,0.0003244024410378188
20,webcam-0__tcn__20260807-122153_raw_30fps,422,423,14.066666666666666,background,1,1,1,1,0,0,0,640,480,0.9124873876571655,0,0.0,89.9478759765625,605.2377319335938,479.01348876953125,341.7870788574219,272.82220458984375,0.9986592531204224,380.1023864746094,231.7727508544922,0.9954707622528076,303.10186767578125,229.0348358154297,0.9961076378822327,417.90069580078125,234.84445190429688,0.7699792981147766,249.5889892578125,230.07659912109375,0.9695119261741638,459.89178466796875,355.77093505859375,0.9987599849700928,161.88153076171875,369.4504089355469,0.9934379458427429,575.8038330078125,467.50146484375,0.5315038561820984,29.6121826171875,471.3763427734375,0.07856161147356033,548.2838134765625,476.81396484375,0.013588578440248966,117.34858703613281,448.9607849121094,0.006622437387704849,399.58587646484375,480.0,0.0006268826546147466,216.49020385742188,480.0,0.00031159937498159707,424.0806884765625,462.6334228515625,0.0007276026881299913,220.32290649414062,467.79840087890625,0.00048663493362255394,389.8008728027344,467.8421630859375,0.0004480202042032033,246.43246459960938,456.5616455078125,0.0003720042877830565
20,webcam-0__tcn__20260807-122153_raw_30fps,423,424,14.1,background,1,1,1,1,0,0,0,640,480,0.9118406176567078,0,0.0,85.07586669921875,605.7193603515625,479.00921630859375,341.6092529296875,272.554931640625,0.9987530708312988,379.97625732421875,231.7747802734375,0.9957435727119446,303.1415100097656,228.97833251953125,0.9960756897926331,418.2726745605469,234.5904541015625,0.774350643157959,249.97027587890625,229.61024475097656,0.9663679003715515,458.20294189453125,355.2999267578125,0.9988110065460205,162.56246948242188,369.6369323730469,0.9931694269180298,575.30810546875,466.93438720703125,0.5293970108032227,30.48284912109375,472.19097900390625,0.06620963662862778,550.710693359375,476.27191162109375,0.014606972225010395,121.71768188476562,448.6212463378906,0.006567496340721846,398.69244384765625,480.0,0.0006363494321703911,216.27464294433594,480.0,0.0003000634314958006,425.347412109375,461.4607849121094,0.0007503186352550983,221.71768188476562,466.59893798828125,0.000481173163279891,392.1729736328125,467.1761169433594,0.00045278394827619195,247.52056884765625,455.3784484863281,0.00036943971645087004
20,webcam-0__tcn__20260807-122153_raw_30fps,424,425,14.133333333333333,background,1,1,1,1,0,0,0,640,480,0.9360564947128296,0,0.0,84.17123413085938,605.2382202148438,479.0235290527344,341.9167785644531,271.73297119140625,0.9986640214920044,379.9197082519531,231.40899658203125,0.9955556988716125,303.6999816894531,228.68055725097656,0.9959973096847534,417.6949157714844,234.80148315429688,0.7813662886619568,250.79129028320312,229.96884155273438,0.968703031539917,458.1340637207031,354.6726989746094,0.9988150596618652,163.13119506835938,368.5625915527344,0.9933655858039856,576.2486572265625,467.13232421875,0.5453675985336304,30.05535888671875,471.68389892578125,0.07064687460660934,551.497802734375,476.0166320800781,0.015345312654972076,118.76226806640625,447.04547119140625,0.006477329879999161,399.0465087890625,480.0,0.000607008405495435,216.84365844726562,480.0,0.0002910507610067725,426.2003173828125,461.50885009765625,0.0007457552710548043,222.16131591796875,466.599609375,0.0004873913712799549,392.699462890625,467.3856201171875,0.000442056218162179,247.59841918945312,455.4566650390625,0.00036803961847908795
20,webcam-0__tcn__20260807-122153_raw_30fps,425,426,14.166666666666666,background,1,1,2,2,0,0,0,640,480,0.7044481635093689,0,0.004974365234375,85.08209228515625,606.081787109375,479.0113220214844,342.1548767089844,271.6566162109375,0.9986886382102966,380.11773681640625,231.42359924316406,0.9957393407821655,303.81243896484375,228.54615783691406,0.995917022228241,418.48785400390625,234.67434692382812,0.7899995446205139,250.79994201660156,229.5640106201172,0.9659028053283691,458.7857666015625,355.52496337890625,0.9987940788269043,162.7850341796875,368.79547119140625,0.9932228326797485,575.205810546875,467.04461669921875,0.5477326512336731,30.4085693359375,471.06927490234375,0.06656970828771591,555.3699951171875,476.5731506347656,0.01612129621207714,115.30940246582031,445.8203125,0.006157017312943935,399.12310791015625,480.0,0.000592657714150846,216.89376831054688,480.0,0.0002820598892867565,425.3551025390625,461.7889404296875,0.0007743059541098773,221.3368377685547,466.8316650390625,0.0004983066464774311,392.2229919433594,467.2499694824219,0.00043467109207995236,246.63706970214844,455.2055358886719,0.00035992104676552117
20,webcam-0__tcn__20260807-122153_raw_30fps,425,426,14.166666666666666,background,1,1,2,2,1,1,1,640,480,0.324371874332428,0,2.9384765625,86.04367065429688,606.844970703125,479.6209716796875,342.4015808105469,272.40948486328125,0.9990940093994141,379.54730224609375,232.0421142578125,0.9970542192459106,304.0088195800781,228.89683532714844,0.9967561364173889,417.40960693359375,234.60484313964844,0.802351176738739,251.38504028320312,229.19320678710938,0.9681820273399353,456.3062744140625,356.0780944824219,0.9990205764770508,165.17079162597656,367.298583984375,0.9943084120750427,578.3035888671875,467.90875244140625,0.6013200283050537,27.232421875,470.036376953125,0.05993397906422615,557.0572509765625,475.63616943359375,0.014610150828957558,110.57470703125,448.6158447265625,0.0045816972851753235,397.6092224121094,480.0,0.00045243854401633143,217.89772033691406,480.0,0.00019865263311658055,431.3826904296875,463.490966796875,0.001000601565465331,221.3872833251953,469.55108642578125,0.0005620862357318401,394.5601501464844,476.0648498535156,0.0004385958891361952,249.70794677734375,461.3001403808594,0.0003281394310761243
20,webcam-0__tcn__20260807-122153_raw_30fps,426,427,14.2,background,1,1,1,1,0,0,0,640,480,0.8064006567001343,0,1.01947021484375,85.621337890625,605.4929809570312,479.0250244140625,342.483154296875,271.46624755859375,0.9987344145774841,380.23797607421875,231.46170043945312,0.9956918358802795,304.31219482421875,228.52760314941406,0.9961667656898499,418.0334167480469,234.77000427246094,0.7737940549850464,251.16415405273438,229.60781860351562,0.9687692523002625,458.3670349121094,355.4400634765625,0.9988114833831787,163.00662231445312,369.7137756347656,0.9928897619247437,575.8995361328125,466.7027587890625,0.5489264726638794,32.18048095703125,471.66912841796875,0.06341250240802765,549.1036987304688,476.455322265625,0.015434562228620052,119.6243896484375,446.27447509765625,0.006483390927314758,399.1343078613281,480.0,0.000596697791479528,216.7974090576172,480.0,0.0002780327922664583,425.76287841796875,461.68731689453125,0.0007593344780616462,222.50021362304688,467.3900146484375,0.0004897747421637177,391.892822265625,467.5267333984375,0.00044296777923591435,247.686279296875,455.680419921875,0.0003691704187076539
20,webcam-0__tcn__20260807-122153_raw_30fps,427,428,14.233333333333333,background,1,1,1,1,0,0,0,640,480,0.9409521222114563,0,0.503662109375,84.14923095703125,604.6685180664062,479.021484375,342.5591735839844,271.3559265136719,0.99872225522995,380.4169006347656,231.29641723632812,0.995780348777771,304.4449462890625,228.16836547851562,0.9963356256484985,418.6229248046875,234.5560302734375,0.7800194025039673,251.43255615234375,228.94125366210938,0.9691259860992432,459.0377502441406,355.5556945800781,0.9987592697143555,163.84027099609375,368.8547668457031,0.9933732748031616,575.6951904296875,467.2597351074219,0.5274948477745056,31.163848876953125,470.6896667480469,0.06872529536485672,545.32421875,476.8656005859375,0.014085681177675724,116.90290832519531,445.2900085449219,0.00667613698169589,399.25335693359375,480.0,0.0006216064211912453,216.9082489013672,480.0,0.00030194970895536244,424.9974670410156,461.48828125,0.0007775593549013138,220.28993225097656,466.81304931640625,0.0005151190562173724,391.197998046875,467.8818054199219,0.0004462838696781546,245.43020629882812,455.7743835449219,0.00037670129677280784
20,webcam-0__tcn__20260807-122153_raw_30fps,428,429,14.266666666666667,background,1,1,1,1,0,0,0,640,480,0.9440538883209229,0,0.671142578125,84.1497802734375,606.4559326171875,479.0223388671875,343.8577880859375,271.73583984375,0.9986488223075867,381.6564025878906,231.53822326660156,0.9956492781639099,305.37420654296875,228.270263671875,0.9963478446006775,420.30908203125,235.16363525390625,0.771328866481781,251.7557373046875,229.31051635742188,0.9704486727714539,458.5491943359375,355.223876953125,0.9987586736679077,164.97825622558594,367.7799072265625,0.9938721656799316,577.0350952148438,467.1304016113281,0.5465768575668335,30.110504150390625,470.65826416015625,0.07555396109819412,546.927978515625,475.83154296875,0.01681726612150669,116.52488708496094,444.2201843261719,0.006465544458478689,398.1443786621094,480.0,0.0006050356896594167,217.4266357421875,480.0,0.0002920918050222099,423.1024169921875,461.79901123046875,0.0007979284855537117,219.84634399414062,467.17822265625,0.0005005035782232881,389.1718444824219,468.0341491699219,0.00045141924056224525,244.73406982421875,455.25994873046875,0.00035651083453558385
20,webcam-0__tcn__20260807-122153_raw_30fps,429,430,14.3,background,1,1,1,1,0,0,0,640,480,0.9425603747367859,0,0.597808837890625,84.49945068359375,607.8609619140625,478.9879150390625,344.2362365722656,271.9479675292969,0.9986176490783691,382.3099060058594,231.519287109375,0.9956876635551453,305.67388916015625,228.20242309570312,0.9962804913520813,421.1740417480469,235.2835235595703,0.783557116985321,252.05331420898438,229.26400756835938,0.971007227897644,458.83551025390625,355.7295227050781,0.9986996650695801,163.8369598388672,368.7509460449219,0.993730902671814,576.4462890625,467.18939208984375,0.5379465222358704,29.099517822265625,470.7096252441406,0.06955593824386597,549.917236328125,475.644775390625,0.016387436538934708,113.78982543945312,444.2139892578125,0.0062752291560173035,398.91552734375,480.0,0.0006256942870095372,217.4183349609375,480.0,0.000299065257422626,424.0727844238281,461.47039794921875,0.0008433415787294507,219.95742797851562,467.2405090332031,0.0005219981539994478,390.45660400390625,467.6968688964844,0.00044520103256218135,245.02096557617188,455.0523986816406,0.0003546719381120056
20,webcam-0__tcn__20260807-122153_raw_30fps,430,431,14.333333333333334,background,1,1,1,1,0,0,0,640,480,0.9437180757522583,0,0.259429931640625,85.07183837890625,605.7570190429688,478.9994201660156,344.28857421875,271.7391357421875,0.9985895752906799,382.0663146972656,231.59121704101562,0.995509147644043,305.66046142578125,228.25482177734375,0.996405839920044,420.48699951171875,234.9549560546875,0.7597839832305908,251.63743591308594,229.03631591796875,0.9721131324768066,458.2044677734375,354.9806213378906,0.9987123012542725,164.49276733398438,367.97412109375,0.9940651655197144,577.5035400390625,468.13494873046875,0.5411548614501953,28.310150146484375,469.72491455078125,0.0776219367980957,549.3104858398438,472.77911376953125,0.01809803582727909,111.24278259277344,444.91015625,0.006311125122010708,397.98046875,480.0,0.0005822295206598938,217.1558380126953,480.0,0.00028481893241405487,421.9851379394531,461.82080078125,0.0008212625398300588,217.471923828125,468.08538818359375,0.0004921919899061322,388.3475341796875,468.4761962890625,0.0004582041292451322,242.85557556152344,455.7167053222656,0.0003440776781644672
20,webcam-0__tcn__20260807-122153_raw_30fps,431,432,14.366666666666667,background,1,1,1,1,0,0,0,640,480,0.942978024482727,0,0.0,84.4742431640625,605.834228515625,479.0439453125,344.5709533691406,271.63482666015625,0.9985027313232422,382.2789001464844,231.22157287597656,0.9953122138977051,305.67047119140625,228.12417602539062,0.9964487552642822,420.9635925292969,235.178955078125,0.7618995904922485,251.6717071533203,229.83750915527344,0.9726387858390808,459.3889465332031,355.1807861328125,0.9985617995262146,166.28582763671875,367.4342041015625,0.9941376447677612,578.302490234375,468.6474609375,0.4978708028793335,27.64208984375,469.369873046875,0.08070643246173859,541.53173828125,472.70330810546875,0.016226237639784813,109.06118774414062,443.7191162109375,0.006473584100604057,399.4886169433594,480.0,0.0005906983278691769,219.03793334960938,480.0,0.00029918618383817375,421.1305236816406,461.75640869140625,0.0008581712609156966,216.59523010253906,468.12725830078125,0.0005126984906382859,387.89971923828125,469.2607727050781,0.0004685500171035528,242.17405700683594,455.97442626953125,0.0003461468149907887
20,webcam-0__tcn__20260807-122153_raw_30fps,432,433,14.4,background,1,1,1,1,0,0,0,640,480,0.9363160133361816,0,0.08984375,84.2965087890625,607.5953369140625,478.98651123046875,345.0619812011719,271.455810546875,0.9985482096672058,382.5953674316406,231.16294860839844,0.9953511953353882,306.103759765625,227.87547302246094,0.9965090155601501,420.9729309082031,234.85366821289062,0.7447893619537354,251.60528564453125,229.23280334472656,0.9734373688697815,459.36102294921875,354.6724548339844,0.9986133575439453,165.24208068847656,368.26739501953125,0.9937454462051392,577.5542602539062,467.832763671875,0.5139869451522827,28.359283447265625,470.013916015625,0.07533588260412216,544.0801391601562,474.8765869140625,0.01419759076088667,111.3177490234375,445.221923828125,0.006137550808489323,399.4421691894531,480.0,0.0005920003168284893,218.50885009765625,480.0,0.0002920709375757724,421.56170654296875,461.86859130859375,0.0008111695642583072,217.47894287109375,468.423828125,0.0004965336411260068,388.2761535644531,469.1290588378906,0.00046034649130888283,243.03298950195312,456.2921142578125,0.0003565893566701561
20,webcam-0__tcn__20260807-122153_raw_30fps,433,434,14.433333333333334,background,1,1,2,2,0,0,0,640,480,0.7845768928527832,0,0.758331298828125,83.53195190429688,606.7229614257812,478.962890625,344.8623046875,271.5939636230469,0.998595654964447,382.79327392578125,231.08425903320312,0.9953969120979309,306.0641784667969,227.73727416992188,0.9964215755462646,421.6076354980469,233.877197265625,0.7440163493156433,252.04080200195312,227.95091247558594,0.9699695706367493,459.7103271484375,354.8126525878906,0.998647153377533,166.15957641601562,367.56646728515625,0.9938963055610657,576.0902099609375,466.92803955078125,0.5322241187095642,30.296112060546875,469.74786376953125,0.08100379258394241,544.739990234375,474.76513671875,0.014301522634923458,114.48715209960938,446.90570068359375,0.006613481789827347,400.00775146484375,480.0,0.0006679727230221033,219.2305450439453,480.0,0.0003288095467723906,424.43951416015625,461.9859619140625,0.0008202110766433179,219.3455810546875,467.8170471191406,0.0005113258957862854,390.81842041015625,469.2116394042969,0.0004719180578831583,245.53936767578125,456.39215087890625,0.0003680353984236717
20,webcam-0__tcn__20260807-122153_raw_30fps,433,434,14.433333333333334,background,1,1,2,2,1,1,1,640,480,0.27416637539863586,0,3.344329833984375,84.45938110351562,607.1928100585938,479.63031005859375,345.15142822265625,272.3253173828125,0.9990413784980774,382.1883239746094,231.72657775878906,0.9968333840370178,306.3017272949219,228.13375854492188,0.9971910119056702,420.4798889160156,233.80007934570312,0.7591352462768555,252.6329345703125,227.64364624023438,0.972091794013977,457.160888671875,355.56982421875,0.9989080429077148,168.6316680908203,366.2147521972656,0.9950166344642639,579.0274658203125,467.8242492675781,0.5807957053184509,27.271331787109375,468.9161376953125,0.07518172264099121,546.429443359375,474.1358642578125,0.012190106324851513,109.83526611328125,449.9252014160156,0.004877889063209295,398.36480712890625,480.0,0.0004911957657895982,220.1129150390625,480.0,0.0002260605397168547,429.8730163574219,463.634521484375,0.0010313517414033413,218.4171600341797,470.61505126953125,0.0005640805466100574,392.3902587890625,477.8227233886719,0.00046387442853301764,247.80068969726562,462.1772766113281,0.0003251058515161276
20,webcam-0__tcn__20260807-122153_raw_30fps,434,435,14.466666666666667,background,1,1,1,1,0,0,0,640,480,0.8539672493934631,0,1.62689208984375,84.06228637695312,605.6119384765625,478.970947265625,345.0082092285156,272.02337646484375,0.9986530542373657,383.26971435546875,231.5410614013672,0.9953625202178955,306.4381103515625,228.00680541992188,0.9964171648025513,421.6485290527344,234.90609741210938,0.7430089712142944,252.55328369140625,228.48345947265625,0.9712287783622742,459.37335205078125,354.7615966796875,0.9986733198165894,164.40316772460938,369.0465393066406,0.9931328892707825,576.0397338867188,467.69158935546875,0.544452428817749,31.87060546875,471.6479797363281,0.06102302670478821,549.39404296875,473.84832763671875,0.016742929816246033,114.49160766601562,445.24578857421875,0.006246901582926512,400.2244873046875,480.0,0.0006546105141751468,218.55641174316406,480.0,0.0003029861254617572,426.12969970703125,461.5400390625,0.0008289526449516416,222.5621337890625,467.5523986816406,0.0005079168477095664,392.155029296875,468.2499694824219,0.00044417474418878555,248.5223388671875,455.97515869140625,0.0003586523234844208
20,webcam-0__tcn__20260807-122153_raw_30fps,435,436,14.5,background,1,1,1,1,0,0,0,640,480,0.9391942620277405,0,1.347320556640625,83.842529296875,607.4931640625,478.958251953125,345.0527038574219,272.0804443359375,0.9986282587051392,383.09149169921875,231.3768310546875,0.9954845905303955,306.2720947265625,227.94229125976562,0.9964304566383362,421.6110534667969,234.1853485107422,0.7366225719451904,252.31884765625,228.00955200195312,0.970212996006012,459.2689514160156,354.48553466796875,0.9987292885780334,165.3544921875,367.7929992675781,0.9936531782150269,575.130615234375,467.5530090332031,0.5733802318572998,29.060699462890625,471.28814697265625,0.07092846930027008,555.8991088867188,474.7501220703125,0.01752283424139023,112.04054260253906,445.81964111328125,0.00606948509812355,400.56591796875,480.0,0.0006110432441346347,219.43551635742188,480.0,0.0002883388369809836,428.1419982910156,461.789306640625,0.0008162813610397279,223.40455627441406,467.8099670410156,0.0005093620857223868,393.60430908203125,468.366943359375,0.0004388083179946989,248.6888427734375,455.8658142089844,0.00035069577279500663
20,webcam-0__tcn__20260807-122153_raw_30fps,436,437,14.533333333333333,background,1,1,1,1,0,0,0,640,480,0.8976548314094543,0,0.98944091796875,84.12353515625,606.85400390625,478.94952392578125,345.2809143066406,272.4609069824219,0.9986145496368408,383.005615234375,231.28253173828125,0.9954155683517456,306.7706298828125,227.95388793945312,0.9962369203567505,421.0024719238281,234.20465087890625,0.7358393669128418,253.45184326171875,228.23257446289062,0.9687023758888245,459.1705322265625,354.410400390625,0.9987072944641113,165.22247314453125,367.5185241699219,0.9938242435455322,575.108154296875,467.91534423828125,0.5579695105552673,28.497711181640625,471.60064697265625,0.07193504273891449,552.8792724609375,473.5967102050781,0.018044965341687202,112.31979370117188,445.081787109375,0.006058417726308107,400.1893310546875,480.0,0.0005775063182227314,218.63632202148438,480.0,0.00027168585802428424,428.09405517578125,462.12994384765625,0.0008092618663795292,222.56817626953125,467.78839111328125,0.0004904392990283668,392.3960876464844,468.31915283203125,0.0004368652298580855,247.46099853515625,456.060302734375,0.0003337070520501584
20,webcam-0__tcn__20260807-122153_raw_30fps,437,438,14.566666666666666,background,1,1,1,1,0,0,0,640,480,0.9361087083816528,0,1.7119140625,84.1572265625,607.7989501953125,478.9830017089844,345.3038330078125,273.3685302734375,0.9986894726753235,384.2027587890625,235.25302124023438,0.9965097308158875,307.44342041015625,230.9716033935547,0.9957138299942017,422.6695251464844,235.5357666015625,0.7704278826713562,252.9571533203125,227.03512573242188,0.9554316997528076,459.13653564453125,354.6856689453125,0.9989632368087769,168.71592712402344,365.0735168457031,0.9943445920944214,574.0684814453125,467.12225341796875,0.6045070290565491,28.8062744140625,469.969482421875,0.09312982857227325,558.7698974609375,476.93865966796875,0.016425304114818573,112.85797119140625,445.5774230957031,0.007301539648324251,399.5882263183594,480.0,0.0006243482930585742,221.26483154296875,480.0,0.0003038429422304034,428.09210205078125,461.667724609375,0.0007419229368679225,222.9795379638672,466.24395751953125,0.0005299346521496773,393.1778869628906,468.2373046875,0.0004742006422020495,246.28863525390625,454.68017578125,0.00041070953011512756
20,webcam-0__tcn__20260807-122153_raw_30fps,438,439,14.6,background,1,1,1,1,0,0,0,640,480,0.9446576237678528,0,2.024383544921875,84.01702880859375,607.393798828125,478.96661376953125,345.75390625,273.20025634765625,0.9988325238227844,384.5545349121094,234.70687866210938,0.996498703956604,307.87139892578125,230.81158447265625,0.9963347911834717,422.6660461425781,235.1009521484375,0.7366304397583008,253.42105102539062,227.39471435546875,0.958756148815155,458.2886657714844,354.1663818359375,0.9989783763885498,168.855224609375,364.9850158691406,0.9943273663520813,574.0159912109375,465.798583984375,0.6288743615150452,29.426727294921875,469.26641845703125,0.09563179314136505,557.0184936523438,477.06719970703125,0.014492902904748917,111.39437866210938,445.43560791015625,0.006958274636417627,399.2193603515625,480.0,0.0006232974119484425,221.16697692871094,480.0,0.00029960006941109896,426.0272521972656,461.3608703613281,0.0007375827990472317,221.94285583496094,466.35382080078125,0.0005244276253506541,390.8013916015625,468.2305603027344,0.00047202830319292843,245.54776000976562,454.710205078125,0.00041091220919042826
20,webcam-0__tcn__20260807-122153_raw_30fps,439,440,14.633333333333333,background,1,1,1,1,0,0,0,640,480,0.9054474830627441,0,1.7608642578125,84.6922607421875,608.985595703125,478.957275390625,345.8340759277344,272.7982177734375,0.9989039897918701,384.37982177734375,234.2996826171875,0.996609091758728,307.73876953125,230.11868286132812,0.9964304566383362,422.4075622558594,235.1883544921875,0.7292202711105347,252.76910400390625,227.11099243164062,0.9597803354263306,458.49383544921875,354.5432434082031,0.9989171028137207,167.26202392578125,366.4140625,0.993977427482605,574.234375,466.29571533203125,0.5989879965782166,29.66009521484375,470.60504150390625,0.08173991739749908,556.9444580078125,477.609130859375,0.014903752133250237,111.45510864257812,445.7001037597656,0.006654457654803991,400.25885009765625,480.0,0.0006526041543111205,221.26974487304688,480.0,0.0003114051360171288,425.8671875,461.05517578125,0.0007918533519841731,222.4991455078125,466.787841796875,0.0005477261729538441,391.33172607421875,468.3627624511719,0.0004674198280554265,246.4442138671875,455.1337890625,0.00040331215132027864
20,webcam-0__tcn__20260807-122153_raw_30fps,440,441,14.666666666666666,background,1,1,2,2,0,0,0,640,480,0.49897465109825134,0,1.730438232421875,83.91693115234375,610.380126953125,478.9543151855469,345.6814270019531,272.5701904296875,0.9988736510276794,384.3631286621094,233.32650756835938,0.9964196681976318,307.5153503417969,229.19610595703125,0.9962441921234131,422.27410888671875,235.15260314941406,0.7390391230583191,252.858154296875,227.2288055419922,0.9615545868873596,459.0331115722656,354.62255859375,0.9988669157028198,164.7884979248047,368.4103698730469,0.9935871362686157,574.2921142578125,465.84954833984375,0.5903798341751099,29.80731201171875,472.1820068359375,0.06835570931434631,557.43603515625,477.2851867675781,0.014165305532515049,110.44561767578125,446.1593933105469,0.005953103303909302,400.9425964355469,480.0,0.000657696626149118,220.0247802734375,480.0,0.0003035522240679711,426.85205078125,460.4254150390625,0.0008367581758648157,223.75320434570312,466.81121826171875,0.0005679873866029084,391.7728271484375,467.4208068847656,0.00045103346928954124,247.7796630859375,455.00164794921875,0.0003994472208432853
20,webcam-0__tcn__20260807-122153_raw_30fps,440,441,14.666666666666666,background,1,1,2,2,1,1,1,640,480,0.4505298435688019,0,3.962890625,84.47760009765625,611.0899658203125,479.61029052734375,345.9482421875,273.1980895996094,0.9992257356643677,383.787841796875,233.85675048828125,0.9975088834762573,307.7306213378906,229.43540954589844,0.9969809651374817,421.2962951660156,234.98992919921875,0.7524506449699402,253.39218139648438,226.73890686035156,0.9633511900901794,456.614013671875,355.179931640625,0.9990710020065308,167.1451416015625,366.9507751464844,0.9947143197059631,577.397216796875,466.7646484375,0.6417917013168335,26.76019287109375,471.169189453125,0.06347709894180298,559.2694091796875,476.39056396484375,0.01300265733152628,105.50447082519531,449.05224609375,0.004407735541462898,399.9217529296875,480.0,0.0005140723660588264,221.48651123046875,480.0,0.00022080731287132949,432.8226013183594,462.0775146484375,0.0010860385373234749,223.6956787109375,469.58795166015625,0.0006291760946623981,394.4910888671875,476.3035583496094,0.00045193033292889595,250.9295654296875,460.99017333984375,0.00035284439218230546
20,webcam-0__tcn__20260807-122153_raw_30fps,441,442,14.7,background,1,1,1,1,0,0,0,640,480,0.9447886347770691,0,2.997955322265625,84.47262573242188,611.138671875,479.63995361328125,345.7725524902344,273.259033203125,0.9991948008537292,382.98944091796875,233.1349334716797,0.9972319006919861,307.0550231933594,229.1102752685547,0.9971857666969299,420.98345947265625,234.07431030273438,0.7474033236503601,252.77743530273438,226.96951293945312,0.9688877463340759,457.80487060546875,355.29095458984375,0.9990503191947937,166.41049194335938,367.3823547363281,0.9947221279144287,578.4364013671875,467.5006103515625,0.6630790829658508,27.338775634765625,471.10528564453125,0.0603516511619091,562.8993530273438,475.3115539550781,0.020146191120147705,107.58943176269531,449.38482666015625,0.0042648594826459885,400.0001220703125,480.0,0.0005397697095759213,220.59881591796875,480.0,0.00023146960302256048,435.050537109375,462.0237731933594,0.0011586904292926192,223.67013549804688,469.7164306640625,0.0006378696416504681,397.29052734375,476.50634765625,0.0004461949865799397,251.87979125976562,461.2705383300781,0.0003342183481436223
20,webcam-0__tcn__20260807-122153_raw_30fps,442,443,14.733333333333333,background,1,1,1,1,0,0,0,640,480,0.8933134078979492,0,3.388153076171875,84.75216674804688,609.2810668945312,479.63665771484375,345.2536315917969,272.92626953125,0.9991942048072815,382.72125244140625,233.25527954101562,0.9972437620162964,306.5176696777344,229.02955627441406,0.9974203109741211,420.6282958984375,234.23037719726562,0.7433738112449646,251.62640380859375,226.68356323242188,0.9721986055374146,459.0487365722656,356.2566833496094,0.9990322589874268,166.68702697753906,367.2451171875,0.9947080612182617,579.5991821289062,469.0885314941406,0.6115874648094177,27.291107177734375,470.61895751953125,0.06165297329425812,556.5738525390625,475.07708740234375,0.015287879854440689,107.50218200683594,449.0171203613281,0.004292334895581007,401.04449462890625,480.0,0.0004539061919786036,221.56602478027344,480.0,0.00020135367230977863,433.1240539550781,462.74432373046875,0.0010412035044282675,221.81771850585938,469.961669921875,0.0005803132080473006,395.4930419921875,477.6120300292969,0.000458602822618559,250.45526123046875,462.02813720703125,0.0003354462096467614
20,webcam-0__tcn__20260807-122153_raw_30fps,443,444,14.766666666666667,background,1,1,1,1,0,0,0,640,480,0.6283096671104431,0,3.36395263671875,84.7451171875,610.892822265625,479.6291198730469,345.0905456542969,273.06866455078125,0.9991764426231384,382.7074279785156,233.24716186523438,0.9972044825553894,306.4679870605469,229.18280029296875,0.9973179697990417,420.88836669921875,234.20533752441406,0.7674338817596436,252.103759765625,226.9315643310547,0.9719152450561523,460.32794189453125,356.3874206542969,0.998925507068634,166.6921844482422,367.728271484375,0.994195282459259,579.9850463867188,470.1983337402344,0.5309268236160278,28.69110107421875,470.6846923828125,0.05123346298933029,556.1190185546875,473.84429931640625,0.01544087566435337,114.23094177246094,448.3873291015625,0.005040499847382307,400.5283508300781,480.0,0.00044026115210726857,219.81552124023438,480.0,0.0001972747122636065,432.88604736328125,462.90789794921875,0.0009756980580277741,222.37420654296875,469.6356201171875,0.0005451750475913286,395.04730224609375,477.32427978515625,0.00047180720139294863,250.91256713867188,462.2454833984375,0.00033600933966226876
20,webcam-0__tcn__20260807-122153_raw_30fps,444,445,14.8,background,1,1,2,2,0,0,0,640,480,0.5695956945419312,0,4.15557861328125,85.29971313476562,613.5506591796875,479.64202880859375,344.8598327636719,272.4840393066406,0.9991142153739929,382.0420227050781,231.92047119140625,0.9969931840896606,306.1650390625,227.8079376220703,0.9973184466362,420.22515869140625,234.12356567382812,0.7559768557548523,252.18934631347656,226.88592529296875,0.9730976819992065,459.33929443359375,355.39080810546875,0.9989414811134338,168.12576293945312,366.4220275878906,0.9939271807670593,581.0216674804688,470.50921630859375,0.5304603576660156,31.71527099609375,469.37982177734375,0.053223758935928345,556.60498046875,474.0879211425781,0.014030467718839645,119.81745910644531,448.37359619140625,0.00507248193025589,400.99896240234375,480.0,0.00044975680066272616,221.0043487548828,480.0,0.00020256510470062494,434.6418762207031,463.06378173828125,0.001012427848763764,225.08087158203125,468.92724609375,0.000568241928704083,397.07708740234375,478.01483154296875,0.0004781265161000192,253.2622833251953,463.2051696777344,0.0003389254561625421
20,webcam-0__tcn__20260807-122153_raw_30fps,444,445,14.8,background,1,1,2,2,1,1,1,640,480,0.29609858989715576,0,1.979217529296875,84.59475708007812,613.174072265625,478.95550537109375,344.5730285644531,271.7932434082031,0.998704195022583,382.64105224609375,231.35423278808594,0.9956771731376648,305.98614501953125,227.49147033691406,0.996542751789093,421.25714111328125,234.27719116210938,0.7445773482322693,251.6270751953125,227.25120544433594,0.9705107808113098,461.50335693359375,354.8984375,0.998704195022583,165.7264862060547,367.7718811035156,0.9927035570144653,577.7669677734375,469.6229248046875,0.47967082262039185,34.67376708984375,470.28582763671875,0.05956105887889862,554.7601928710938,475.2269287109375,0.015707343816757202,124.264892578125,445.7502746582031,0.0067507741041481495,402.13067626953125,480.0,0.0005947250756435096,219.895751953125,480.0,0.0002884342393372208,428.5686340332031,461.7416687011719,0.0007843534694984555,225.10035705566406,466.46307373046875,0.0005037091905251145,394.9078369140625,469.488037109375,0.00047924448153935373,250.24566650390625,457.537353515625,0.00037613342283293605
20,webcam-0__tcn__20260807-122153_raw_30fps,445,446,14.833333333333334,background,1,1,1,1,0,0,0,640,480,0.9433262348175049,0,1.11468505859375,83.24365234375,613.1165771484375,478.9696960449219,344.1374206542969,271.7698059082031,0.9984740614891052,382.30328369140625,230.37545776367188,0.9954248070716858,305.3940124511719,226.8934326171875,0.9959962368011475,420.816650390625,233.48434448242188,0.7686399817466736,251.8177490234375,227.224853515625,0.9681150913238525,461.7669677734375,354.3421936035156,0.9986324906349182,165.13462829589844,366.4042053222656,0.9935879707336426,578.8851928710938,470.8856506347656,0.4889793395996094,28.937774658203125,470.78900146484375,0.07264039665460587,553.9534301757812,469.96734619140625,0.01867855340242386,113.44149780273438,446.25030517578125,0.006991423200815916,402.10748291015625,480.0,0.0005635037086904049,218.72695922851562,480.0,0.00028377026319503784,428.96038818359375,461.7972717285156,0.0008224004413932562,221.20001220703125,466.93023681640625,0.0005117167020216584,392.6099853515625,468.7971496582031,0.00044976238859817386,246.46533203125,456.45391845703125,0.0003403368464205414
20,webcam-0__tcn__20260807-122153_raw_30fps,446,447,14.866666666666667,background,1,1,1,1,0,0,0,640,480,0.9433450102806091,0,1.870513916015625,83.51144409179688,612.16650390625,478.98492431640625,343.9525451660156,271.5079040527344,0.9983695149421692,382.07379150390625,229.29989624023438,0.9952621459960938,305.02386474609375,226.22323608398438,0.9958721995353699,420.62371826171875,233.11117553710938,0.7903205752372742,252.07261657714844,227.7648162841797,0.9692812561988831,462.57550048828125,354.4761047363281,0.9986013770103455,165.2669219970703,366.6500244140625,0.9937020540237427,579.295166015625,471.3235778808594,0.46801912784576416,30.00897216796875,471.0172119140625,0.07393689453601837,547.0481567382812,469.53668212890625,0.01638345792889595,114.30180358886719,446.389892578125,0.007094234693795443,402.55499267578125,480.0,0.0005562895676121116,218.6713104248047,480.0,0.0002818555512931198,429.17840576171875,462.491455078125,0.0008137444965541363,221.64930725097656,467.5313720703125,0.0004999047378078103,392.1716003417969,469.66424560546875,0.0004393289564177394,247.13616943359375,457.342041015625,0.00032763052149675786
20,webcam-0__tcn__20260807-122153_raw_30fps,447,448,14.9,background,1,1,1,1,0,0,0,640,480,0.9439682960510254,0,1.860626220703125,84.38790893554688,613.0537719726562,478.9437561035156,343.51202392578125,270.82562255859375,0.9985179305076599,381.8170166015625,229.0537567138672,0.9954909682273865,304.71392822265625,225.74722290039062,0.9959438443183899,420.826904296875,232.37109375,0.7893816232681274,251.54742431640625,226.4836883544922,0.9676244258880615,462.4088134765625,354.84576416015625,0.9986932873725891,164.15333557128906,367.79022216796875,0.9927969574928284,579.5957641601562,471.0259704589844,0.4756493866443634,32.4195556640625,473.1075439453125,0.05657501891255379,551.1599731445312,472.83929443359375,0.017003312706947327,121.32546997070312,445.08319091796875,0.0068868063390254974,401.93505859375,480.0,0.0005799178616143763,217.78448486328125,480.0,0.00027912892983295023,429.42950439453125,461.94268798828125,0.0007896774914115667,222.99496459960938,466.5313720703125,0.0005057254456914961,393.9213562011719,468.6541442871094,0.00043395793181844056,248.55575561523438,456.70904541015625,0.0003490731760393828
20,webcam-0__tcn__20260807-122153_raw_30fps,448,449,14.933333333333334,background,1,1,1,1,0,0,0,640,480,0.943488359451294,0,1.35943603515625,85.30096435546875,615.1773681640625,478.93914794921875,342.96551513671875,269.2095947265625,0.9984689354896545,381.190185546875,227.80035400390625,0.9950525164604187,304.4994812011719,224.37258911132812,0.9960708618164062,419.8040466308594,232.2357635498047,0.786160945892334,251.65968322753906,226.08944702148438,0.9726321697235107,461.75390625,354.3236083984375,0.9986653327941895,163.34164428710938,368.4918212890625,0.9929808378219604,579.5863647460938,470.5317077636719,0.4665760397911072,31.457672119140625,472.6910705566406,0.053825970739126205,554.6624755859375,472.92352294921875,0.015764394775032997,121.66993713378906,445.08111572265625,0.0065648527815938,402.44512939453125,480.0,0.0006068461807444692,217.877685546875,480.0,0.00029419714701361954,428.4046630859375,461.1565856933594,0.0008085268782451749,222.1884765625,466.3058776855469,0.0005033761262893677,394.0563049316406,468.3389892578125,0.00044080326915718615,248.81886291503906,456.4698486328125,0.00034888237132690847
20,webcam-0__tcn__20260807-122153_raw_30fps,449,450,14.966666666666667,background,1,1,1,1,0,0,0,640,480,0.9432429671287537,0,1.3349609375,83.660400390625,615.5591430664062,478.9412841796875,342.5733337402344,268.5489196777344,0.9985609650611877,381.0904541015625,227.56149291992188,0.995149552822113,304.4693603515625,223.98236083984375,0.9959394931793213,419.84619140625,231.4317169189453,0.7914222478866577,251.6449737548828,224.83187866210938,0.9704894423484802,461.60455322265625,354.277587890625,0.9986610412597656,162.47633361816406,368.9449462890625,0.9923847913742065,580.211181640625,471.40625,0.43314751982688904,35.724700927734375,473.61944580078125,0.042978838086128235,555.6790771484375,471.6714172363281,0.016658468171954155,127.42123413085938,445.8268127441406,0.006307893432676792,402.5126953125,480.0,0.0006315837381407619,217.7349853515625,480.0,0.0002986552135553211,429.5084228515625,460.14031982421875,0.0008340533240698278,224.22552490234375,465.36785888671875,0.0005052795168012381,396.5642395019531,468.39984130859375,0.00044981660903431475,251.44171142578125,456.5501708984375,0.00035055686021223664
20,webcam-0__tcn__20260807-122153_raw_30fps,450,451,15.0,background,1,1,1,1,0,0,0,640,480,0.9338658452033997,0,1.257568359375,84.87841796875,614.7164306640625,478.90631103515625,341.99530029296875,268.5311279296875,0.9984873533248901,380.31597900390625,227.34698486328125,0.9949771761894226,303.7900390625,223.90103149414062,0.9960224628448486,418.79730224609375,231.62530517578125,0.792837917804718,251.12933349609375,225.3575439453125,0.9730897545814514,461.7685241699219,354.39837646484375,0.9986377358436584,162.26480102539062,368.2932434082031,0.9927769899368286,580.7354736328125,471.775390625,0.450103223323822,31.729766845703125,472.6727294921875,0.048105157911777496,556.12060546875,470.5760803222656,0.019794395193457603,120.44711303710938,444.65997314453125,0.006259648595005274,402.13348388671875,480.0,0.0005773326847702265,217.14401245117188,480.0,0.0002804584801197052,428.6923828125,460.3739318847656,0.0008247346850112081,223.15231323242188,465.74127197265625,0.0005013984045945108,395.451171875,467.95233154296875,0.00044174070353619754,249.83578491210938,456.0177917480469,0.00034211546881124377
20,webcam-0__tcn__20260807-122153_raw_30fps,451,452,15.033333333333333,background,1,1,1,1,0,0,0,640,480,0.8215909600257874,0,1.31268310546875,83.7752685546875,615.2177734375,478.92120361328125,342.0088195800781,268.513671875,0.9985098242759705,380.4090576171875,227.3355712890625,0.9950175881385803,303.865234375,223.90411376953125,0.9959369897842407,418.9435119628906,231.63778686523438,0.7950274348258972,251.22515869140625,225.33367919921875,0.9723067879676819,461.4127197265625,354.373046875,0.9986520409584045,162.62632751464844,368.371826171875,0.9925436973571777,580.111083984375,470.714111328125,0.45611459016799927,33.50054931640625,472.9007873535156,0.04534376412630081,561.6574096679688,471.77215576171875,0.021567413583397865,122.15522766113281,444.9178161621094,0.006272359751164913,402.02276611328125,480.0,0.000587743241339922,217.36627197265625,480.0,0.00028127225232310593,428.9005432128906,460.0561218261719,0.000838151783682406,224.07167053222656,465.0264587402344,0.0005117303226143122,396.21978759765625,467.60614013671875,0.00044598046224564314,250.39089965820312,455.8491516113281,0.0003498404403217137
20,webcam-0__tcn__20260807-122153_raw_30fps,452,453,15.066666666666666,background,1,1,1,1,0,0,0,640,480,0.8013499975204468,0,0.519622802734375,84.55288696289062,611.7838745117188,478.9640197753906,341.8900451660156,268.6654052734375,0.9985356330871582,380.40460205078125,228.03341674804688,0.9950975775718689,303.5121765136719,224.78857421875,0.9961782693862915,418.8145446777344,231.7821502685547,0.7867412567138672,250.35952758789062,225.90087890625,0.9738448262214661,461.3305358886719,354.076904296875,0.9987069368362427,162.46240234375,368.14593505859375,0.9933332800865173,580.234375,470.57861328125,0.4740307331085205,29.953033447265625,472.16632080078125,0.05422847345471382,557.8971557617188,472.1246643066406,0.017527826130390167,114.62362670898438,445.3530578613281,0.00588965555652976,402.16241455078125,480.0,0.0005751780117861927,218.105224609375,480.0,0.0002823946124408394,426.54052734375,460.2260437011719,0.0008306278032250702,221.468994140625,466.439453125,0.0005096359527669847,393.0069274902344,468.2381896972656,0.0004474806773941964,247.67208862304688,456.1609802246094,0.0003470371593721211
20,webcam-0__tcn__20260807-122153_raw_30fps,453,454,15.1,background,1,1,1,1,0,0,0,640,480,0.9317449927330017,0,0.23944091796875,84.64132690429688,611.7341918945312,478.98858642578125,342.2624206542969,268.76611328125,0.9985998272895813,380.4789123535156,228.14657592773438,0.9951767921447754,303.7937927246094,224.86404418945312,0.9963298439979553,418.6111755371094,231.69924926757812,0.7764031887054443,250.17735290527344,225.89114379882812,0.9755454659461975,460.0150451660156,353.9449768066406,0.99872225522995,160.76895141601562,369.9620361328125,0.9928679466247559,578.6561279296875,469.5862731933594,0.5015254616737366,31.45635986328125,472.66607666015625,0.04823807254433632,560.7702026367188,471.3697509765625,0.01783030852675438,115.68911743164062,445.0629577636719,0.005468097049742937,401.54095458984375,480.0,0.0006208866834640503,217.588134765625,480.0,0.00029446344706229866,426.0169677734375,459.0879821777344,0.0008638427825644612,222.1451873779297,466.09173583984375,0.0005235223798081279,393.13006591796875,467.1536865234375,0.00043911460670642555,248.71319580078125,455.46002197265625,0.0003532828122843057
20,webcam-0__tcn__20260807-122153_raw_30fps,454,455,15.133333333333333,background,1,1,1,1,0,0,0,640,480,0.9183521866798401,0,0.8511962890625,84.27520751953125,611.5938720703125,478.96588134765625,342.413330078125,268.45269775390625,0.9986409544944763,380.51519775390625,228.24911499023438,0.9951319694519043,303.9784240722656,225.0413360595703,0.9964954257011414,418.7123718261719,231.4113311767578,0.7655031085014343,250.24740600585938,225.76036071777344,0.9758982062339783,460.2311706542969,354.1959228515625,0.9987342953681946,160.78001403808594,369.9721374511719,0.9928642511367798,579.0061645507812,469.72216796875,0.49553409218788147,32.18267822265625,472.9111633300781,0.04784127324819565,558.8971557617188,472.5697021484375,0.01632978394627571,117.02218627929688,445.72686767578125,0.005392259918153286,401.3983154296875,480.0,0.0006137186428532004,217.35568237304688,480.0,0.00029140006517991424,426.79095458984375,459.67901611328125,0.0008210305823013186,222.54714965820312,466.478515625,0.0005063959979452193,393.575927734375,467.45489501953125,0.0004404013743624091,248.797119140625,455.63714599609375,0.00035728386137634516
20,webcam-0__tcn__20260807-122153_raw_30fps,455,456,15.166666666666666,background,1,1,2,2,0,0,0,640,480,0.5718197226524353,0,3.34844970703125,85.53701782226562,611.5140991210938,479.6427307128906,343.0067443847656,269.77557373046875,0.9990617632865906,379.9258728027344,229.28404235839844,0.9966350197792053,304.521728515625,225.8044891357422,0.9971045851707458,417.7271728515625,232.17503356933594,0.7783761024475098,251.4482421875,226.34742736816406,0.975614070892334,457.65380859375,354.2657470703125,0.9989596605300903,165.21792602539062,368.02337646484375,0.9939939379692078,582.2610473632812,469.8504638671875,0.5497110486030579,29.743682861328125,472.32476806640625,0.047127168625593185,556.74072265625,471.265625,0.016554271802306175,119.3006591796875,448.84429931640625,0.00469945790246129,400.0950622558594,480.0,0.0005239966558292508,218.86170959472656,480.0,0.00022485136287286878,434.5770568847656,461.0465393066406,0.0011262058978900313,222.64901733398438,468.833984375,0.0005726175149902701,397.94580078125,476.5869445800781,0.0004663548315875232,252.85067749023438,461.7868347167969,0.00031735686934553087
20,webcam-0__tcn__20260807-122153_raw_30fps,455,456,15.166666666666666,background,1,1,2,2,1,1,1,640,480,0.27191266417503357,0,0.706878662109375,84.95196533203125,610.6841430664062,478.9412841796875,342.6990051269531,268.9957275390625,0.9986427426338196,380.5040283203125,228.66973876953125,0.9952185750007629,304.3118591308594,225.41519165039062,0.9963009357452393,418.7684631347656,232.37033081054688,0.7680080533027649,250.8134765625,226.70968627929688,0.9735698699951172,460.01629638671875,353.8188171386719,0.9987272620201111,162.8044891357422,369.4225769042969,0.9928090572357178,579.0797119140625,468.9073791503906,0.49508824944496155,32.918731689453125,473.37835693359375,0.05251753330230713,554.9664306640625,472.6484680175781,0.017933310940861702,124.1304931640625,445.9810791015625,0.006267576478421688,401.5043640136719,480.0,0.0006880878354422748,218.17459106445312,480.0,0.0003224214306101203,427.9847412109375,459.64556884765625,0.0008781545329838991,222.48745727539062,466.12994384765625,0.0005227076471783221,395.64312744140625,467.9649658203125,0.00046488811494782567,249.55184936523438,455.96728515625,0.0003598211915232241
20,webcam-0__tcn__20260807-122153_raw_30fps,456,457,15.2,background,1,1,1,1,0,0,0,640,480,0.9357627034187317,0,0.81549072265625,84.59112548828125,607.875,478.9581298828125,342.7360534667969,269.1659851074219,0.9986158609390259,380.42828369140625,228.76895141601562,0.995183527469635,304.2274475097656,225.50762939453125,0.996269941329956,418.88671875,232.0764617919922,0.7719931602478027,250.63954162597656,226.50616455078125,0.9733664989471436,460.211669921875,354.2118835449219,0.9987466335296631,162.72755432128906,369.70672607421875,0.9930065870285034,579.552978515625,469.51934814453125,0.5071234703063965,33.09228515625,473.1700134277344,0.056534815579652786,547.6727294921875,471.0549011230469,0.01728558912873268,122.32905578613281,446.0330810546875,0.006074098404496908,400.7624816894531,480.0,0.0006709823501296341,217.44100952148438,480.0,0.0003122211783193052,428.3115234375,459.2372741699219,0.0008898221421986818,221.55307006835938,466.28192138671875,0.0005148760974407196,394.8298034667969,468.2879333496094,0.0004637256497517228,248.51478576660156,456.0625,0.000349398294929415
20,webcam-0__tcn__20260807-122153_raw_30fps,457,458,15.233333333333333,background,1,1,1,1,0,0,0,640,480,0.9359093308448792,0,1.491729736328125,83.854248046875,611.5474853515625,478.906494140625,343.68377685546875,269.6038513183594,0.9985042810440063,380.8812561035156,228.63333129882812,0.9951466917991638,304.7170104980469,225.7174072265625,0.9960857629776001,419.00469970703125,232.3190155029297,0.7554249167442322,251.16592407226562,227.5536651611328,0.9704961776733398,460.23968505859375,353.26300048828125,0.9987610578536987,165.72723388671875,366.31915283203125,0.9940288066864014,579.616455078125,467.81195068359375,0.5269765257835388,30.804168701171875,471.4141845703125,0.07939928770065308,558.0537719726562,473.4079895019531,0.017778906971216202,116.21078491210938,444.957763671875,0.006736934185028076,401.8742370605469,480.0,0.0006020654109306633,220.42860412597656,480.0,0.000305773108266294,426.1183776855469,462.34332275390625,0.0007930006831884384,222.06399536132812,467.5260009765625,0.0005038573872298002,391.65234375,468.95086669921875,0.000445011566625908,247.8820037841797,456.5809631347656,0.0003453126410022378
20,webcam-0__tcn__20260807-122153_raw_30fps,458,459,15.266666666666667,background,1,1,1,1,0,0,0,640,480,0.9427924752235413,0,0.820404052734375,84.55441284179688,612.922607421875,478.9190368652344,343.7330322265625,270.0462646484375,0.9984821677207947,380.9315490722656,228.7344970703125,0.9952417612075806,304.6225280761719,225.81752014160156,0.9961982369422913,419.0323486328125,232.2152099609375,0.7535006403923035,250.89620971679688,227.45516967773438,0.9712022542953491,460.9437255859375,353.3890686035156,0.9987105131149292,166.1332550048828,365.51239013671875,0.9944238066673279,579.5885620117188,467.18389892578125,0.5009061694145203,28.884735107421875,471.70916748046875,0.08981208503246307,556.2727661132812,472.67193603515625,0.01591230370104313,115.35475158691406,445.6449890136719,0.006989182438701391,402.1178894042969,480.0,0.0005929769831709564,220.72015380859375,480.0,0.0003149593831039965,424.4253845214844,462.08453369140625,0.0007945963297970593,220.2394561767578,467.06427001953125,0.0005177482380531728,389.46429443359375,469.1060485839844,0.00045875454088672996,245.95974731445312,456.3134765625,0.00035513206967152655
20,webcam-0__tcn__20260807-122153_raw_30fps,459,460,15.3,background,1,1,1,1,0,0,0,640,480,0.9438152313232422,0,1.125518798828125,83.82723999023438,609.9496459960938,478.92498779296875,343.12164306640625,270.3125915527344,0.998478353023529,380.7809143066406,228.76182556152344,0.9950844645500183,304.3669128417969,225.79324340820312,0.9961191415786743,419.5177307128906,232.82562255859375,0.7803919315338135,251.62924194335938,227.82455444335938,0.9710591435432434,461.51043701171875,353.7715148925781,0.9986611604690552,165.09812927246094,367.4636535644531,0.9941778182983398,578.8416137695312,468.34539794921875,0.5029541850090027,29.433685302734375,471.79376220703125,0.07773462682962418,548.3311767578125,475.2856140136719,0.01464019250124693,114.66952514648438,444.794921875,0.006435913033783436,402.3391418457031,480.0,0.0006265607080422342,219.9693603515625,480.0,0.0003147402894683182,426.0513000488281,461.3047790527344,0.0008384266402572393,222.19996643066406,466.91900634765625,0.0005103233270347118,392.2943115234375,468.85882568359375,0.00045771649456582963,248.4884033203125,456.2486877441406,0.0003481656895019114
20,webcam-0__tcn__20260807-122153_raw_30fps,460,461,15.333333333333334,background,1,1,1,1,0,0,0,640,480,0.9430158734321594,0,1.219573974609375,83.95806884765625,608.2135620117188,478.93157958984375,343.2477111816406,270.03436279296875,0.9984544515609741,380.8882751464844,228.94178771972656,0.9950008988380432,304.5274963378906,226.02859497070312,0.9961233735084534,419.214111328125,232.60269165039062,0.7675474882125854,251.39974975585938,227.69168090820312,0.971581220626831,460.3104553222656,352.9135437011719,0.9986502528190613,165.80552673339844,366.5464172363281,0.9945157170295715,577.9266967773438,466.7777404785156,0.4823373258113861,30.29180908203125,472.8306884765625,0.08094080537557602,545.0609130859375,474.6756591796875,0.0134018175303936,115.70317077636719,445.5293273925781,0.006535251624882221,403.0968017578125,480.0,0.0006920323357917368,221.59735107421875,480.0,0.00035316491266712546,427.3403015136719,461.29632568359375,0.0008629863732494414,223.14306640625,466.73291015625,0.0005349987186491489,394.2114562988281,469.4803466796875,0.00046498587471432984,249.48269653320312,456.4501647949219,0.00035796331940218806
20,webcam-0__tcn__20260807-122153_raw_30fps,461,462,15.366666666666667,background,1,1,1,1,0,0,0,640,480,0.9428058862686157,0,1.388702392578125,83.67352294921875,609.6409912109375,478.9468994140625,343.18768310546875,270.14556884765625,0.9985054731369019,380.8454284667969,228.94036865234375,0.9951657056808472,304.5645751953125,226.21176147460938,0.9961345195770264,419.1495666503906,232.11026000976562,0.7720106840133667,251.56536865234375,227.54409790039062,0.9707652926445007,461.1902160644531,353.5854187011719,0.9986308217048645,165.82774353027344,367.0822448730469,0.9942084550857544,577.5380249023438,466.6047668457031,0.45139163732528687,30.74932861328125,472.1329345703125,0.07161162793636322,539.2057495117188,474.52703857421875,0.012821938842535019,117.19837951660156,446.1812744140625,0.006195059046149254,403.36181640625,480.0,0.0006873442907817662,221.31927490234375,480.0,0.000344355299603194,426.2911682128906,460.87005615234375,0.0008784239762462676,222.09005737304688,466.7342529296875,0.0005356824840418994,392.4219970703125,469.469970703125,0.00047737741260789335,247.7599639892578,456.74615478515625,0.0003581435594242066
20,webcam-0__tcn__20260807-122153_raw_30fps,462,463,15.4,background,1,1,1,1,0,0,0,640,480,0.9434559345245361,0,1.6898193359375,83.11883544921875,609.4439697265625,478.9618835449219,342.87890625,270.1806945800781,0.9984880685806274,380.86334228515625,228.92648315429688,0.9952579140663147,304.36956787109375,226.19073486328125,0.9961153268814087,419.2413024902344,232.00076293945312,0.7763110995292664,251.61485290527344,227.18283081054688,0.9704681038856506,460.33026123046875,353.4361267089844,0.9987633228302002,166.3346405029297,365.4730224609375,0.9946827292442322,576.44091796875,465.7795104980469,0.5101364850997925,28.179229736328125,471.18389892578125,0.08397107571363449,549.1499633789062,474.7738037109375,0.013248154893517494,113.62771606445312,446.1065673828125,0.006035167258232832,402.3004150390625,480.0,0.0005956051172688603,221.24664306640625,480.0,0.00030162057373672724,425.8177490234375,461.52117919921875,0.0008085154113359749,221.43374633789062,466.5263671875,0.0005114536033943295,391.595703125,468.960205078125,0.0004560539382509887,247.1206512451172,455.7294616699219,0.0003520705795381218
20,webcam-0__tcn__20260807-122153_raw_30fps,463,464,15.433333333333334,background,1,1,1,1,0,0,0,640,480,0.9413207173347473,0,1.392120361328125,84.0443115234375,611.225341796875,478.927001953125,342.1701965332031,270.0906677246094,0.9984217882156372,379.9874267578125,228.95687866210938,0.9951714873313904,303.4632873535156,226.43087768554688,0.9960377216339111,418.1933898925781,232.14553833007812,0.7696940898895264,250.53558349609375,227.8765411376953,0.9699764847755432,459.60223388671875,353.63922119140625,0.9987039566040039,166.56576538085938,366.1421813964844,0.994666576385498,574.6399536132812,466.42864990234375,0.5221033096313477,26.951751708984375,470.3826599121094,0.09204212576150894,551.9116821289062,476.8335266113281,0.014153597876429558,109.28791809082031,447.61785888671875,0.006183922756463289,402.5428161621094,480.0,0.000676503055728972,221.31581115722656,480.0,0.00035178152029402554,425.2977294921875,462.0285949707031,0.0008829861180856824,219.29656982421875,467.36993408203125,0.0005722214700654149,391.74346923828125,468.67059326171875,0.0004754611582029611,244.9970703125,455.54791259765625,0.0003799301921389997
20,webcam-0__tcn__20260807-122153_raw_30fps,464,465,15.466666666666667,background,1,1,1,1,0,0,0,640,480,0.9413153529167175,0,2.151092529296875,83.07699584960938,611.36962890625,478.9165954589844,342.22064208984375,269.9060363769531,0.9984812140464783,380.0760498046875,228.59356689453125,0.995155930519104,303.4559631347656,226.2020263671875,0.9958784580230713,418.1800537109375,232.08749389648438,0.7621043920516968,250.36685180664062,228.08595275878906,0.9676286578178406,458.928955078125,353.7949523925781,0.9987358450889587,166.317138671875,366.4058837890625,0.9941040873527527,574.9349365234375,466.22113037109375,0.5178534984588623,28.776123046875,470.9402770996094,0.08060513436794281,551.4546508789062,477.1840515136719,0.014277108013629913,113.7421875,447.71923828125,0.006009876262396574,401.17230224609375,480.0,0.0006920089363120496,220.12550354003906,480.0,0.00034517323365435004,424.6736145019531,461.3121337890625,0.0008996238466352224,219.27288818359375,466.37774658203125,0.0005773219745606184,391.4559326171875,468.2334899902344,0.0004779825685545802,244.9338836669922,455.15411376953125,0.0003839220735244453
20,webcam-0__tcn__20260807-122153_raw_30fps,465,466,15.5,background,1,1,1,1,0,0,0,640,480,0.9387779235839844,0,1.480987548828125,84.0762939453125,607.737548828125,478.91058349609375,341.9451599121094,269.84490966796875,0.9983869791030884,379.6219177246094,228.5157470703125,0.9949883222579956,303.0253601074219,226.33837890625,0.9956977367401123,418.34393310546875,232.18875122070312,0.7821567058563232,250.24427795410156,228.6972198486328,0.9678516983985901,458.59271240234375,353.7947998046875,0.9987791180610657,167.09039306640625,366.077392578125,0.9941417574882507,574.4482421875,465.86260986328125,0.5406458973884583,30.1142578125,470.7334899902344,0.08496687561273575,550.3382568359375,476.5522155761719,0.01583228074014187,116.31288146972656,447.49310302734375,0.006543293129652739,400.99273681640625,480.0,0.0007423698552884161,220.67294311523438,480.0,0.00036456278758123517,426.1507873535156,461.0474548339844,0.000928096123971045,219.4373779296875,465.79876708984375,0.00057838304201141,393.2570495605469,469.0579528808594,0.0004875393642578274,245.38812255859375,455.869140625,0.00038247439078986645
20,webcam-0__tcn__20260807-122153_raw_30fps,466,467,15.533333333333333,background,1,1,1,1,0,0,0,640,480,0.9439408779144287,0,1.28326416015625,83.60910034179688,606.12646484375,478.95928955078125,341.81201171875,269.8320617675781,0.9983616471290588,379.51177978515625,228.5363006591797,0.9950927495956421,302.8457946777344,226.39138793945312,0.9955816864967346,418.03271484375,232.1123046875,0.7829127311706543,249.98287963867188,228.67144775390625,0.9661667943000793,458.012939453125,353.69305419921875,0.9987820982933044,167.8193817138672,365.04901123046875,0.9944236874580383,574.307373046875,467.3152770996094,0.5376580357551575,28.60150146484375,469.6159362792969,0.09395705163478851,551.6961669921875,475.5289306640625,0.016322296112775803,112.0389404296875,447.5303649902344,0.006795741617679596,400.54595947265625,480.0,0.0006810841150581837,220.8597412109375,480.0,0.0003466666676104069,424.6453857421875,461.412841796875,0.0009192383149638772,217.5343017578125,466.2198486328125,0.0005777617916464806,391.4812927246094,469.457275390625,0.0004864858346991241,243.6786346435547,455.950927734375,0.00037571071879938245
20,webcam-0__tcn__20260807-122153_raw_30fps,467,468,15.566666666666666,background,1,1,1,1,0,0,0,640,480,0.9428423643112183,0,0.876953125,83.71286010742188,605.4364624023438,478.9654846191406,342.35577392578125,269.15869140625,0.9984521865844727,379.8116149902344,228.13064575195312,0.994903564453125,303.4545593261719,225.6439208984375,0.9957634210586548,418.0291442871094,231.39923095703125,0.7536599636077881,249.91299438476562,227.42355346679688,0.9680403470993042,458.02642822265625,353.62115478515625,0.9987407326698303,166.77220153808594,366.72418212890625,0.9940488338470459,575.7249755859375,467.9158630371094,0.5140588283538818,29.831817626953125,470.77178955078125,0.08190702646970749,545.3948364257812,474.6812438964844,0.01685146987438202,116.39228820800781,447.5500183105469,0.0066648200154304504,400.6671142578125,480.0,0.0006717988289892673,220.39752197265625,480.0,0.00032950431341305375,426.64361572265625,460.6121826171875,0.0009199046180583537,220.0948486328125,466.7689514160156,0.0005428479053080082,393.24871826171875,469.7950134277344,0.0004991356981918216,246.0952911376953,456.807373046875,0.00036187490331940353
20,webcam-0__tcn__20260807-122153_raw_30fps,468,469,15.6,background,1,1,1,1,0,0,0,640,480,0.9440522193908691,0,1.115142822265625,83.59869384765625,604.958984375,479.01422119140625,341.92413330078125,269.40081787109375,0.9986431002616882,380.5836486816406,230.0506591796875,0.995394229888916,303.4474792480469,227.58074951171875,0.9955251812934875,418.4825744628906,232.49154663085938,0.765421450138092,249.66412353515625,228.12930297851562,0.960930585861206,457.40692138671875,353.23846435546875,0.9988331198692322,167.6509552001953,366.8563537597656,0.9939396381378174,575.8922119140625,468.3572998046875,0.5107800960540771,31.470916748046875,470.0384521484375,0.07843933999538422,544.1265869140625,473.48052978515625,0.01770874857902527,118.78378295898438,446.4886779785156,0.007498633116483688,400.8993835449219,480.0,0.0006722721154801548,221.57144165039062,480.0,0.0003231091541238129,427.12835693359375,460.6156921386719,0.0008545563905499876,221.95477294921875,466.4471740722656,0.0005112852086313069,394.15325927734375,470.0695495605469,0.0005244218627922237,247.82640075683594,457.2062072753906,0.00037864476325921714
20,webcam-0__tcn__20260807-122153_raw_30fps,469,470,15.633333333333333,background,1,1,1,1,0,0,0,640,480,0.9424900412559509,0,0.0,83.2763671875,604.0762329101562,478.9757080078125,341.5653076171875,269.1715087890625,0.9985117316246033,379.7831726074219,228.9781494140625,0.9952142238616943,303.10467529296875,226.18380737304688,0.9956549406051636,416.9173583984375,232.78749084472656,0.7626858949661255,249.4906463623047,227.94029235839844,0.9664952754974365,457.2303161621094,353.4755554199219,0.9987851977348328,167.18438720703125,366.8692626953125,0.9941100478172302,575.3958740234375,467.11968994140625,0.5464484095573425,30.154388427734375,468.73321533203125,0.09241712093353271,535.9039306640625,473.5606384277344,0.01752520725131035,114.42994689941406,446.3299255371094,0.007245429791510105,401.1261291503906,480.0,0.0006621992797590792,221.25335693359375,480.0,0.0003263144171796739,425.5940856933594,460.881103515625,0.0008598688873462379,220.87652587890625,467.4461364746094,0.0005238708108663559,391.6893310546875,469.92901611328125,0.0005010063759982586,246.8018798828125,457.2652587890625,0.00037354021333158016
20,webcam-0__tcn__20260807-122153_raw_30fps,470,471,15.666666666666666,background,1,1,1,1,0,0,0,640,480,0.9440945982933044,0,0.0,84.27899169921875,604.5294189453125,478.99029541015625,341.66046142578125,269.22210693359375,0.998485267162323,379.6593017578125,228.4203643798828,0.9950771927833557,303.3310852050781,225.72756958007812,0.9954684972763062,416.9110412597656,232.9678955078125,0.777452826499939,250.51914978027344,228.3149871826172,0.9672832489013672,457.8491516113281,354.2250061035156,0.998755693435669,165.76263427734375,367.8670654296875,0.9937426447868347,575.3695678710938,466.78509521484375,0.546497642993927,30.321441650390625,469.52618408203125,0.08182325959205627,539.219482421875,474.38946533203125,0.016790488734841347,116.59117126464844,445.39984130859375,0.006841696798801422,401.1255187988281,480.0,0.0006322755361907184,220.196533203125,480.0,0.00030520165455527604,425.92657470703125,460.66412353515625,0.0008848710567690432,221.742431640625,467.139404296875,0.000540727807674557,391.9581604003906,469.07244873046875,0.0004763691977132112,247.60736083984375,456.7286376953125,0.0003642834781203419
20,webcam-0__tcn__20260807-122153_raw_30fps,471,472,15.7,background,1,1,1,1,0,0,0,640,480,0.9440815448760986,0,0.0,84.59213256835938,605.3212890625,478.9669189453125,341.9402160644531,268.4881286621094,0.9984427094459534,379.62921142578125,227.94912719726562,0.9950044751167297,303.4980773925781,224.8955078125,0.9958716034889221,416.9725341796875,232.74331665039062,0.7651556730270386,250.1253662109375,227.49583435058594,0.9720093607902527,457.1932678222656,353.3972473144531,0.9987540245056152,166.7287139892578,367.5827941894531,0.9941638112068176,575.24560546875,465.3804931640625,0.5596042275428772,29.92767333984375,469.8492431640625,0.08565068989992142,543.7322998046875,474.5169677734375,0.017948299646377563,113.50666809082031,445.2483215332031,0.006457962095737457,400.5948181152344,480.0,0.0006219121860340238,220.87588500976562,480.0,0.00030673632863909006,423.89141845703125,460.23699951171875,0.0008837735513225198,220.51718139648438,466.86151123046875,0.000548936368431896,390.0854187011719,468.336181640625,0.00048528696061111987,245.56509399414062,455.8868103027344,0.00038156824302859604
20,webcam-0__tcn__20260807-122153_raw_30fps,472,473,15.733333333333333,background,1,1,1,1,0,0,0,640,480,0.9404461979866028,0,0.0,84.26077270507812,604.6251220703125,478.9335632324219,341.785400390625,268.2091064453125,0.9985435009002686,379.5321350097656,227.48533630371094,0.9953203797340393,303.42230224609375,224.53244018554688,0.9958938360214233,417.1549072265625,232.37974548339844,0.7783413529396057,250.5782470703125,227.2845916748047,0.9702090620994568,457.82843017578125,353.7151794433594,0.998803973197937,167.193603515625,367.7354431152344,0.9941218495368958,574.427001953125,465.067138671875,0.5922179818153381,29.681121826171875,470.2813415527344,0.08706793934106827,545.129150390625,475.0319519042969,0.01915118470788002,116.48799133300781,445.4150390625,0.006568781565874815,401.3241271972656,480.0,0.0006532036350108683,221.5980682373047,480.0,0.00031845219200477004,425.16790771484375,460.11407470703125,0.0009105912176892161,221.05709838867188,466.4424133300781,0.0005785870598629117,391.5159912109375,468.093994140625,0.0004780133021995425,246.58120727539062,455.836181640625,0.0003879407304339111
20,webcam-0__tcn__20260807-122153_raw_30fps,473,474,15.766666666666667,background,1,1,1,1,0,0,0,640,480,0.9375410079956055,0,0.358062744140625,84.30831909179688,604.3585205078125,478.94110107421875,341.5911560058594,267.80438232421875,0.9986444115638733,379.31097412109375,227.2503204345703,0.9954421520233154,303.2283935546875,224.213134765625,0.9960572719573975,417.1048278808594,232.23292541503906,0.7761438488960266,250.23904418945312,227.02252197265625,0.969900369644165,458.491943359375,354.1107177734375,0.9987828135490417,166.45242309570312,368.41839599609375,0.9935599565505981,575.2737426757812,465.6736755371094,0.5596222877502441,32.40789794921875,470.942138671875,0.07436751574277878,543.7188720703125,474.21026611328125,0.01854931190609932,119.54568481445312,444.96112060546875,0.0063764252699911594,401.572509765625,480.0,0.0006203835946507752,221.05938720703125,480.0,0.0002943054132629186,426.5949401855469,460.5546569824219,0.000901796855032444,222.99066162109375,466.596923828125,0.0005536030512303114,393.5179443359375,468.22454833984375,0.00048133975360542536,248.69207763671875,456.08599853515625,0.0003792666830122471
20,webcam-0__tcn__20260807-122153_raw_30fps,474,475,15.8,background,1,1,1,1,0,0,0,640,480,0.9407036304473877,0,0.558074951171875,85.3487548828125,603.0257568359375,478.9386291503906,341.9022216796875,267.4732971191406,0.998649537563324,379.3874816894531,226.78045654296875,0.9955253005027771,303.5453186035156,223.87831115722656,0.9959750771522522,417.1030578613281,231.69253540039062,0.7759210467338562,250.93179321289062,226.81137084960938,0.967646062374115,458.1898498535156,353.7786865234375,0.9987809062004089,166.56973266601562,368.07354736328125,0.9939165711402893,575.6201171875,464.177490234375,0.5544628500938416,31.94940185546875,471.03460693359375,0.0770147442817688,538.1326904296875,474.2041015625,0.015391753055155277,117.52107238769531,445.5306701660156,0.0060666585341095924,402.1600646972656,480.0,0.0006799656548537314,221.9550323486328,480.0,0.0003229801368433982,427.3026123046875,460.09765625,0.0009295819909311831,222.89064025878906,466.6820983886719,0.0005677590379491448,393.13323974609375,468.4718933105469,0.00048075642553158104,248.59066772460938,456.17822265625,0.00037770019844174385
20,webcam-0__tcn__20260807-122153_raw_30fps,475,476,15.833333333333334,background,1,1,1,1,0,0,0,640,480,0.943294107913971,0,0.4503173828125,84.33389282226562,603.2711181640625,478.96063232421875,341.80865478515625,267.2442932128906,0.9985997080802917,379.35321044921875,226.89410400390625,0.9955119490623474,303.58502197265625,223.82652282714844,0.9960741996765137,416.99700927734375,232.06658935546875,0.7828767895698547,250.78887939453125,226.80429077148438,0.9702774286270142,458.70556640625,353.9928894042969,0.9987842440605164,167.50624084472656,367.70062255859375,0.9940788745880127,575.7894897460938,465.0874938964844,0.5634845495223999,31.127716064453125,470.5476379394531,0.08578646928071976,537.95654296875,472.959716796875,0.01705756038427353,116.58811950683594,446.3557434082031,0.00640815868973732,402.3050537109375,480.0,0.0006608841358684003,222.48095703125,480.0,0.00031888054218143225,427.29638671875,460.1739807128906,0.0009367932216264307,221.92941284179688,466.6864013671875,0.0005678593879565597,393.34405517578125,468.9498596191406,0.0004946312983520329,247.736572265625,456.5545654296875,0.0003810188209172338
20,webcam-0__tcn__20260807-122153_raw_30fps,476,477,15.866666666666667,background,1,1,1,1,0,0,0,640,480,0.9404980540275574,0,0.0,84.7999267578125,605.2361450195312,478.9759521484375,342.4996337890625,267.2894592285156,0.998634397983551,380.2091979980469,226.66976928710938,0.9955724477767944,303.87554931640625,223.75311279296875,0.9961407780647278,418.18841552734375,231.87124633789062,0.7794853448867798,250.53103637695312,226.95803833007812,0.970055341720581,458.4657287597656,354.4523010253906,0.9987192153930664,165.68392944335938,368.7377624511719,0.9937155842781067,576.3796997070312,466.260009765625,0.545866847038269,30.421661376953125,470.34088134765625,0.07827295362949371,539.8016357421875,473.75421142578125,0.015295878052711487,114.00521850585938,447.1910705566406,0.00602737395092845,400.5560302734375,480.0,0.00066743342904374,220.18258666992188,480.0,0.00032076763454824686,424.0968017578125,459.697998046875,0.0009403770673088729,220.208740234375,466.7120361328125,0.0005702765774913132,390.2977600097656,468.3348388671875,0.0004924047971144319,245.35076904296875,456.3388366699219,0.00038444894016720355
20,webcam-0__tcn__20260807-122153_raw_30fps,477,478,15.9,background,1,1,1,1,0,0,0,640,480,0.8967230319976807,0,0.0,84.61727905273438,605.4585571289062,478.96331787109375,343.1545104980469,267.1932678222656,0.9985846281051636,380.60968017578125,226.73016357421875,0.9955949187278748,304.3749084472656,223.68521118164062,0.99611496925354,418.30828857421875,231.8113555908203,0.7662659883499146,250.52029418945312,226.7169189453125,0.9691564440727234,459.4523010253906,354.8160095214844,0.9986568689346313,168.33255004882812,367.0049743652344,0.994084894657135,576.5353393554688,465.9366455078125,0.513060450553894,29.56292724609375,468.960693359375,0.09438077360391617,534.4337158203125,473.4543151855469,0.015779977664351463,114.96823120117188,447.8299255371094,0.0070668598636984825,401.39288330078125,480.0,0.0007172484183683991,221.36734008789062,480.0,0.0003651147417258471,423.9557189941406,460.33209228515625,0.0009796596132218838,217.86642456054688,467.0679931640625,0.000614223419688642,390.1777038574219,469.91619873046875,0.0005258594173938036,242.56097412109375,457.3904113769531,0.0004009511321783066
20,webcam-0__tcn__20260807-122153_raw_30fps,478,479,15.933333333333334,background,1,1,2,2,0,0,0,640,480,0.724686861038208,0,0.0,84.491455078125,605.7161865234375,478.9615478515625,343.1571044921875,267.1961364746094,0.998590886592865,380.6028747558594,226.693115234375,0.9955959916114807,304.3631896972656,223.733642578125,0.9961330890655518,418.35333251953125,231.82095336914062,0.7680392265319824,250.63360595703125,226.913330078125,0.9691367149353027,459.58245849609375,354.7874450683594,0.998640239238739,168.08404541015625,367.2601013183594,0.9941164255142212,576.421142578125,465.646484375,0.5115245580673218,29.380126953125,468.7502136230469,0.09395349770784378,534.886474609375,472.93206787109375,0.015509195625782013,114.06413269042969,448.04022216796875,0.00692910049110651,401.4710388183594,480.0,0.0007235489902086556,221.1446075439453,480.0,0.00036785966949537396,424.19573974609375,460.39447021484375,0.0009878516430035233,217.87185668945312,467.2476806640625,0.000615425524301827,390.46685791015625,469.8985595703125,0.0005258101155050099,242.6580810546875,457.4537658691406,0.0003999805194325745
20,webcam-0__tcn__20260807-122153_raw_30fps,478,479,15.933333333333334,background,1,1,2,2,1,1,1,640,480,0.3301748037338257,0,2.671844482421875,84.81942749023438,606.22998046875,479.6076354980469,343.40155029296875,267.891845703125,0.9990381002426147,379.94219970703125,227.25286865234375,0.9969807267189026,304.5880432128906,224.07647705078125,0.9970532655715942,417.15252685546875,231.67918395996094,0.7824898362159729,251.2595977783203,226.60360717773438,0.9724385738372803,457.0562744140625,355.42352294921875,0.9989173412322998,171.0317840576172,366.00433349609375,0.9952770471572876,579.1861572265625,466.2829895019531,0.5693204402923584,26.71630859375,467.9659423828125,0.09045848250389099,536.3228149414062,471.96563720703125,0.013254278339445591,109.76698303222656,450.9366455078125,0.005082449875771999,399.5982360839844,480.0,0.0005414624465629458,222.2127685546875,480.0,0.000253381411312148,430.0928649902344,461.535400390625,0.0012382999993860722,217.17959594726562,469.7545166015625,0.0006681080558337271,392.4610900878906,478.28363037109375,0.0005324713420122862,245.57821655273438,463.0819396972656,0.00035813162685371935
20,webcam-0__tcn__20260807-122153_raw_30fps,479,480,15.966666666666667,background,1,1,1,1,0,0,0,640,480,0.9169196486473083,0,0.69366455078125,84.77957153320312,605.2667236328125,478.9503479003906,343.9769287109375,267.6922607421875,0.99866783618927,381.2193908691406,227.4447021484375,0.9957797527313232,305.09417724609375,224.22373962402344,0.9959165453910828,419.5386657714844,232.0315704345703,0.7650232315063477,251.15109252929688,226.71151733398438,0.9638025760650635,459.7086486816406,354.6869201660156,0.998626708984375,166.32611083984375,368.2992858886719,0.9937724471092224,576.349365234375,466.5468444824219,0.4957667887210846,30.652313232421875,470.9324951171875,0.0769643560051918,533.996826171875,472.9905090332031,0.01432129181921482,113.4246826171875,447.24139404296875,0.00605699373409152,400.9147033691406,480.0,0.000643706473056227,220.3591766357422,480.0,0.0003119962348137051,423.1356506347656,460.3189697265625,0.0009449953213334084,219.27198791503906,467.31243896484375,0.0005549518391489983,389.2646484375,469.5939636230469,0.0004945230903103948,243.30889892578125,457.2093505859375,0.00036461662966758013
20,webcam-0__tcn__20260807-122153_raw_30fps,480,481,16.0,background,1,1,1,1,0,0,0,640,480,0.9028976559638977,0,0.773529052734375,84.6427001953125,605.273193359375,478.96392822265625,343.95703125,267.7060546875,0.9986605644226074,381.2300720214844,227.43711853027344,0.9957259893417358,305.121826171875,224.22459411621094,0.9958853125572205,419.53497314453125,232.0361328125,0.7662728428840637,251.26943969726562,226.71983337402344,0.9636695981025696,459.9311218261719,354.6519470214844,0.9985986351966858,166.41827392578125,368.206298828125,0.9937334656715393,576.8610229492188,467.1706848144531,0.4803171753883362,30.99066162109375,471.5361022949219,0.07469203323125839,532.4600830078125,472.89605712890625,0.014711270108819008,114.758544921875,447.1415100097656,0.006153298541903496,400.9588317871094,480.0,0.0006481116288341582,220.09207153320312,480.0,0.0003149630210828036,423.3888244628906,460.1733093261719,0.0009452190715819597,219.1582794189453,467.089111328125,0.0005519218393601477,389.4522705078125,469.65777587890625,0.0004957322380505502,243.22097778320312,457.2384033203125,0.0003619466442614794
20,webcam-0__tcn__20260807-122153_raw_30fps,481,482,16.033333333333335,background,1,1,1,1,0,0,0,640,480,0.9440415501594543,0,0.0,85.39935302734375,603.4719848632812,478.96270751953125,344.4036560058594,267.8187561035156,0.998620867729187,381.8734130859375,227.64437866210938,0.9957999587059021,305.6242980957031,224.39605712890625,0.9962989687919617,420.019287109375,231.31700134277344,0.7566961646080017,251.99929809570312,225.80596923828125,0.9659497737884521,460.8411865234375,354.3219909667969,0.9985588192939758,166.5548553466797,366.2974853515625,0.9947413206100464,574.389404296875,467.355712890625,0.5109961628913879,28.446075439453125,468.6067199707031,0.10327370464801788,530.117431640625,473.0424499511719,0.013101317919790745,109.73794555664062,448.1802978515625,0.006976651027798653,402.7171936035156,480.0,0.0006072193500585854,220.56329345703125,480.0,0.0003249524743296206,425.8914794921875,462.16351318359375,0.0008305407245643437,217.82159423828125,468.86737060546875,0.0005414320039562881,390.24334716796875,470.7611083984375,0.00046110604307614267,243.4230194091797,458.159423828125,0.000359782250598073
20,webcam-0__tcn__20260807-122153_raw_30fps,482,483,16.066666666666666,background,1,1,1,1,0,0,0,640,480,0.9419670104980469,0,0.0,85.21563720703125,604.0468139648438,478.92120361328125,344.3296203613281,267.7783203125,0.9985862970352173,381.8458251953125,227.63075256347656,0.9958315491676331,305.6361083984375,224.37921142578125,0.9960601925849915,420.23004150390625,231.52976989746094,0.7655563354492188,252.31777954101562,225.9129638671875,0.963954746723175,460.55450439453125,354.06768798828125,0.9986741542816162,167.48118591308594,365.6569519042969,0.9948546886444092,574.197998046875,466.33416748046875,0.5522433519363403,28.106842041015625,468.9638671875,0.1092718243598938,539.7745361328125,474.4029235839844,0.013016022741794586,108.94990539550781,448.5617980957031,0.006963125895708799,403.94287109375,480.0,0.0006366439629346132,222.68687438964844,480.0,0.000334806099999696,428.64459228515625,462.12298583984375,0.000864741625264287,219.60397338867188,468.55377197265625,0.0005684149800799787,392.8049621582031,470.5224609375,0.0004586557624861598,245.17208862304688,457.65740966796875,0.000363908737199381
20,webcam-0__tcn__20260807-122153_raw_30fps,483,484,16.1,background,1,1,2,2,0,0,0,640,480,0.6401245594024658,0,2.566619873046875,86.58120727539062,604.94287109375,479.58642578125,344.2901916503906,268.571044921875,0.9990687966346741,381.08404541015625,228.5360107421875,0.9972104430198669,306.0625,224.901123046875,0.9968633651733398,418.87969970703125,231.82179260253906,0.7950284481048584,253.71725463867188,225.5470733642578,0.9650550484657288,458.3885803222656,355.69256591796875,0.9989418387413025,169.64520263671875,365.8496398925781,0.9958301186561584,576.8507080078125,467.2670593261719,0.6151648163795471,24.998626708984375,467.8326416015625,0.09966269135475159,539.03759765625,475.6097106933594,0.01074775867164135,103.9671630859375,450.6841735839844,0.004761289805173874,402.6129455566406,480.0,0.00046199437929317355,223.8687744140625,480.0,0.00021847523748874664,433.7708435058594,463.6410827636719,0.0010657304665073752,219.3855438232422,471.15576171875,0.0005843226099386811,395.4609375,478.3664855957031,0.0004571257159113884,249.20632934570312,462.5997009277344,0.000316902733175084
20,webcam-0__tcn__20260807-122153_raw_30fps,483,484,16.1,background,1,1,2,2,1,1,1,640,480,0.3045502305030823,0,0.0,85.88970947265625,604.4337158203125,478.921142578125,343.9749755859375,267.83868408203125,0.9986401200294495,381.6990966796875,227.96205139160156,0.9958869814872742,305.8066711425781,224.5729217529297,0.9959532022476196,420.0860290527344,231.97909545898438,0.7811146974563599,253.14736938476562,225.91571044921875,0.9622986912727356,461.23480224609375,355.071533203125,0.9986540079116821,166.92025756835938,367.1800537109375,0.9947596192359924,574.064697265625,466.53131103515625,0.557189404964447,27.451568603515625,468.7948303222656,0.10291212052106857,537.4800415039062,476.2469482421875,0.01303929090499878,108.41709899902344,447.7055969238281,0.006644913926720619,403.88958740234375,480.0,0.0006263194954954088,222.22830200195312,480.0,0.0003229989088140428,427.18524169921875,461.9261474609375,0.0008630887605249882,219.59771728515625,468.445556640625,0.0005582513404078782,392.8476867675781,469.78045654296875,0.000458494178019464,245.69346618652344,457.11199951171875,0.00036497620749287307
20,webcam-0__tcn__20260807-122153_raw_30fps,484,485,16.133333333333333,background,1,1,1,1,0,0,0,640,480,0.9399045705795288,0,0.0,86.25088500976562,605.734130859375,478.9555358886719,344.19537353515625,268.4111633300781,0.9985590577125549,381.5978698730469,228.74966430664062,0.9957399368286133,305.550537109375,225.69973754882812,0.996232807636261,419.9041442871094,232.1251678466797,0.7731271982192993,252.04769897460938,226.9351806640625,0.9685367345809937,461.50982666015625,354.52874755859375,0.9986660480499268,167.44635009765625,366.5455322265625,0.9947283864021301,572.5401000976562,466.45367431640625,0.5369981527328491,27.08026123046875,469.1846923828125,0.09980880469083786,540.8226318359375,474.92041015625,0.01262374222278595,106.45907592773438,446.6205139160156,0.006789719220250845,404.2492980957031,480.0,0.0005950422491878271,222.80154418945312,480.0,0.00031252490589395165,426.35198974609375,461.84637451171875,0.0008281323243863881,218.80001831054688,468.0477294921875,0.0005503951688297093,391.54046630859375,469.821044921875,0.00046457338612526655,244.23529052734375,456.5927734375,0.0003793673822656274
20,webcam-0__tcn__20260807-122153_raw_30fps,485,486,16.166666666666668,background,1,1,1,1,0,0,0,640,480,0.9439273476600647,0,0.0,85.96890258789062,606.1942749023438,478.966796875,344.146728515625,268.3540344238281,0.99863201379776,381.2886047363281,228.7938232421875,0.9957082271575928,305.7131042480469,225.8818817138672,0.9962687492370605,418.9752502441406,231.94500732421875,0.7667754888534546,252.157958984375,227.11312866210938,0.9696086645126343,461.3155517578125,354.4651794433594,0.9986452460289001,165.66287231445312,368.26470947265625,0.9942917823791504,573.4226684570312,467.5357971191406,0.5158208608627319,28.36834716796875,470.99945068359375,0.08033479005098343,541.2216186523438,474.76873779296875,0.013774393126368523,108.758544921875,446.57623291015625,0.006356028374284506,405.09918212890625,480.0,0.0005966110620647669,222.97650146484375,480.0,0.00030303059611469507,427.6708984375,461.1185302734375,0.0008495296351611614,220.996337890625,468.2227478027344,0.0005385209806263447,392.75946044921875,469.361328125,0.0004599444509949535,246.85952758789062,456.6624450683594,0.00036465609446167946
20,webcam-0__tcn__20260807-122153_raw_30fps,486,487,16.2,background,1,1,1,1,0,0,0,640,480,0.9444185495376587,0,0.0,85.4827880859375,606.429443359375,478.94140625,343.5440368652344,268.4999084472656,0.9986264705657959,381.021240234375,228.7681427001953,0.9958030581474304,305.45343017578125,225.78155517578125,0.995850682258606,418.7347412109375,232.22579956054688,0.7774441838264465,252.73822021484375,227.03720092773438,0.9630627632141113,461.5421142578125,354.89239501953125,0.9986593723297119,167.04209899902344,367.5404052734375,0.994712769985199,572.8529052734375,467.43682861328125,0.5094267129898071,27.282806396484375,470.1519470214844,0.09193839132785797,538.8958740234375,475.1468811035156,0.012981452979147434,109.66484069824219,446.689453125,0.00670499075204134,405.62359619140625,480.0,0.0005887793959118426,223.9384307861328,480.0,0.00030645247898064554,425.76611328125,461.484130859375,0.00085327128181234,219.43148803710938,468.0322265625,0.0005435227649286389,390.7019958496094,469.6126708984375,0.0004740878939628601,245.8560791015625,456.96307373046875,0.0003634369059000164
20,webcam-0__tcn__20260807-122153_raw_30fps,487,488,16.233333333333334,background,1,1,1,1,0,0,0,640,480,0.9443238377571106,0,1.218841552734375,85.72628784179688,609.1141967773438,478.93853759765625,343.5643310546875,267.77655029296875,0.9986673593521118,380.7054748535156,228.5016326904297,0.9957311749458313,305.6094970703125,225.62472534179688,0.9957939386367798,418.75341796875,232.24444580078125,0.7841429710388184,253.30145263671875,227.36083984375,0.9633591771125793,460.462646484375,354.62811279296875,0.9986845850944519,165.0898895263672,369.3667297363281,0.9941547513008118,573.413818359375,466.7950439453125,0.50577712059021,28.703277587890625,470.86126708984375,0.06824500858783722,543.7647094726562,475.72869873046875,0.012485959567129612,110.89889526367188,445.58294677734375,0.005838609766215086,403.6119384765625,480.0,0.0005890010506846011,221.28956604003906,480.0,0.00028714686050079763,426.6426086425781,460.72918701171875,0.000846347538754344,221.80584716796875,467.63604736328125,0.0005281696794554591,391.64874267578125,468.1744079589844,0.00045500960550270975,247.25070190429688,455.9635009765625,0.0003604005032684654
20,webcam-0__tcn__20260807-122153_raw_30fps,488,489,16.266666666666666,background,1,1,1,1,0,0,0,640,480,0.9433274269104004,0,0.76715087890625,85.31121826171875,608.8151245117188,478.95379638671875,343.5465393066406,267.82720947265625,0.9985482096672058,380.287109375,228.21578979492188,0.9956802129745483,305.4505615234375,225.5712890625,0.9959509372711182,418.0557556152344,231.86474609375,0.7806407809257507,253.08987426757812,227.51812744140625,0.9660574197769165,459.8809814453125,354.15594482421875,0.9986938834190369,167.94334411621094,366.78924560546875,0.9947156310081482,574.1295776367188,466.1281433105469,0.5172474980354309,27.3182373046875,468.6927795410156,0.0941101536154747,542.047607421875,475.78594970703125,0.01217689085751772,110.13020324707031,446.50762939453125,0.006576247047632933,403.1958923339844,480.0,0.000600767380092293,222.79177856445312,480.0,0.00031251422478817403,425.3547058105469,461.1843566894531,0.0008373208693228662,220.16648864746094,467.3657531738281,0.0005434300401248038,390.1368408203125,469.00445556640625,0.0004772124520968646,244.94863891601562,455.832275390625,0.00037625551340170205
20,webcam-0__tcn__20260807-122153_raw_30fps,489,490,16.3,background,1,1,1,1,0,0,0,640,480,0.9426693320274353,0,1.091033935546875,84.72726440429688,608.006591796875,478.94427490234375,343.13671875,267.2049865722656,0.9985905289649963,380.3494567871094,227.92776489257812,0.9957538843154907,305.35552978515625,225.12185668945312,0.9956793189048767,417.6897888183594,231.77655029296875,0.7859082818031311,253.01763916015625,226.86480712890625,0.9637088179588318,459.5906066894531,354.0056457519531,0.9987332224845886,167.80047607421875,366.3244323730469,0.9945865869522095,574.224609375,465.70550537109375,0.5324416756629944,27.44952392578125,469.8199157714844,0.0933351218700409,542.6492919921875,476.04345703125,0.013153103180229664,111.05232238769531,446.81597900390625,0.0065419357270002365,402.7955627441406,480.0,0.0006599652115255594,222.84188842773438,480.0,0.000339023070409894,425.2400207519531,460.7589111328125,0.0008621924789622426,221.0526123046875,466.3443908691406,0.0005809537833556533,390.95166015625,468.76483154296875,0.0004840393376071006,245.40081787109375,455.69915771484375,0.0004032360448036343
20,webcam-0__tcn__20260807-122153_raw_30fps,490,491,16.333333333333332,background,1,1,1,1,0,0,0,640,480,0.9446973204612732,0,0.692169189453125,85.64776611328125,608.887939453125,478.9429931640625,343.0898742675781,266.5157165527344,0.998591959476471,379.90960693359375,227.9435272216797,0.9958027005195618,305.17022705078125,225.02352905273438,0.9958741068840027,416.76654052734375,231.86305236816406,0.7791610956192017,252.1037139892578,226.88633728027344,0.9672614932060242,459.2261962890625,353.6225280761719,0.9987965822219849,167.71121215820312,365.8740539550781,0.9946857690811157,573.9736328125,466.3365478515625,0.5375939607620239,27.529144287109375,469.78240966796875,0.09820383042097092,544.0176391601562,477.2005310058594,0.012619268149137497,109.86575317382812,445.5770568847656,0.006849133875221014,403.38238525390625,480.0,0.0006152888527140021,223.6104736328125,480.0,0.0003226296103093773,424.8555908203125,461.5680236816406,0.0008497166563756764,219.79776000976562,467.17669677734375,0.0005879138479940593,391.17718505859375,469.38470458984375,0.00048159321886487305,244.925048828125,455.939208984375,0.00041043906821869314
20,webcam-0__tcn__20260807-122153_raw_30fps,491,492,16.366666666666667,background,1,1,1,1,0,0,0,640,480,0.9444572329521179,0,0.795013427734375,85.52072143554688,609.2300415039062,478.94085693359375,343.2322082519531,266.5593566894531,0.9986028075218201,379.9083557128906,227.982421875,0.9957952499389648,305.1673278808594,225.2012939453125,0.9959858059883118,417.18310546875,231.2535400390625,0.780841588973999,251.91482543945312,226.6434326171875,0.9682565927505493,459.69091796875,354.0870666503906,0.9988113641738892,167.84194946289062,366.587158203125,0.9945710301399231,574.676513671875,465.8106994628906,0.5327271223068237,28.818939208984375,469.17755126953125,0.0921560749411583,544.9024047851562,476.6652526855469,0.013424837030470371,113.30386352539062,445.9290771484375,0.006596151739358902,403.62200927734375,480.0,0.0006472268141806126,224.16619873046875,480.0,0.00033508645719848573,425.6619873046875,460.94775390625,0.0008656769059598446,221.1407012939453,466.7970886230469,0.0005843599792569876,392.2843933105469,469.37060546875,0.0005015138303861022,246.1409912109375,456.0420227050781,0.0004148937587160617
20,webcam-0__tcn__20260807-122153_raw_30fps,492,493,16.4,background,1,1,1,1,0,0,0,640,480,0.9446290135383606,0,0.83184814453125,84.87875366210938,608.086669921875,478.96319580078125,342.94110107421875,266.4465026855469,0.9986298084259033,379.9111022949219,228.05674743652344,0.9957885146141052,305.2904968261719,225.21670532226562,0.9960189461708069,417.07904052734375,231.99273681640625,0.7936558127403259,252.77005004882812,227.11203002929688,0.9687336087226868,460.4490966796875,353.8028869628906,0.9987953901290894,167.36854553222656,366.8475341796875,0.9946622252464294,574.67626953125,466.0438232421875,0.54879230260849,28.78619384765625,468.84344482421875,0.0918993279337883,546.2433471679688,476.5879211425781,0.014173591509461403,112.02072143554688,446.1995544433594,0.0065984707325696945,404.46282958984375,480.0,0.0006831692298874259,224.42974853515625,480.0,0.0003543544153217226,426.3538513183594,460.083984375,0.0008853690233081579,221.58132934570312,466.49774169921875,0.000593296077568084,393.3446350097656,468.92938232421875,0.0004971561138518155,247.31851196289062,455.9453125,0.0004128728760406375
20,webcam-0__tcn__20260807-122153_raw_30fps,493,494,16.433333333333334,background,1,1,1,1,0,0,0,640,480,0.9426551461219788,0,0.0,86.27389526367188,609.2047119140625,478.8669128417969,342.78656005859375,265.8820495605469,0.9985975623130798,379.8031005859375,227.2164306640625,0.9956225752830505,305.034912109375,224.66250610351562,0.9956738352775574,417.7066650390625,231.74072265625,0.8135386109352112,253.50625610351562,227.42758178710938,0.9654529094696045,461.0179138183594,354.1596374511719,0.9987536668777466,165.16287231445312,367.6845703125,0.9949471354484558,574.6804809570312,465.8387756347656,0.5512860417366028,27.760345458984375,469.86431884765625,0.08581001311540604,556.3475952148438,475.89239501953125,0.013692722655832767,107.31427001953125,445.3502197265625,0.006289824843406677,404.31219482421875,480.0,0.0007249881164170802,223.0743408203125,480.0,0.0003843908489216119,423.2298583984375,460.3976135253906,0.0009044402395375073,218.07403564453125,467.0361328125,0.0006123660714365542,390.0392150878906,467.87371826171875,0.000462265481473878,245.39816284179688,455.5191345214844,0.00039327965350821614
20,webcam-0__tcn__20260807-122153_raw_30fps,494,495,16.466666666666665,background,1,1,1,1,0,0,0,640,480,0.9395219087600708,0,0.10369873046875,87.240234375,609.1829833984375,478.87457275390625,342.8671875,265.88739013671875,0.9985847473144531,379.9042663574219,227.10556030273438,0.9956381916999817,305.0213317871094,224.57675170898438,0.995672345161438,417.85772705078125,231.57785034179688,0.8157476782798767,253.44277954101562,227.3736572265625,0.9649845957756042,461.12628173828125,353.77960205078125,0.9987456798553467,164.9997100830078,367.5916442871094,0.9949349761009216,575.0545043945312,466.19610595703125,0.5530416369438171,28.22869873046875,469.5140075683594,0.08811639249324799,553.66552734375,475.3615417480469,0.013126649893820286,106.07106018066406,446.07763671875,0.0062636518850922585,404.63427734375,480.0,0.0007170553435571492,223.1020965576172,480.0,0.0003784343716688454,424.0825500488281,460.53277587890625,0.0009166568634100258,217.53143310546875,467.4405212402344,0.0006070813979022205,390.65771484375,468.53643798828125,0.0004604147397913039,244.89146423339844,456.1917724609375,0.0003856887633446604
20,webcam-0__tcn__20260807-122153_raw_30fps,495,496,16.5,background,1,1,1,1,0,0,0,640,480,0.9437586069107056,0,0.239959716796875,86.61837768554688,608.6199951171875,478.8768615722656,342.8251647949219,265.80181884765625,0.9985589385032654,379.8226623535156,227.10086059570312,0.99544358253479,305.0055236816406,224.59573364257812,0.995763897895813,417.68402099609375,231.84072875976562,0.8121995329856873,253.396484375,227.68646240234375,0.9676105976104736,461.2505187988281,353.834228515625,0.9987223744392395,165.4220733642578,367.5884094238281,0.9948868155479431,574.7955322265625,466.55908203125,0.5533990859985352,28.68890380859375,469.48419189453125,0.08709697425365448,554.8880615234375,474.1949768066406,0.015436042100191116,106.33915710449219,445.45635986328125,0.006363658234477043,404.5426025390625,480.0,0.0007053803419694304,222.98321533203125,480.0,0.00036883074790239334,425.12066650390625,460.7514343261719,0.0009310853783972561,218.4742431640625,467.324951171875,0.0006012218655087054,391.4902648925781,468.4242248535156,0.0004649594775401056,245.65692138671875,456.04486083984375,0.0003797715762630105
20,webcam-0__tcn__20260807-122153_raw_30fps,496,497,16.533333333333335,background,1,1,1,1,0,0,0,640,480,0.9440481662750244,0,0.0,86.24658203125,608.5432739257812,478.889892578125,342.759765625,265.7727355957031,0.9985529780387878,379.78448486328125,227.23892211914062,0.9953710436820984,305.0751037597656,224.75,0.9957810640335083,417.6041564941406,232.16482543945312,0.8129351735115051,253.6634521484375,227.97897338867188,0.9675103425979614,461.6695251464844,353.82208251953125,0.9987359642982483,166.6248321533203,366.4547119140625,0.9949217438697815,575.2598876953125,467.37847900390625,0.5446812510490417,30.230712890625,468.4686279296875,0.09161517769098282,551.9208984375,474.3099060058594,0.015944158658385277,107.19821166992188,446.1894836425781,0.006582676898688078,404.2956848144531,480.0,0.0007109033176675439,222.83401489257812,480.0,0.0003725391288753599,425.972412109375,461.0672302246094,0.0009256891789846122,219.02598571777344,467.15594482421875,0.000589683826547116,391.7627868652344,469.1912841796875,0.00048271974083036184,245.34799194335938,456.58251953125,0.0003790326591115445
20,webcam-0__tcn__20260807-122153_raw_30fps,497,498,16.566666666666666,background,1,1,1,1,0,0,0,640,480,0.943972647190094,0,0.3406982421875,85.22100830078125,608.2713623046875,478.9181823730469,342.3748474121094,265.2577209472656,0.9985515475273132,379.240234375,226.72882080078125,0.9951648712158203,304.5544128417969,224.24981689453125,0.9958049058914185,416.7341613769531,231.3651885986328,0.788559079170227,252.62979125976562,227.31863403320312,0.968048095703125,460.6220703125,352.89617919921875,0.998770534992218,166.39523315429688,366.2456970214844,0.9948351383209229,575.9317016601562,467.1319885253906,0.5544117093086243,29.372100830078125,468.41278076171875,0.09409753978252411,554.481201171875,473.830322265625,0.01686790958046913,107.57463073730469,446.644287109375,0.006685453001409769,403.8140563964844,480.0,0.0006801733979955316,222.48733520507812,480.0,0.00035355822183191776,426.3428039550781,462.0943908691406,0.0008915051002986729,219.32388305664062,468.25665283203125,0.0005577774718403816,392.38934326171875,469.937744140625,0.000486941629787907,245.86007690429688,457.43658447265625,0.000372970913304016
20,webcam-0__tcn__20260807-122153_raw_30fps,498,499,16.6,background,1,1,1,1,0,0,0,640,480,0.9100063443183899,0,0.437347412109375,85.1446533203125,607.7847900390625,478.8951416015625,342.1775207519531,265.2349853515625,0.9985013008117676,379.3822937011719,226.7154998779297,0.9950238466262817,304.28314208984375,224.0084686279297,0.9958900809288025,417.1411437988281,231.84396362304688,0.7918194532394409,252.26461791992188,227.22024536132812,0.9707372784614563,460.27581787109375,352.6991882324219,0.9988130331039429,167.0235595703125,365.6034851074219,0.9948423504829407,575.8436889648438,466.8590393066406,0.5773686170578003,29.15423583984375,468.86895751953125,0.09618929773569107,558.6969604492188,476.3814392089844,0.016644923016428947,109.694580078125,446.8028869628906,0.006755744572728872,403.78594970703125,480.0,0.000692729139700532,223.02383422851562,480.0,0.00036062372964806855,426.3880615234375,462.2945556640625,0.0008747218525968492,219.8680877685547,467.78759765625,0.0005699065513908863,393.4402770996094,469.5680847167969,0.0004874438454862684,246.735107421875,457.0284423828125,0.00039115254185162485
20,webcam-0__tcn__20260807-122153_raw_30fps,499,500,16.633333333333333,background,1,1,1,1,0,0,0,640,480,0.9238005876541138,0,0.39764404296875,84.9962158203125,607.8236083984375,478.9052734375,342.10931396484375,265.1799621582031,0.9984887838363647,379.4356994628906,226.72109985351562,0.9950689077377319,304.0992736816406,223.923828125,0.9959184527397156,417.33477783203125,231.69070434570312,0.7914297580718994,251.8124542236328,226.88609313964844,0.9708399772644043,460.03125,352.5346984863281,0.9988344311714172,166.93673706054688,365.36322021484375,0.9950000047683716,576.46435546875,466.6587219238281,0.5893992185592651,28.626373291015625,468.7572021484375,0.10157947987318039,558.941650390625,476.4295959472656,0.016850538551807404,108.46865844726562,447.3681640625,0.0065910704433918,403.33056640625,480.0,0.0006795840454287827,222.74436950683594,480.0,0.0003545590443536639,425.79595947265625,462.24957275390625,0.0008606722694821656,219.08053588867188,467.90283203125,0.0005582454614341259,392.897216796875,469.79595947265625,0.0004869381373282522,245.85943603515625,457.095458984375,0.0003882664896082133
20,webcam-0__tcn__20260807-122153_raw_30fps,500,501,16.666666666666668,background,1,1,1,1,0,0,0,640,480,0.9440197944641113,0,0.03997802734375,84.8282470703125,609.2493286132812,478.9095458984375,341.2742919921875,265.87213134765625,0.9985610842704773,378.8349914550781,226.48416137695312,0.9951790571212769,303.0833435058594,224.06959533691406,0.996171772480011,416.3022766113281,231.42462158203125,0.786799967288971,250.5809783935547,227.35995483398438,0.9724119305610657,459.7500915527344,353.6033630371094,0.9987800717353821,165.74412536621094,366.1907653808594,0.9939802885055542,575.8950805664062,467.72125244140625,0.5652519464492798,31.169586181640625,469.1999206542969,0.08281131833791733,557.8984985351562,474.5380554199219,0.01942569576203823,109.93701171875,446.1197509765625,0.006631930358707905,402.1041259765625,480.0,0.0006496254936791956,220.35537719726562,480.0,0.00033446538145653903,424.4067687988281,461.96649169921875,0.0008313182042911649,218.33132934570312,467.114501953125,0.0005586268962360919,391.6360168457031,469.0122375488281,0.00046503441990353167,243.84796142578125,456.80084228515625,0.0003920834860764444
20,webcam-0__tcn__20260807-122153_raw_30fps,501,502,16.7,background,1,1,1,1,0,0,0,640,480,0.9359409809112549,0,1.020538330078125,84.790771484375,609.7974243164062,478.94140625,340.8158874511719,265.7174987792969,0.9986017346382141,378.213623046875,226.50314331054688,0.9952200055122375,302.5305480957031,224.18255615234375,0.9959403276443481,415.8354797363281,231.41534423828125,0.7848750352859497,249.97561645507812,227.6520233154297,0.9694422483444214,459.5458984375,353.3084716796875,0.9987940788269043,166.15823364257812,366.5050964355469,0.9935909509658813,575.8744506835938,467.8042297363281,0.5418190956115723,31.52728271484375,469.55718994140625,0.07558275759220123,556.978515625,474.6072998046875,0.019333839416503906,113.67428588867188,446.28643798828125,0.006747663486748934,401.49114990234375,480.0,0.0006582967471331358,219.98739624023438,480.0,0.00032964255660772324,424.60076904296875,461.8668212890625,0.0008332033175975084,219.19960021972656,467.1048889160156,0.0005448428564704955,392.0479736328125,469.103759765625,0.00047766781062819064,244.1778106689453,456.8860168457031,0.0003905182529706508
20,webcam-0__tcn__20260807-122153_raw_30fps,502,503,16.733333333333334,background,1,1,1,1,0,0,0,640,480,0.9434638619422913,0,0.97998046875,83.69915771484375,610.2454223632812,478.99188232421875,340.75054931640625,265.96893310546875,0.9986774325370789,377.8875427246094,226.71554565429688,0.99544358253479,302.70635986328125,224.3759765625,0.9961779117584229,415.8411865234375,230.73777770996094,0.7877739667892456,250.5932159423828,226.9830780029297,0.9688062071800232,460.37506103515625,353.77105712890625,0.9987208247184753,164.71270751953125,367.66778564453125,0.9936267137527466,575.8096923828125,468.353271484375,0.4616154134273529,31.701171875,470.65093994140625,0.06333450227975845,549.7183837890625,475.57183837890625,0.011528676375746727,114.12442016601562,445.2600402832031,0.005995304323732853,402.41009521484375,480.0,0.0006088553345762193,220.134521484375,480.0,0.00031150609720498323,422.0029296875,460.6966247558594,0.0007775397389195859,218.63916015625,466.7560119628906,0.0005040778778493404,388.9477233886719,468.54376220703125,0.0004647809255402535,243.950927734375,456.21942138671875,0.00037150050047785044
20,webcam-0__tcn__20260807-122153_raw_30fps,503,504,16.766666666666666,background,1,1,1,1,0,0,0,640,480,0.9433733820915222,0,1.030242919921875,84.50927734375,610.2792358398438,478.9505615234375,340.4361267089844,266.2406005859375,0.9986240863800049,377.9293212890625,226.79449462890625,0.9957081079483032,302.18670654296875,224.46524047851562,0.9957192540168762,416.0728759765625,230.7410888671875,0.7983976602554321,250.02493286132812,226.94052124023438,0.9612758159637451,459.4801940917969,353.4093017578125,0.998831570148468,167.27622985839844,366.073974609375,0.9941918253898621,576.142333984375,468.3262939453125,0.536464512348175,29.779083251953125,469.4244384765625,0.08855943381786346,553.1561279296875,475.25445556640625,0.014733112417161465,110.21878051757812,446.7209777832031,0.006530840881168842,401.83551025390625,480.0,0.0006036395207047462,221.46751403808594,480.0,0.00030998242436908185,422.1859130859375,461.5444641113281,0.0007976262713782489,218.1557159423828,467.2860107421875,0.0005101565038785338,389.1478271484375,468.9915466308594,0.00048121149302460253,243.23272705078125,456.37261962890625,0.0003723378467839211
20,webcam-0__tcn__20260807-122153_raw_30fps,504,505,16.8,background,1,1,1,1,0,0,0,640,480,0.9356293678283691,0,0.658935546875,84.96884155273438,609.0551147460938,478.99517822265625,340.3713684082031,266.2991638183594,0.9986715316772461,378.61968994140625,227.58670043945312,0.9955214262008667,302.0491943359375,225.5077362060547,0.9954173564910889,417.1976318359375,230.09364318847656,0.7951622009277344,249.50428771972656,226.63275146484375,0.956707239151001,459.98028564453125,353.889404296875,0.9988343119621277,166.20542907714844,367.70269775390625,0.9938631057739258,577.3340454101562,468.9913024902344,0.48822593688964844,30.469940185546875,471.49359130859375,0.06736224889755249,549.6036376953125,474.74652099609375,0.014055054634809494,113.08012390136719,445.7550048828125,0.006188342813402414,401.7293395996094,480.0,0.0005787351401522756,220.67755126953125,480.0,0.0002830223529599607,422.0019226074219,460.70654296875,0.0007638871320523322,218.91357421875,466.73626708984375,0.0004718398267868906,389.6042175292969,468.4580993652344,0.0004897760809399188,244.11871337890625,455.6219177246094,0.0003678899956867099
20,webcam-0__tcn__20260807-122153_raw_30fps,505,506,16.833333333333332,background,1,1,1,1,0,0,0,640,480,0.9442504048347473,0,0.919342041015625,84.60025024414062,609.3286743164062,478.96356201171875,340.3907470703125,266.3372497558594,0.9987133741378784,378.16357421875,228.8300323486328,0.9960739612579346,302.25518798828125,226.9445037841797,0.9953047037124634,417.8288269042969,230.09521484375,0.8308398127555847,250.33749389648438,227.09567260742188,0.9481438398361206,459.7160949707031,354.59429931640625,0.9988780617713928,165.8246307373047,368.2427673339844,0.9944049119949341,576.0888671875,468.19610595703125,0.5250070095062256,30.58514404296875,471.11663818359375,0.07739298045635223,543.6775512695312,475.9467468261719,0.012372970581054688,112.42127990722656,445.5869445800781,0.006322723347693682,400.1583251953125,480.0,0.0006642696680501103,219.67181396484375,480.0,0.00032908114371821284,423.99468994140625,461.270263671875,0.0007857150048948824,219.05059814453125,467.73590087890625,0.0005108022596687078,390.80303955078125,469.09283447265625,0.00047366306534968317,244.41319274902344,455.9100036621094,0.00037959529436193407
20,webcam-0__tcn__20260807-122153_raw_30fps,506,507,16.866666666666667,background,1,1,1,1,0,0,0,640,480,0.9427304863929749,0,0.213531494140625,84.421630859375,608.9569091796875,478.97235107421875,341.4689025878906,265.999755859375,0.998630940914154,378.9108581542969,226.8443603515625,0.9957247972488403,303.34771728515625,224.58627319335938,0.9956533908843994,417.1446533203125,231.1470184326172,0.8214228749275208,251.47958374023438,227.5074462890625,0.9636671543121338,459.73846435546875,354.5195007324219,0.9986783862113953,164.7036895751953,369.1117858886719,0.9936703443527222,575.3695678710938,467.91619873046875,0.49528709053993225,30.586151123046875,471.35693359375,0.06473904848098755,543.2045288085938,475.4593200683594,0.012905127368867397,109.41213989257812,445.55712890625,0.005940644536167383,401.6435546875,480.0,0.0006445806357078254,219.30296325683594,480.0,0.00031815055990591645,423.0205078125,461.44500732421875,0.0008576558320783079,218.97030639648438,468.11541748046875,0.000551713805180043,389.90771484375,468.66143798828125,0.00044967944268137217,244.22964477539062,456.2882080078125,0.0003755309444386512
20,webcam-0__tcn__20260807-122153_raw_30fps,507,508,16.9,background,1,1,1,1,0,0,0,640,480,0.9390550851821899,0,0.0,86.18978881835938,607.0818481445312,478.97784423828125,341.550537109375,266.15386962890625,0.9985711574554443,378.48944091796875,226.87823486328125,0.9955781102180481,303.33819580078125,224.6331787109375,0.9957994818687439,416.37872314453125,231.5716094970703,0.8030730485916138,251.3401336669922,228.0933837890625,0.9649229645729065,458.7743225097656,354.0260009765625,0.9987540245056152,167.06301879882812,367.20892333984375,0.9939339756965637,575.9764404296875,467.5890808105469,0.5471304655075073,30.419403076171875,469.6668395996094,0.08463349938392639,541.4329833984375,475.1111755371094,0.01465251948684454,109.39698791503906,445.863525390625,0.0064577325247228146,399.798828125,480.0,0.0006849662750028074,219.20501708984375,480.0,0.0003432098019402474,421.96112060546875,462.1119384765625,0.0008737567695789039,217.25833129882812,468.501708984375,0.0005640345625579357,388.3031311035156,469.3651123046875,0.0004662507853936404,241.80467224121094,456.6026306152344,0.00038258996210061014
20,webcam-0__tcn__20260807-122153_raw_30fps,508,509,16.933333333333334,background,1,1,1,1,0,0,0,640,480,0.9289991855621338,0,0.114593505859375,86.041259765625,606.358642578125,478.9688720703125,341.51580810546875,266.1087646484375,0.9985672235488892,378.46368408203125,226.87850952148438,0.9955354928970337,303.3675231933594,224.63450622558594,0.9957608580589294,416.35125732421875,231.66522216796875,0.803000271320343,251.42037963867188,228.14598083496094,0.9652499556541443,458.69659423828125,354.2055358886719,0.9987708926200867,167.10545349121094,367.2535095214844,0.9938507080078125,575.0418090820312,467.13702392578125,0.566626787185669,30.44879150390625,469.7364196777344,0.08467571437358856,541.5110473632812,476.0805969238281,0.015055698342621326,109.96469116210938,445.86639404296875,0.00624445453286171,399.9230651855469,480.0,0.0007120821392163634,219.3206329345703,480.0,0.0003526340296957642,422.35577392578125,461.70770263671875,0.0008874399354681373,217.7791748046875,467.8910217285156,0.0005802761297672987,388.965087890625,469.07965087890625,0.00046681048115715384,241.86874389648438,456.2442321777344,0.00039356035995297134
20,webcam-0__tcn__20260807-122153_raw_30fps,509,510,16.966666666666665,background,1,1,2,2,0,0,0,640,480,0.477352112531662,0,0.066070556640625,85.93572998046875,606.3026733398438,478.947509765625,342.044189453125,265.70953369140625,0.9985684156417847,378.829345703125,226.7514190673828,0.9951562881469727,303.9058532714844,224.6144256591797,0.995896577835083,416.65692138671875,231.54872131347656,0.7863672971725464,251.8282470703125,228.31051635742188,0.9682919979095459,459.3117370605469,354.3599853515625,0.9987245202064514,165.89027404785156,368.6971435546875,0.9936229586601257,574.9688720703125,467.61968994140625,0.5476827025413513,30.60919189453125,471.2250061035156,0.07304812222719193,545.0733642578125,475.6512756347656,0.014482023194432259,110.2396240234375,446.5657958984375,0.0059842318296432495,401.45440673828125,480.0,0.0006946244393475354,219.9031982421875,480.0,0.0003368270699866116,425.781982421875,462.3760986328125,0.000879201921634376,219.4847412109375,468.5964050292969,0.0005607909406535327,392.601806640625,469.3377685546875,0.0004625131841748953,244.73492431640625,456.92559814453125,0.00038707442581653595
20,webcam-0__tcn__20260807-122153_raw_30fps,509,510,16.966666666666665,background,1,1,2,2,1,1,1,640,480,0.4747064411640167,0,2.6617431640625,86.16845703125,607.004638671875,479.604736328125,342.3111877441406,266.4051513671875,0.9990409016609192,378.2351989746094,227.3413543701172,0.996673583984375,304.1564025878906,224.97645568847656,0.9968517422676086,415.4653625488281,231.4639129638672,0.7991257905960083,252.44259643554688,228.02099609375,0.971396803855896,456.6242370605469,354.851806640625,0.9989812970161438,168.21380615234375,367.4755554199219,0.9949697852134705,577.62890625,468.36376953125,0.6081487536430359,27.59417724609375,470.3174133300781,0.07006923109292984,546.5541381835938,474.89886474609375,0.012613785453140736,105.06428527832031,449.6672058105469,0.004378027748316526,399.6651306152344,480.0,0.0005467041046358645,220.69918823242188,480.0,0.00024656220921315253,431.9913330078125,463.93743896484375,0.0010979206999763846,218.67001342773438,471.1811828613281,0.0006084846099838614,394.9537048339844,478.01910400390625,0.0004615061916410923,247.41360473632812,462.6952819824219,0.0003466054913587868
20,webcam-0__tcn__20260807-122153_raw_30fps,510,511,17.0,background,1,1,1,1,0,0,0,640,480,0.9398464560508728,0,0.0,86.32861328125,605.1152954101562,478.9587707519531,342.77313232421875,265.7269287109375,0.9984992742538452,379.7455139160156,226.87747192382812,0.9952452778816223,305.0357666015625,224.37969970703125,0.9957690238952637,416.9609069824219,231.66348266601562,0.7926100492477417,253.19728088378906,227.50711059570312,0.9675633907318115,459.6731872558594,354.142578125,0.998678982257843,168.57339477539062,366.409423828125,0.994655966758728,575.3477172851562,468.83245849609375,0.5238662362098694,28.79766845703125,470.1590576171875,0.0932890847325325,535.4608764648438,472.2808532714844,0.016628656536340714,108.01943969726562,446.8001708984375,0.0067955488339066505,401.888916015625,480.0,0.00064282794483006,220.79782104492188,480.0,0.00032939124503172934,426.4668273925781,462.2301330566406,0.0008762021316215396,218.73883056640625,468.3145751953125,0.0005499717080965638,391.75543212890625,470.65478515625,0.00048202520702034235,243.42822265625,457.5444030761719,0.00037319515831768513
20,webcam-0__tcn__20260807-122153_raw_30fps,511,512,17.033333333333335,background,1,1,1,1,0,0,0,640,480,0.9431118965148926,0,0.0,85.94082641601562,605.0968017578125,478.9550476074219,342.7537841796875,265.7872619628906,0.9984569549560547,379.6677551269531,226.98086547851562,0.9953199028968811,304.9651794433594,224.42652893066406,0.9957442879676819,417.1572265625,231.64915466308594,0.8002364039421082,253.02877807617188,227.40646362304688,0.968000590801239,459.4920654296875,354.0802001953125,0.9986827969551086,168.5699462890625,366.403076171875,0.9947838187217712,576.0460205078125,468.3160705566406,0.5358238220214844,28.21917724609375,469.8357238769531,0.09955447912216187,536.8198852539062,472.1967468261719,0.01644626259803772,106.92919921875,446.96234130859375,0.006997089367359877,402.09027099609375,480.0,0.0006574690924026072,221.66114807128906,480.0,0.0003400496789254248,425.2228698730469,461.8744812011719,0.0008743177750147879,218.48696899414062,468.4374084472656,0.0005429848097264767,390.3155822753906,470.78173828125,0.000482099421788007,243.38888549804688,457.41265869140625,0.0003691647434607148
20,webcam-0__tcn__20260807-122153_raw_30fps,512,513,17.066666666666666,background,1,1,1,1,0,0,0,640,480,0.9433357119560242,0,0.0,85.55303955078125,605.4939575195312,478.9693603515625,342.7110595703125,265.85723876953125,0.9984845519065857,379.7860412597656,226.8593292236328,0.9954707622528076,304.94830322265625,224.391845703125,0.9956964254379272,417.4042053222656,231.25962829589844,0.8039381504058838,253.22500610351562,227.120361328125,0.9663890600204468,458.8493347167969,353.7847900390625,0.998747706413269,167.84576416015625,366.614013671875,0.994992196559906,575.3685913085938,467.33953857421875,0.5664859414100647,26.88214111328125,469.827880859375,0.10662439465522766,540.4059448242188,473.41729736328125,0.014765679836273193,104.923828125,446.9576416015625,0.006974619347602129,401.2716064453125,480.0,0.0006151449051685631,220.85662841796875,480.0,0.00031508796382695436,424.49725341796875,461.8426208496094,0.0008380887447856367,217.29400634765625,468.61029052734375,0.0005240364116616547,389.6746520996094,470.035400390625,0.00046849128557369113,242.42724609375,456.85333251953125,0.00036301236832514405
20,webcam-0__tcn__20260807-122153_raw_30fps,513,514,17.1,background,1,1,1,1,0,0,0,640,480,0.9373642802238464,0,1.2550048828125,85.49566650390625,607.3553466796875,478.97723388671875,342.7936096191406,265.78265380859375,0.9985607266426086,379.9427185058594,226.760498046875,0.9954732060432434,305.1072998046875,224.09317016601562,0.9957786798477173,417.39801025390625,230.98593139648438,0.805485188961029,253.16937255859375,226.37786865234375,0.96942138671875,459.0406188964844,354.05621337890625,0.9987428784370422,165.26231384277344,367.5414733886719,0.9943761825561523,575.2109985351562,467.6632080078125,0.5477418303489685,28.2257080078125,470.4647521972656,0.07996275275945663,549.7681884765625,473.7601013183594,0.01750415936112404,109.95152282714844,445.08453369140625,0.006415999494493008,400.058349609375,480.0,0.0005851315800100565,218.619140625,480.0,0.0002909797476604581,424.4983825683594,461.1905517578125,0.0008063463610596955,219.93585205078125,467.3851623535156,0.0005107381730340421,390.74578857421875,468.4404296875,0.0004627146990969777,245.0113067626953,455.85284423828125,0.00037202381645329297
20,webcam-0__tcn__20260807-122153_raw_30fps,514,515,17.133333333333333,background,1,1,1,1,0,0,0,640,480,0.9434854984283447,0,0.973785400390625,85.60211181640625,607.7517700195312,478.91778564453125,342.62713623046875,265.8658447265625,0.9985104203224182,379.6166076660156,226.86276245117188,0.9953992962837219,304.9213562011719,224.04364013671875,0.9959892630577087,417.0101013183594,230.80990600585938,0.7949882745742798,252.6367645263672,225.93972778320312,0.971259593963623,458.55322265625,354.00579833984375,0.9987601041793823,166.5194091796875,366.7547912597656,0.9944900274276733,575.01708984375,467.339111328125,0.5739251375198364,28.982086181640625,470.1733703613281,0.09277067333459854,547.5861206054688,474.3964538574219,0.017630435526371002,108.65762329101562,446.2489013671875,0.006794724613428116,399.9444885253906,480.0,0.0006396984681487083,219.6509552001953,480.0,0.0003241467638872564,424.4395446777344,460.19830322265625,0.0008611311204731464,218.84230041503906,466.602783203125,0.000558340223506093,390.71649169921875,468.51922607421875,0.0004794071428477764,243.7220458984375,455.55487060546875,0.0003950861864723265
20,webcam-0__tcn__20260807-122153_raw_30fps,515,516,17.166666666666668,background,1,1,1,1,0,0,0,640,480,0.9399418830871582,0,0.73980712890625,85.23245239257812,607.6110229492188,478.9036865234375,342.4275817871094,265.71575927734375,0.9984967708587646,379.3890686035156,226.75672912597656,0.9952098727226257,304.6389465332031,224.00498962402344,0.996081531047821,416.8426513671875,231.2397003173828,0.7844353914260864,252.31460571289062,226.4977569580078,0.9725215435028076,458.29534912109375,354.40093994140625,0.9987419247627258,166.43113708496094,366.7793273925781,0.9945308566093445,574.42333984375,467.46441650390625,0.5765881538391113,27.806365966796875,469.8353271484375,0.09423720836639404,552.8480224609375,474.17205810546875,0.018881523981690407,108.38491821289062,446.5238342285156,0.0067717647179961205,399.65911865234375,480.0,0.0006167746032588184,219.36135864257812,480.0,0.0003155611047986895,424.7148132324219,461.1620178222656,0.0008542978903278708,218.96682739257812,467.3379821777344,0.0005572322406806052,391.4334411621094,468.54193115234375,0.00047764345072209835,244.47052001953125,455.7330627441406,0.00039083947194740176
20,webcam-0__tcn__20260807-122153_raw_30fps,516,517,17.2,background,1,1,1,1,0,0,0,640,480,0.9295782446861267,0,1.028900146484375,85.21966552734375,608.4501342773438,478.87225341796875,342.2565002441406,265.3092041015625,0.9985254406929016,379.2246398925781,226.74974060058594,0.9952711462974548,304.5919494628906,224.01419067382812,0.9958836436271667,416.62164306640625,231.51763916015625,0.7879320979118347,252.38841247558594,226.79669189453125,0.9706569910049438,457.34814453125,353.971435546875,0.9988232254981995,166.97694396972656,367.0881042480469,0.9945078492164612,574.7001953125,467.42938232421875,0.5977258086204529,28.248046875,470.3170471191406,0.09465012699365616,551.396240234375,474.9277648925781,0.018624071031808853,111.59161376953125,447.09869384765625,0.006957114674150944,399.6335144042969,480.0,0.0006381733692251146,220.18951416015625,480.0,0.0003187200927641243,424.59393310546875,460.96636962890625,0.0008683938067406416,219.40126037597656,467.38262939453125,0.0005625892081297934,391.2110290527344,468.605224609375,0.00048553355736657977,245.15235900878906,455.89697265625,0.00039717843174003065
20,webcam-0__tcn__20260807-122153_raw_30fps,517,518,17.233333333333334,background,1,1,1,1,0,0,0,640,480,0.9420138597488403,0,0.35028076171875,86.68817138671875,608.8558349609375,478.8770446777344,342.3067626953125,264.6256103515625,0.9985355138778687,378.9493713378906,225.99850463867188,0.9954772591590881,304.69012451171875,222.8861083984375,0.9961360096931458,415.3138122558594,231.0467071533203,0.7542127370834351,251.95855712890625,225.53173828125,0.9723386764526367,456.6152038574219,352.95428466796875,0.9989280104637146,170.36492919921875,363.73199462890625,0.9951077699661255,572.8816528320312,464.97991943359375,0.6311349868774414,27.707183837890625,468.44866943359375,0.12560275197029114,560.7122802734375,477.03033447265625,0.01798125170171261,109.73326110839844,446.5032653808594,0.00716880289837718,400.5745849609375,480.0,0.0006369702168740332,223.88632202148438,480.0,0.0003456653794273734,421.59625244140625,461.85302734375,0.0008876455249264836,218.95803833007812,466.80126953125,0.000661358586512506,388.79107666015625,469.00091552734375,0.0004966154810972512,243.59014892578125,456.2970275878906,0.00044666053145192564
20,webcam-0__tcn__20260807-122153_raw_30fps,518,519,17.266666666666666,background,1,1,1,1,0,0,0,640,480,0.943687379360199,0,0.268798828125,85.96774291992188,608.8838500976562,478.8773498535156,342.1882019042969,264.677001953125,0.9985373020172119,378.7169189453125,225.84068298339844,0.9955037236213684,304.5548400878906,222.83934020996094,0.99616539478302,415.2021179199219,230.71890258789062,0.7553560137748718,251.9755859375,225.42941284179688,0.9719650149345398,456.49505615234375,353.0329895019531,0.9989101886749268,170.62991333007812,363.0943603515625,0.9951967597007751,572.58544921875,464.7196350097656,0.635861337184906,27.147735595703125,467.6998291015625,0.1330002099275589,561.7728271484375,476.6251525878906,0.019741492345929146,109.1956787109375,446.70159912109375,0.007383071817457676,399.639404296875,480.0,0.0006323489942587912,223.11671447753906,480.0,0.00034687374136410654,420.4556884765625,461.3275146484375,0.0008981652790680528,217.67047119140625,466.3067321777344,0.0006637966143898666,387.67449951171875,468.6293640136719,0.0005020760581828654,242.34603881835938,455.7024841308594,0.0004426747909747064
20,webcam-0__tcn__20260807-122153_raw_30fps,519,520,17.3,background,1,1,1,1,0,0,0,640,480,0.9438732862472534,0,0.354827880859375,86.6617431640625,608.55419921875,478.8613586425781,342.2516174316406,264.7123107910156,0.9985155463218689,378.7387390136719,225.83065795898438,0.9954303503036499,304.5440979003906,222.82913208007812,0.9961732029914856,415.0694274902344,230.91311645507812,0.7528160214424133,251.82888793945312,225.67047119140625,0.9733311533927917,456.2723693847656,352.95880126953125,0.9989006519317627,170.2096405029297,363.6299133300781,0.9950490593910217,572.2135009765625,464.6535339355469,0.6176561713218689,27.5618896484375,468.80340576171875,0.12097212672233582,560.2608642578125,476.3111572265625,0.018436554819345474,111.5657958984375,446.681396484375,0.007062631193548441,400.19195556640625,480.0,0.000635738717392087,223.70620727539062,480.0,0.0003443676105234772,421.0386047363281,461.5177001953125,0.0008875981438905001,219.51864624023438,466.50482177734375,0.0006537893787026405,388.3669738769531,468.7513122558594,0.0005030358443036675,244.51988220214844,456.052978515625,0.0004457591858226806
20,webcam-0__tcn__20260807-122153_raw_30fps,520,521,17.333333333333332,background,1,1,1,1,0,0,0,640,480,0.8897127509117126,0,0.527679443359375,86.5888671875,608.6050415039062,478.8785400390625,343.2754821777344,264.31292724609375,0.9985705614089966,379.296142578125,225.8679656982422,0.995528519153595,304.9833679199219,222.87110900878906,0.996198832988739,415.77520751953125,230.670166015625,0.7393441796302795,251.08837890625,225.7535400390625,0.9735419750213623,457.2705078125,354.0419921875,0.9988429546356201,167.5222625732422,365.6081848144531,0.994621992111206,571.5716552734375,464.7392272949219,0.5852110981941223,26.851531982421875,470.7687072753906,0.10238334536552429,557.1695556640625,476.5938720703125,0.016216857358813286,111.78121948242188,446.1367492675781,0.006466561928391457,398.1627197265625,480.0,0.0006360969273373485,220.5467071533203,480.0,0.00033872551284730434,418.54345703125,461.8608703613281,0.0008634654805064201,216.79220581054688,467.46527099609375,0.0006475565605796874,386.1255798339844,468.46099853515625,0.0004897131002508104,241.24325561523438,455.8330078125,0.00045152471284382045
20,webcam-0__tcn__20260807-122153_raw_30fps,521,522,17.366666666666667,background,1,1,1,1,0,0,0,640,480,0.9239531755447388,0,0.674560546875,86.4027099609375,610.19384765625,478.9073181152344,343.3572998046875,264.3114013671875,0.9985591769218445,379.39227294921875,225.85177612304688,0.995495080947876,305.0293884277344,222.88864135742188,0.996148943901062,415.9947509765625,230.53550720214844,0.7432246208190918,251.13113403320312,225.6971435546875,0.9735401272773743,457.253662109375,354.0301818847656,0.9988490343093872,167.1272735595703,365.8781433105469,0.9945135116577148,571.456787109375,464.8441162109375,0.58507239818573,27.0128173828125,470.4537658691406,0.09677442163228989,556.5377197265625,476.9068298339844,0.01612059958279133,112.02265930175781,445.46917724609375,0.0063169714994728565,398.469482421875,480.0,0.0006331999902613461,220.75689697265625,480.0,0.0003312631160952151,419.45062255859375,461.69390869140625,0.0008674418204464018,217.9005126953125,467.5918884277344,0.0006377030513249338,386.7501220703125,468.55096435546875,0.0004883265937678516,242.47088623046875,455.98077392578125,0.000444132398115471
20,webcam-0__tcn__20260807-122153_raw_30fps,522,523,17.4,background,1,1,2,2,0,0,0,640,480,0.47103336453437805,0,1.084320068359375,86.16555786132812,608.7155151367188,478.9073486328125,343.08416748046875,264.29107666015625,0.9986370205879211,379.22998046875,226.062255859375,0.995762825012207,305.06365966796875,222.86953735351562,0.9961320161819458,415.52960205078125,230.7971954345703,0.7439877986907959,251.23475646972656,225.41851806640625,0.971112072467804,456.9159851074219,353.6483459472656,0.9988564252853394,167.71926879882812,365.3984069824219,0.9944592714309692,571.7155151367188,464.51873779296875,0.5861966013908386,28.4954833984375,469.5142822265625,0.10418175160884857,554.9891357421875,477.47259521484375,0.016607828438282013,114.08958435058594,446.4279479980469,0.007019917480647564,398.6083984375,480.0,0.0006428557680919766,220.816162109375,480.0,0.0003387689357623458,420.0450439453125,462.1214294433594,0.0008538397960364819,218.01611328125,467.58416748046875,0.000629003974609077,387.56939697265625,468.6114501953125,0.0004989052540622652,242.76788330078125,456.08245849609375,0.0004497758636716753
20,webcam-0__tcn__20260807-122153_raw_30fps,522,523,17.4,background,1,1,2,2,1,1,1,640,480,0.46450215578079224,0,3.798828125,86.41696166992188,609.389404296875,479.62506103515625,343.37457275390625,264.9794921875,0.9990696310997009,378.6022644042969,226.6981201171875,0.9970465302467346,305.35211181640625,223.2658233642578,0.9970109462738037,414.4153747558594,230.6947479248047,0.7505728602409363,251.88360595703125,225.082763671875,0.9730758666992188,454.4619445800781,354.4533996582031,0.9990906715393066,170.8645477294922,364.1511535644531,0.9954618811607361,574.2192993164062,465.28302001953125,0.6519172787666321,26.1923828125,468.5401916503906,0.10269616544246674,556.242431640625,476.2952880859375,0.014788472093641758,109.80897521972656,448.8978271484375,0.005339455790817738,396.52099609375,480.0,0.0005040422547608614,221.90478515625,480.0,0.00024333490000572056,425.45086669921875,463.7176513671875,0.0010371863609179854,216.9320068359375,470.1258544921875,0.0006508689257316291,389.59039306640625,477.111083984375,0.0005007968284189701,245.14251708984375,461.7814025878906,0.0003946470969822258
20,webcam-0__tcn__20260807-122153_raw_30fps,523,524,17.433333333333334,background,1,1,1,1,0,0,0,640,480,0.9075126647949219,0,1.0797119140625,85.82000732421875,608.965087890625,478.90557861328125,343.6842041015625,263.5744323730469,0.9986512064933777,379.80914306640625,225.35855102539062,0.9958042502403259,305.77288818359375,222.1443328857422,0.996173083782196,416.0987548828125,230.29290771484375,0.7414965033531189,252.17324829101562,224.85317993164062,0.9701610207557678,456.7379455566406,353.4938049316406,0.99883633852005,168.8380584716797,365.15814208984375,0.9946850538253784,572.805908203125,465.2217712402344,0.580836832523346,28.003265380859375,468.0555419921875,0.11335209012031555,552.164794921875,477.6611633300781,0.014742349274456501,111.92990112304688,447.80023193359375,0.00717919273301959,398.82073974609375,480.0,0.0006479250732809305,221.3173828125,480.0,0.00034366740146651864,420.53778076171875,461.6783447265625,0.0008547299075871706,218.1968994140625,467.888916015625,0.0006115279393270612,387.871337890625,469.28485107421875,0.0005165092879906297,242.8731689453125,456.8273620605469,0.00044418429024517536
20,webcam-0__tcn__20260807-122153_raw_30fps,524,525,17.466666666666665,background,1,1,1,1,0,0,0,640,480,0.9344456195831299,0,1.44122314453125,85.85726928710938,611.1992797851562,478.8866882324219,344.1431884765625,263.92401123046875,0.9986777901649475,380.19342041015625,225.81430053710938,0.9959083795547485,306.1771545410156,222.6337890625,0.996044933795929,416.32470703125,230.4769744873047,0.7398844957351685,252.39166259765625,225.13067626953125,0.9686436653137207,456.8694763183594,353.96533203125,0.9988163709640503,168.19468688964844,366.00494384765625,0.9945189356803894,571.9605102539062,465.1270446777344,0.5557178854942322,27.287384033203125,469.5107421875,0.1018056869506836,551.3871459960938,477.2104187011719,0.014336121268570423,112.76731872558594,447.77960205078125,0.006994807161390781,398.38848876953125,480.0,0.0006420772988349199,220.33050537109375,480.0,0.00033254845766350627,421.16217041015625,461.5819396972656,0.0008605094626545906,219.1256103515625,467.952880859375,0.0006131113041192293,387.68145751953125,468.9175109863281,0.0005204597255215049,243.29440307617188,456.47210693359375,0.0004476530593819916
20,webcam-0__tcn__20260807-122153_raw_30fps,525,526,17.5,background,1,1,1,1,0,0,0,640,480,0.941641628742218,0,1.631744384765625,86.311279296875,611.9437255859375,478.89935302734375,344.4903259277344,263.8759460449219,0.9987240433692932,380.48406982421875,225.9016571044922,0.9960216879844666,306.28961181640625,222.59869384765625,0.9961752891540527,416.955078125,230.512451171875,0.7391929030418396,252.03384399414062,225.01463317871094,0.9688664078712463,457.2100524902344,354.0902404785156,0.9988058805465698,167.8626251220703,366.39508056640625,0.9943463206291199,572.0057373046875,465.0161437988281,0.5380058288574219,28.94573974609375,469.9664306640625,0.09080599248409271,550.6936645507812,477.7735900878906,0.014261754229664803,113.95823669433594,446.4359130859375,0.0064867702312767506,398.37664794921875,480.0,0.000644235871732235,220.24835205078125,480.0,0.0003288252337370068,421.80255126953125,461.62969970703125,0.0008561310241930187,220.19140625,467.71856689453125,0.0006060705054551363,388.181640625,468.9833984375,0.0005121846916154027,243.80148315429688,456.48193359375,0.0004422224301379174
20,webcam-0__tcn__20260807-122153_raw_30fps,526,527,17.533333333333335,background,1,1,1,1,0,0,0,640,480,0.9433595538139343,0,1.14227294921875,85.9854736328125,610.3035278320312,478.9200439453125,345.0545959472656,263.95098876953125,0.9986677169799805,380.88482666015625,226.091552734375,0.9959101676940918,306.4762878417969,222.73870849609375,0.9961906671524048,417.6371154785156,230.38473510742188,0.7375727295875549,251.66297912597656,224.96426391601562,0.9708722233772278,457.8570251464844,354.4688720703125,0.9988430738449097,167.65716552734375,366.8909606933594,0.9944703578948975,571.7572021484375,465.8783264160156,0.559059202671051,28.440704345703125,468.7576599121094,0.09606633335351944,549.8468627929688,477.80926513671875,0.0146197360008955,112.63087463378906,446.6877136230469,0.006637062411755323,399.3226013183594,480.0,0.000577988161239773,221.25457763671875,480.0,0.00029419211205095053,421.8402099609375,461.7080993652344,0.000831602665130049,220.05972290039062,468.277099609375,0.0005680913454852998,388.0141296386719,469.2471923828125,0.0005163017776794732,244.86685180664062,456.79620361328125,0.0004260906425770372
20,webcam-0__tcn__20260807-122153_raw_30fps,527,528,17.566666666666666,background,1,1,1,1,0,0,0,640,480,0.9399232268333435,0,1.009185791015625,84.99191284179688,611.4716186523438,478.94012451171875,345.3239440917969,264.3575439453125,0.9986125230789185,380.88494873046875,226.02783203125,0.9957689046859741,306.5637512207031,222.8523406982422,0.9960438013076782,417.74853515625,230.3992919921875,0.7338330149650574,251.87420654296875,225.40628051757812,0.9702144265174866,457.5989990234375,354.1039733886719,0.9988665580749512,168.41952514648438,365.8204650878906,0.994468092918396,572.44287109375,466.6479187011719,0.5619397759437561,28.222320556640625,468.9727783203125,0.09669192880392075,549.6663818359375,478.0646667480469,0.016091464087367058,115.15518188476562,446.83441162109375,0.006883806549012661,399.1112060546875,480.0,0.0005630393279716372,221.2356414794922,480.0,0.0002855704806279391,422.5285339355469,461.535888671875,0.0008224387420341372,220.17062377929688,467.56781005859375,0.0005574354436248541,388.2872009277344,469.272216796875,0.0005114660016261041,244.30706787109375,456.4129333496094,0.0004150498134549707
20,webcam-0__tcn__20260807-122153_raw_30fps,528,529,17.6,background,1,1,1,1,0,0,0,640,480,0.9392143487930298,0,1.027099609375,84.97296142578125,610.6461791992188,478.928466796875,345.3618469238281,264.25408935546875,0.9986125230789185,380.8188781738281,226.44618225097656,0.99580317735672,306.6708984375,223.1239013671875,0.9963531494140625,417.6412048339844,230.47659301757812,0.7380549907684326,251.62933349609375,225.23635864257812,0.9742394685745239,457.3399353027344,354.22894287109375,0.9989005327224731,168.1600341796875,366.74359130859375,0.9943370223045349,572.6643676757812,466.3218078613281,0.5699159502983093,29.67034912109375,469.4060974121094,0.08968573063611984,546.0811157226562,477.8766174316406,0.015409988351166248,116.72186279296875,446.7760925292969,0.006581638474017382,399.58184814453125,480.0,0.0006132784183137119,221.932373046875,480.0,0.0003043613105546683,424.723388671875,461.4599609375,0.0008272542036138475,221.55230712890625,467.949951171875,0.0005611125379800797,390.31109619140625,469.84222412109375,0.0005148763302713633,245.90615844726562,456.7672119140625,0.000430730520747602
20,webcam-0__tcn__20260807-122153_raw_30fps,529,530,17.633333333333333,background,1,1,1,1,0,0,0,640,480,0.9392418265342712,0,1.360565185546875,84.66046142578125,609.414306640625,478.9840087890625,344.8241271972656,264.71636962890625,0.9985648989677429,381.5285339355469,228.08047485351562,0.9960240125656128,306.6275329589844,224.47520446777344,0.9954583644866943,418.97100830078125,230.4990234375,0.7745056748390198,251.91830444335938,224.23678588867188,0.9638077616691589,457.45330810546875,354.0593566894531,0.9989303946495056,168.32113647460938,366.6283874511719,0.9947733283042908,573.734375,467.53912353515625,0.5537819862365723,29.3677978515625,470.0108337402344,0.09398195892572403,544.5304565429688,476.51837158203125,0.015344088897109032,116.96775817871094,447.15655517578125,0.00712589779868722,398.7272033691406,480.0,0.0006206121761351824,221.29116821289062,480.0,0.00030977415735833347,423.17779541015625,461.9897155761719,0.0007630178006365895,221.75531005859375,468.9279479980469,0.0005124305607751012,388.9164123535156,470.4207763671875,0.0005235111457295716,246.60488891601562,457.15020751953125,0.00042008416494354606
20,webcam-0__tcn__20260807-122153_raw_30fps,530,531,17.666666666666668,background,1,1,2,2,0,0,0,640,480,0.5347802639007568,0,1.07464599609375,84.454345703125,608.7155151367188,478.9429016113281,345.4684753417969,264.8194274902344,0.9986716508865356,382.4244689941406,227.46978759765625,0.9960126876831055,307.3876953125,224.54681396484375,0.9959307312965393,420.0581970214844,230.63290405273438,0.7791827917098999,253.6699981689453,225.60040283203125,0.9652745127677917,458.51715087890625,354.19256591796875,0.9988538026809692,169.26217651367188,366.9010314941406,0.9948931932449341,574.1860961914062,467.4596252441406,0.555737316608429,29.95025634765625,470.09991455078125,0.09330080449581146,544.136474609375,475.74188232421875,0.015578608959913254,115.11700439453125,447.0691223144531,0.006818149704486132,399.6008605957031,480.0,0.000625837710686028,221.84356689453125,480.0,0.0003121146291960031,422.5325012207031,461.8804931640625,0.000788534467574209,221.41201782226562,468.60906982421875,0.000516747881192714,388.5301513671875,470.6524963378906,0.0005219573504291475,246.15890502929688,457.44195556640625,0.00041320480522699654
20,webcam-0__tcn__20260807-122153_raw_30fps,530,531,17.666666666666668,background,1,1,2,2,1,1,1,640,480,0.4138650596141815,0,3.340728759765625,84.509033203125,609.5468139648438,479.61676025390625,345.65863037109375,265.5124206542969,0.9991165995597839,381.65618896484375,228.05784606933594,0.9973219037055969,307.6026916503906,224.91636657714844,0.9969135522842407,418.7819519042969,230.42967224121094,0.7913771271705627,254.25289916992188,225.2339324951172,0.967957615852356,455.7408142089844,354.64849853515625,0.9990841150283813,172.3204345703125,365.52398681640625,0.9958332180976868,576.9072875976562,468.14630126953125,0.6104394793510437,27.560516357421875,468.981689453125,0.08692705631256104,545.3992309570312,474.73046875,0.013709863647818565,110.82418823242188,449.8391418457031,0.004934743512421846,397.8077087402344,480.0,0.00046376234968192875,223.43820190429688,480.0,0.0002102730650221929,428.0791931152344,463.49127197265625,0.0009923380566760898,221.04788208007812,471.6611022949219,0.0005375496111810207,390.50640869140625,479.26165771484375,0.0005268831737339497,249.3885498046875,463.21240234375,0.00035025455872528255
20,webcam-0__tcn__20260807-122153_raw_30fps,531,532,17.7,background,1,1,1,1,0,0,0,640,480,0.9218409657478333,0,0.921539306640625,85.27752685546875,609.1978149414062,478.9027404785156,345.8460693359375,265.35467529296875,0.9986019730567932,382.72686767578125,227.1846466064453,0.995964765548706,307.51678466796875,224.2592010498047,0.9958384037017822,420.016357421875,230.69247436523438,0.7648229002952576,253.59075927734375,225.68565368652344,0.964962899684906,457.300537109375,353.4427490234375,0.9988705515861511,170.46527099609375,365.31048583984375,0.9951193332672119,573.525390625,466.1322021484375,0.5795406699180603,28.944793701171875,468.775146484375,0.11305581778287888,546.84716796875,476.135498046875,0.01413433626294136,112.30511474609375,447.5361328125,0.0068267411552369595,398.5828857421875,480.0,0.0006187850376591086,221.97506713867188,480.0,0.00031633858452551067,421.1444091796875,462.7635192871094,0.000798586115706712,219.56837463378906,469.157958984375,0.0005385982221923769,386.685302734375,470.6119384765625,0.0005141774890944362,243.66555786132812,457.39874267578125,0.00041348731610924006
20,webcam-0__tcn__20260807-122153_raw_30fps,532,533,17.733333333333334,background,1,1,1,1,0,0,0,640,480,0.9258005023002625,0,0.713714599609375,84.650146484375,609.9638671875,478.9185791015625,345.7865295410156,265.2867431640625,0.9986108541488647,382.7272644042969,227.1930694580078,0.9959467053413391,307.5359191894531,224.27825927734375,0.9958440661430359,420.08233642578125,230.6622314453125,0.7647525072097778,253.64468383789062,225.60577392578125,0.9649503827095032,457.7691650390625,353.9874572753906,0.9988394379615784,170.39295959472656,365.3473815917969,0.9950383305549622,573.3547973632812,466.6371154785156,0.5586668848991394,28.500701904296875,468.6656494140625,0.10955367237329483,549.287109375,476.33953857421875,0.013825921341776848,112.78428649902344,447.40679931640625,0.007007736247032881,399.01641845703125,480.0,0.0005865627317689359,222.05975341796875,480.0,0.0003034234687220305,421.2378845214844,462.4818115234375,0.0007889885455369949,219.41592407226562,468.5118408203125,0.0005368980928324163,387.181396484375,470.3301086425781,0.0005191388190723956,243.749267578125,456.99713134765625,0.0004159995005466044
20,webcam-0__tcn__20260807-122153_raw_30fps,533,534,17.766666666666666,background,1,1,1,1,0,0,0,640,480,0.7862060070037842,0,0.7989501953125,84.20428466796875,610.2711181640625,478.8806457519531,346.1609191894531,265.5301208496094,0.9985468983650208,382.955810546875,227.23455810546875,0.9958256483078003,307.6427917480469,223.85128784179688,0.9962477087974548,420.7243957519531,231.62265014648438,0.7543831467628479,253.52467346191406,225.76693725585938,0.9701349139213562,457.717041015625,353.6501770019531,0.9987414479255676,170.80494689941406,365.4670715332031,0.9950796365737915,573.5440063476562,467.4466552734375,0.530764102935791,27.368682861328125,468.76702880859375,0.10659531503915787,548.7809448242188,476.215576171875,0.014629733748733997,115.77264404296875,446.3447570800781,0.007772371638566256,399.6148681640625,480.0,0.0006038766005076468,222.54354858398438,480.0,0.0003175602469127625,422.2048034667969,462.7650451660156,0.0007892095600254834,220.28366088867188,468.8814392089844,0.0005242279730737209,388.01605224609375,470.3013000488281,0.0005255798459984362,245.46250915527344,457.046630859375,0.0004065045213792473
20,webcam-0__tcn__20260807-122153_raw_30fps,534,535,17.8,background,1,1,1,1,0,0,0,640,480,0.8190392255783081,0,1.020599365234375,84.0726318359375,610.210693359375,478.8873291015625,346.1891174316406,265.5195617675781,0.9985612034797668,382.95733642578125,227.232421875,0.9958606362342834,307.6438293457031,223.84060668945312,0.996279776096344,420.7800598144531,231.57154846191406,0.7553995847702026,253.47952270507812,225.71461486816406,0.9700149893760681,457.9764404296875,354.0931091308594,0.9987298846244812,170.48780822753906,365.7477722167969,0.995079517364502,573.4505615234375,467.7194519042969,0.5290243029594421,27.361236572265625,468.23553466796875,0.1067453920841217,548.569091796875,476.39959716796875,0.014394251629710197,115.12754821777344,445.9286193847656,0.0076309069991111755,399.5989074707031,480.0,0.0005961321876384318,222.43191528320312,480.0,0.00031606032280251384,421.33740234375,462.96649169921875,0.0007854975410737097,219.43336486816406,469.0614318847656,0.0005238403682596982,387.4713439941406,470.3385314941406,0.0005219797021709383,244.99407958984375,457.1120300292969,0.00040512438863515854
20,webcam-0__tcn__20260807-122153_raw_30fps,535,536,17.833333333333332,background,1,1,1,1,0,0,0,640,480,0.9021124839782715,0,1.1790771484375,84.06045532226562,610.0452880859375,478.9045715332031,345.9473876953125,265.83233642578125,0.9985430240631104,383.1885070800781,227.21630859375,0.9957809448242188,307.5189514160156,223.66384887695312,0.9962372779846191,421.0093994140625,231.37725830078125,0.7636345028877258,253.33016967773438,225.06649780273438,0.9713335037231445,458.2415466308594,353.5572509765625,0.9987819790840149,170.0196075439453,365.8591003417969,0.9949803948402405,573.9327392578125,466.8963317871094,0.5648472905158997,28.138519287109375,468.1521301269531,0.10499274730682373,550.0184936523438,476.61981201171875,0.015173530206084251,113.41162109375,447.2778015136719,0.007135008927434683,399.6925964355469,480.0,0.0006434767856262624,222.23150634765625,480.0,0.0003306939033791423,422.22760009765625,461.9639892578125,0.0008198714931495488,219.1328125,467.9158935546875,0.0005401207017712295,388.2811279296875,469.8353271484375,0.0005189463845454156,244.00669860839844,456.486083984375,0.0004152720212005079
20,webcam-0__tcn__20260807-122153_raw_30fps,536,537,17.866666666666667,background,1,1,2,2,0,0,0,640,480,0.693531334400177,0,1.151611328125,84.45367431640625,610.612548828125,478.9054260253906,345.9490966796875,265.80828857421875,0.9985413551330566,383.19384765625,227.2220916748047,0.9958036541938782,307.5532531738281,223.6679229736328,0.9962221384048462,420.98992919921875,231.32467651367188,0.765981912612915,253.40887451171875,224.9936981201172,0.9712579250335693,458.2670593261719,353.6092224121094,0.9987810254096985,169.79159545898438,365.9159240722656,0.9949362277984619,573.6052856445312,467.1197204589844,0.567773699760437,27.8677978515625,468.09527587890625,0.10405957698822021,550.5501098632812,476.86065673828125,0.015291598625481129,112.53718566894531,447.222900390625,0.007163375150412321,399.8218994140625,480.0,0.0006272075115703046,222.34320068359375,480.0,0.0003220101061742753,421.8058776855469,462.36181640625,0.000810533354524523,219.1068572998047,468.313720703125,0.0005347367259673774,387.7736511230469,469.7987976074219,0.0005160971195437014,243.90420532226562,456.60504150390625,0.0004140872915741056
20,webcam-0__tcn__20260807-122153_raw_30fps,536,537,17.866666666666667,background,1,1,2,2,1,1,1,640,480,0.32009297609329224,0,3.788604736328125,84.43963623046875,611.1699829101562,479.628662109375,346.1756286621094,266.52410888671875,0.9990167617797852,382.5043029785156,227.82484436035156,0.9971261620521545,307.7988586425781,224.05104064941406,0.9971278309822083,419.78167724609375,231.173095703125,0.7762778997421265,254.07012939453125,224.65170288085938,0.973450243473053,455.5345458984375,354.2879333496094,0.9990239143371582,172.998291015625,364.6676330566406,0.9958971738815308,576.33837890625,468.0890197753906,0.6275055408477783,25.78302001953125,467.3261413574219,0.09972672164440155,551.8740844726562,475.78448486328125,0.013371588662266731,108.61573791503906,450.0295715332031,0.005170327611267567,398.032470703125,480.0,0.00047010372509248555,223.7188262939453,480.0,0.00022201737738214433,427.23236083984375,463.779296875,0.0010037940228357911,218.66119384765625,471.0321350097656,0.0005610111984424293,389.5733337402344,478.31640625,0.0005164029425941408,246.9729461669922,462.1434326171875,0.000358180288458243
20,webcam-0__tcn__20260807-122153_raw_30fps,537,538,17.9,background,1,1,1,1,0,0,0,640,480,0.9337077736854553,0,1.050933837890625,85.262451171875,610.7633056640625,478.91595458984375,345.75018310546875,265.9975280761719,0.9984461665153503,382.852294921875,227.35035705566406,0.9955552220344543,307.4370422363281,223.88687133789062,0.9961051940917969,420.5390625,232.07101440429688,0.7776380777359009,253.6077423095703,225.96627807617188,0.9730537533760071,459.36907958984375,355.0596618652344,0.9986217021942139,168.7158966064453,367.4465026855469,0.9947320222854614,574.3543090820312,467.34173583984375,0.4848031997680664,28.091949462890625,469.80133056640625,0.0882747620344162,542.5191040039062,474.5439147949219,0.012939361855387688,112.79791259765625,447.4307861328125,0.00688264612108469,400.56402587890625,480.0,0.0006540953763760626,221.72976684570312,480.0,0.0003377771354280412,422.8509216308594,461.9193115234375,0.000839036947581917,220.17359924316406,468.6515808105469,0.0005415045307017863,388.1432189941406,470.25579833984375,0.0005247834487818182,244.63796997070312,457.0172424316406,0.0004102792590856552
20,webcam-0__tcn__20260807-122153_raw_30fps,538,539,17.933333333333334,background,1,1,1,1,0,0,0,640,480,0.9144446849822998,0,0.92529296875,85.3642578125,609.19287109375,478.89141845703125,346.2466125488281,265.47113037109375,0.998439610004425,383.2364807128906,225.6217498779297,0.9951069355010986,307.5684509277344,222.31967163085938,0.9961572289466858,420.1874084472656,231.97451782226562,0.7336404323577881,253.49423217773438,226.3109893798828,0.9744142889976501,459.1061706542969,354.76678466796875,0.9985809326171875,168.8284912109375,367.01953125,0.9945160746574402,573.7655639648438,466.5127868652344,0.5037443041801453,27.51007080078125,469.51971435546875,0.09119880199432373,544.001708984375,473.9228515625,0.01326180249452591,109.4617919921875,447.9878234863281,0.006620452739298344,400.8188781738281,480.0,0.0006679492071270943,221.16635131835938,480.0,0.0003421733563300222,422.5289611816406,462.14373779296875,0.0009152033599093556,218.83969116210938,468.8326416015625,0.000592305907048285,387.8318786621094,470.0858459472656,0.0005089854821562767,243.21632385253906,457.2549133300781,0.0004047924012411386
20,webcam-0__tcn__20260807-122153_raw_30fps,539,540,17.966666666666665,background,1,1,1,1,0,0,0,640,480,0.9123172163963318,0,0.5546875,85.88787841796875,608.0625,478.893798828125,346.1367492675781,264.60162353515625,0.9984993934631348,383.5141906738281,224.33062744140625,0.9947867393493652,307.47137451171875,221.27169799804688,0.9962520003318787,420.2006530761719,230.52069091796875,0.7171468734741211,253.34567260742188,225.22164916992188,0.976058304309845,459.0328674316406,354.3240051269531,0.9985620379447937,167.64364624023438,367.20220947265625,0.9943285584449768,574.2053833007812,467.5523376464844,0.502215564250946,27.139862060546875,470.85693359375,0.08377353847026825,547.9454345703125,474.297607421875,0.014531152322888374,112.85798645019531,447.20135498046875,0.006327086593955755,399.7245788574219,480.0,0.0006421402795240283,219.41749572753906,480.0,0.00032445782562717795,421.42156982421875,461.4293212890625,0.0009030658984556794,218.41439819335938,468.03399658203125,0.0005784999229945242,388.1346740722656,469.22601318359375,0.0005058242822997272,243.26150512695312,456.63323974609375,0.00039958948036655784
20,webcam-0__tcn__20260807-122153_raw_30fps,540,541,18.0,background,1,1,1,1,0,0,0,640,480,0.9205641746520996,0,0.89080810546875,86.5299072265625,602.93798828125,478.9076843261719,345.5859375,264.09722900390625,0.998490571975708,382.6148986816406,224.0533447265625,0.9947819113731384,307.01043701171875,220.89166259765625,0.9963310360908508,419.594482421875,230.27328491210938,0.7284209728240967,253.22451782226562,224.904296875,0.9762724041938782,459.37213134765625,354.1492004394531,0.9985517859458923,168.30609130859375,366.60858154296875,0.9947638511657715,575.101318359375,468.3941650390625,0.5010243654251099,27.38720703125,470.7205810546875,0.09540000557899475,537.5418701171875,472.192626953125,0.016320519149303436,114.02305603027344,446.8044128417969,0.0070284646935760975,399.7054748535156,480.0,0.0006107532535679638,219.6011505126953,480.0,0.00031377613777294755,422.735595703125,461.2947998046875,0.0009108802769333124,218.53619384765625,468.1138916015625,0.000557084393221885,388.67938232421875,470.06591796875,0.0005114116938784719,243.73248291015625,457.19091796875,0.000377060379832983
20,webcam-0__tcn__20260807-122153_raw_30fps,541,542,18.033333333333335,background,1,1,1,1,0,0,0,640,480,0.9437665939331055,0,0.7176513671875,85.83758544921875,603.2255859375,478.8988037109375,345.9093017578125,263.30645751953125,0.9984667301177979,382.2452697753906,222.79066467285156,0.9948861002922058,307.5291748046875,219.86407470703125,0.9963357448577881,419.0151062011719,229.30526733398438,0.7598150968551636,254.81356811523438,224.55262756347656,0.9773968458175659,460.6028747558594,354.04620361328125,0.9985237717628479,168.52186584472656,366.0872497558594,0.9951204657554626,573.9893798828125,468.36505126953125,0.5022395849227905,28.9913330078125,468.85845947265625,0.10175345838069916,538.7527465820312,471.0375061035156,0.017141269519925117,109.68580627441406,444.94610595703125,0.007704945281147957,403.54937744140625,480.0,0.0005484585999511182,221.99545288085938,480.0,0.0002884298446588218,427.27520751953125,461.8682556152344,0.0009262162493541837,219.459716796875,467.98199462890625,0.0005466280272230506,391.6633605957031,470.1899719238281,0.0004788757360074669,245.9110107421875,457.200439453125,0.00034056679578498006
20,webcam-0__tcn__20260807-122153_raw_30fps,542,543,18.066666666666666,background,1,1,1,1,0,0,0,640,480,0.9440687894821167,0,0.0,86.48358154296875,603.077392578125,478.9032897949219,346.0316162109375,262.86474609375,0.9984691739082336,382.3463439941406,222.75205993652344,0.9949295520782471,307.4103088378906,219.82400512695312,0.9962683320045471,419.59002685546875,229.44390869140625,0.7709285616874695,254.51187133789062,224.7718505859375,0.9775503873825073,460.14227294921875,354.2763671875,0.9984844326972961,167.20611572265625,366.8923645019531,0.9951476454734802,574.3084106445312,467.76043701171875,0.4902436435222626,27.396728515625,469.16363525390625,0.09527759253978729,538.8841552734375,468.42303466796875,0.017702296376228333,107.80099487304688,445.4031982421875,0.007472166791558266,401.9879150390625,480.0,0.0005397936911322176,220.52078247070312,480.0,0.00028037664014846087,424.71588134765625,461.7083435058594,0.0009391095372848213,218.08106994628906,468.6872253417969,0.0005341236246749759,388.79986572265625,470.0318603515625,0.000483107753098011,244.50198364257812,457.3143310546875,0.00033320888178423047
20,webcam-0__tcn__20260807-122153_raw_30fps,543,544,18.1,background,1,1,1,1,0,0,0,640,480,0.9365188479423523,0,0.217529296875,86.60028076171875,603.4017333984375,478.935302734375,345.6628112792969,261.58306884765625,0.998499870300293,382.5354309082031,221.6804962158203,0.9952219128608704,307.4168395996094,218.42247009277344,0.9961755275726318,420.0444030761719,228.6448211669922,0.7883003950119019,254.80418395996094,223.01666259765625,0.9758701324462891,459.6851806640625,353.739013671875,0.9985735416412354,167.14877319335938,365.9051513671875,0.9950507283210754,572.93701171875,467.50799560546875,0.5330071449279785,28.9281005859375,468.504150390625,0.09597887098789215,539.4794921875,472.4278259277344,0.016045376658439636,107.71133422851562,444.7412109375,0.007261096499860287,401.71600341796875,480.0,0.0005836858763359487,220.86447143554688,480.0,0.0002987426705658436,424.8965759277344,462.1795654296875,0.0009335521026514471,218.63552856445312,468.7677001953125,0.0005618933937512338,389.7797546386719,470.2903747558594,0.0004739977593999356,245.17202758789062,457.592529296875,0.00035678333370015025
20,webcam-0__tcn__20260807-122153_raw_30fps,544,545,18.133333333333333,background,1,1,1,1,0,0,0,640,480,0.9440803527832031,0,0.0,86.3944091796875,604.100341796875,478.9349060058594,345.5370788574219,260.9368591308594,0.9984820485115051,382.2689208984375,220.82476806640625,0.9950803518295288,307.4411315917969,217.446044921875,0.9961488246917725,419.322265625,228.01771545410156,0.7800771594047546,254.86209106445312,222.21170043945312,0.9763763546943665,460.22216796875,353.8673400878906,0.998532772064209,166.32081604003906,366.93115234375,0.9948933124542236,573.8327026367188,467.528564453125,0.5162500739097595,27.56146240234375,469.233642578125,0.09220938384532928,533.8661499023438,473.01702880859375,0.014168821275234222,107.57275390625,445.6009216308594,0.0068383836187422276,400.5198974609375,480.0,0.0005725487717427313,218.66195678710938,480.0,0.0002912894997280091,422.1626892089844,462.0101623535156,0.0009193390142172575,217.04095458984375,468.9495849609375,0.0005574014503508806,387.2029724121094,469.69110107421875,0.0004778356524184346,242.81642150878906,457.1891784667969,0.00036607723450288177
20,webcam-0__tcn__20260807-122153_raw_30fps,545,546,18.166666666666668,background,1,1,1,1,0,0,0,640,480,0.9238138198852539,0,0.0,86.15277099609375,602.817138671875,478.90087890625,345.4006652832031,260.892578125,0.9984614849090576,382.3795166015625,220.76419067382812,0.9949593544006348,307.3010559082031,217.5207061767578,0.9961014986038208,419.4267883300781,228.0880889892578,0.7814576625823975,254.70005798339844,222.46697998046875,0.976815938949585,460.2156982421875,353.86895751953125,0.9985296726226807,167.29751586914062,366.671630859375,0.9949939846992493,574.4494018554688,467.90374755859375,0.52506023645401,28.173736572265625,469.5171203613281,0.09819217026233673,540.57666015625,472.19464111328125,0.01636177860200405,109.60598754882812,446.66339111328125,0.006879488937556744,400.9053955078125,480.0,0.0005756979808211327,219.23593139648438,480.0,0.0002990943321492523,422.881591796875,461.6084289550781,0.0009427596814930439,216.8013916015625,468.39385986328125,0.0005776951438747346,388.5220947265625,469.4866638183594,0.0004913803422823548,242.8624267578125,456.9610595703125,0.0003754271601792425
20,webcam-0__tcn__20260807-122153_raw_30fps,546,547,18.2,background,1,1,1,1,0,0,0,640,480,0.9300219416618347,0,0.0,86.84066772460938,602.6503295898438,478.90234375,345.34857177734375,260.9116516113281,0.9984403252601624,382.39459228515625,220.79493713378906,0.9948675632476807,307.4756164550781,217.39083862304688,0.9961013793945312,419.666015625,227.81613159179688,0.7740708589553833,255.13613891601562,221.7466278076172,0.975507915019989,460.3800354003906,353.9599609375,0.9985302686691284,168.49533081054688,365.4828186035156,0.995198667049408,575.1905517578125,467.52783203125,0.5313270092010498,28.53192138671875,469.2734375,0.10574393719434738,538.6810302734375,471.9090270996094,0.016839701682329178,108.70953369140625,445.55059814453125,0.0068991840817034245,400.86285400390625,480.0,0.000570095086004585,220.01229858398438,480.0,0.0002999481512233615,422.132568359375,461.49224853515625,0.000941433128900826,216.80763244628906,467.8241882324219,0.000578584847971797,388.0602722167969,469.91607666015625,0.0004939977661706507,242.630859375,456.9769287109375,0.00037318674731068313
20,webcam-0__tcn__20260807-122153_raw_30fps,547,548,18.233333333333334,background,1,1,1,1,0,0,0,640,480,0.937574565410614,0,0.26171875,86.17532348632812,606.2319946289062,478.86285400390625,344.70391845703125,260.7202453613281,0.9984667301177979,381.6807861328125,220.77024841308594,0.9952588677406311,306.7474670410156,217.31825256347656,0.9961917400360107,419.35211181640625,228.58946228027344,0.7959018349647522,254.49034118652344,222.474365234375,0.9760125279426575,460.70452880859375,353.86810302734375,0.9985552430152893,168.28802490234375,365.5432434082031,0.9948467016220093,573.7448120117188,467.257568359375,0.5232670307159424,28.410308837890625,469.4140625,0.09607251733541489,542.0570068359375,473.85205078125,0.015706082805991173,110.836181640625,445.29168701171875,0.007155962288379669,401.6119384765625,480.0,0.000611293944530189,220.65145874023438,480.0,0.0003196926845703274,422.9560852050781,461.94000244140625,0.0009458587155677378,218.4577178955078,467.68524169921875,0.0006067973445169628,389.2344055175781,470.02459716796875,0.0004893656587228179,244.13223266601562,457.2911682128906,0.00039347168058156967
20,webcam-0__tcn__20260807-122153_raw_30fps,548,549,18.266666666666666,background,1,1,1,1,0,0,0,640,480,0.9438311457633972,0,0.5162353515625,86.18011474609375,606.998291015625,478.88690185546875,344.69085693359375,260.826416015625,0.9984135627746582,381.66375732421875,220.70913696289062,0.9952307343482971,306.7669677734375,217.330810546875,0.9962557554244995,419.2565612792969,228.54713439941406,0.8027305603027344,254.8243408203125,222.5380859375,0.9773050546646118,460.70330810546875,353.7321472167969,0.9985736608505249,168.10369873046875,365.1533508300781,0.9950291514396667,573.7108154296875,466.6798400878906,0.531424880027771,28.07177734375,469.377197265625,0.0954744890332222,543.7294921875,474.6737976074219,0.014521118253469467,106.9488525390625,444.01556396484375,0.006840560119599104,402.97015380859375,480.0,0.0005902014090679586,221.91014099121094,480.0,0.00031199236400425434,422.92724609375,462.43341064453125,0.0009056138806045055,218.88169860839844,468.0227355957031,0.0005925577715970576,388.4555358886719,469.73309326171875,0.00046516297152265906,244.6534423828125,456.90576171875,0.00038444838719442487
20,webcam-0__tcn__20260807-122153_raw_30fps,549,550,18.3,background,1,1,1,1,0,0,0,640,480,0.944373607635498,0,0.142608642578125,86.40789794921875,606.796142578125,478.882568359375,344.6885070800781,260.8218994140625,0.9984703660011292,381.66534423828125,220.73782348632812,0.9952777624130249,306.776611328125,217.35577392578125,0.9962427616119385,419.2725830078125,228.56451416015625,0.8036928772926331,254.80201721191406,222.54757690429688,0.9774190187454224,460.77691650390625,354.12469482421875,0.9985948204994202,167.0860595703125,366.0682373046875,0.9946990013122559,573.545166015625,466.6854553222656,0.5292763710021973,28.847412109375,470.7253723144531,0.08515004813671112,543.5390625,475.0415344238281,0.014890331774950027,110.99114990234375,444.224365234375,0.006766522768884897,401.6024169921875,480.0,0.0006094364798627794,220.08282470703125,480.0,0.00031356621184386313,422.97540283203125,462.1198425292969,0.0008918402018025517,220.00741577148438,467.82861328125,0.0005919469986110926,388.61322021484375,469.1395568847656,0.0004621412663254887,245.07763671875,456.6938781738281,0.0003920246090274304
20,webcam-0__tcn__20260807-122153_raw_30fps,550,551,18.333333333333332,background,1,1,1,1,0,0,0,640,480,0.8508850932121277,0,0.88433837890625,86.5196533203125,608.2926025390625,478.8758239746094,343.87567138671875,260.75238037109375,0.9986212253570557,380.6740417480469,221.27159118652344,0.9953428506851196,306.27978515625,217.86087036132812,0.9958063364028931,417.2471923828125,229.07199096679688,0.7758548855781555,254.12704467773438,223.04388427734375,0.9717028737068176,459.879638671875,353.5649108886719,0.9986513257026672,166.28713989257812,366.7997131347656,0.9939305782318115,574.215087890625,467.21246337890625,0.5219631195068359,28.740234375,472.2801208496094,0.07301884144544601,546.07861328125,474.2958679199219,0.01658286340534687,111.83314514160156,444.45751953125,0.006394858937710524,400.81396484375,480.0,0.0006079263985157013,219.0970458984375,480.0,0.0002943514264188707,422.3737487792969,461.5301513671875,0.0009457794367335737,220.94131469726562,467.91473388671875,0.0005966830067336559,388.4252624511719,468.47027587890625,0.000484501855680719,245.406494140625,456.4781188964844,0.0003932517138309777
20,webcam-0__tcn__20260807-122153_raw_30fps,551,552,18.366666666666667,background,1,1,1,1,0,0,0,640,480,0.8813991546630859,0,0.352264404296875,86.5875244140625,606.962646484375,478.9034729003906,343.8350830078125,260.7306213378906,0.9985864162445068,380.6278381347656,221.23609924316406,0.9953125715255737,306.2409362792969,217.82870483398438,0.995722770690918,417.1034851074219,229.09225463867188,0.7760410308837891,254.16412353515625,223.07305908203125,0.971195638179779,459.77862548828125,353.3703918457031,0.998666524887085,166.8462677001953,366.2606201171875,0.9942114949226379,574.9201049804688,467.3875732421875,0.5254577994346619,27.822265625,471.8129577636719,0.07926851511001587,546.7246704101562,473.8690185546875,0.016898633912205696,110.64488220214844,445.041015625,0.006457234267145395,400.78338623046875,480.0,0.0006065602647140622,219.3023681640625,480.0,0.0002988093183375895,422.57904052734375,461.6114501953125,0.0009487640927545726,220.28363037109375,467.8798828125,0.0006004616734571755,388.848876953125,468.6880798339844,0.0004867634561378509,244.97091674804688,456.6058349609375,0.0003916462301276624
20,webcam-0__tcn__20260807-122153_raw_30fps,552,553,18.4,background,1,1,1,1,0,0,0,640,480,0.8628973364830017,0,0.287811279296875,86.08209228515625,607.67724609375,478.8834228515625,343.97894287109375,260.71282958984375,0.9985584616661072,380.694580078125,221.18353271484375,0.9952074885368347,306.14569091796875,217.63514709472656,0.9957855343818665,417.03662109375,229.087646484375,0.7684884071350098,253.55038452148438,222.88943481445312,0.9732171297073364,460.2244567871094,353.6598205566406,0.9986573457717896,166.07032775878906,366.7132568359375,0.9942980408668518,574.3046264648438,466.8721008300781,0.5385047197341919,27.6243896484375,471.62939453125,0.08302672207355499,548.22705078125,474.38592529296875,0.017447028309106827,109.22059631347656,445.2157287597656,0.006439094431698322,401.91900634765625,480.0,0.0005703907227143645,219.66270446777344,480.0,0.00028335119714029133,423.5171203613281,462.0653991699219,0.0009413607767783105,219.93406677246094,468.38726806640625,0.0005974398809485137,389.5110168457031,468.7584533691406,0.0004790044913534075,245.1072998046875,456.693359375,0.00038761968608014286
20,webcam-0__tcn__20260807-122153_raw_30fps,553,554,18.433333333333334,background,1,1,1,1,0,0,0,640,480,0.9421906471252441,0,0.0,84.42822265625,609.1503295898438,478.9363098144531,343.1219177246094,260.8300476074219,0.9984403252601624,379.765625,221.1441650390625,0.9952644109725952,304.85479736328125,217.96450805664062,0.9958786964416504,416.58319091796875,228.62965393066406,0.7754661440849304,252.06297302246094,223.31784057617188,0.9728710651397705,458.2657470703125,351.86016845703125,0.9987121820449829,168.24131774902344,364.3651123046875,0.9949696660041809,575.0333251953125,467.802734375,0.5712655782699585,26.453033447265625,467.91009521484375,0.10890297591686249,550.6382446289062,473.6300354003906,0.01917276903986931,105.37966918945312,445.72198486328125,0.006663206499069929,401.7095947265625,480.0,0.0006101141916587949,222.29315185546875,480.0,0.0003217959019821137,421.30499267578125,461.7989501953125,0.0010106974514201283,216.69158935546875,468.79388427734375,0.0006335893413051963,387.75140380859375,469.7091064453125,0.0005008765147067606,242.68911743164062,457.4717102050781,0.0003861419972963631
20,webcam-0__tcn__20260807-122153_raw_30fps,554,555,18.466666666666665,background,1,1,1,1,0,0,0,640,480,0.9423689246177673,0,0.0,84.70947265625,608.6810302734375,478.93048095703125,342.82452392578125,260.69384765625,0.9984488487243652,379.51171875,221.24716186523438,0.9952844977378845,304.63592529296875,217.9517364501953,0.9958668947219849,416.395263671875,228.77879333496094,0.7806302905082703,251.793212890625,223.23013305664062,0.9731970429420471,458.3554992675781,352.0907287597656,0.9987441301345825,167.8085174560547,364.8921203613281,0.9948914051055908,574.9856567382812,467.3973083496094,0.5828579068183899,26.48468017578125,468.36083984375,0.10991577059030533,548.070556640625,473.3266906738281,0.0182397048920393,106.54092407226562,445.7890319824219,0.006753533612936735,400.8174133300781,480.0,0.0006657648482359946,221.3870391845703,480.0,0.00034781749127432704,421.0962219238281,461.34149169921875,0.0010168696753680706,216.27650451660156,468.5433349609375,0.0006479914882220328,387.7603759765625,469.69854736328125,0.0005037999944761395,242.2074432373047,457.4080810546875,0.00040193693712353706
20,webcam-0__tcn__20260807-122153_raw_30fps,555,556,18.5,background,1,1,1,1,0,0,0,640,480,0.9433655142784119,0,0.06866455078125,85.8702392578125,608.9219360351562,478.9277648925781,342.0516357421875,260.71148681640625,0.9986183643341064,378.95751953125,222.56849670410156,0.9956676959991455,303.72808837890625,219.79531860351562,0.9956510663032532,416.919189453125,228.53439331054688,0.800271213054657,251.15841674804688,224.02639770507812,0.9654707908630371,458.25592041015625,351.955078125,0.9987902045249939,166.44021606445312,365.83331298828125,0.99473637342453,572.8546752929688,466.72314453125,0.5772829055786133,27.360321044921875,469.29010009765625,0.09148959815502167,552.5067749023438,473.53369140625,0.02009887434542179,107.70314025878906,444.6722106933594,0.006862299051135778,400.1267395019531,480.0,0.0006282529793679714,220.03997802734375,480.0,0.0003096159198321402,423.2261962890625,461.85150146484375,0.0009394616936333477,217.97052001953125,468.4573059082031,0.0005673719570040703,389.47906494140625,468.7887268066406,0.0004888404509983957,243.8548583984375,456.1710510253906,0.00037330007762648165
20,webcam-0__tcn__20260807-122153_raw_30fps,556,557,18.533333333333335,background,1,1,1,1,0,0,0,640,480,0.9431405663490295,0,0.0,85.055419921875,606.9791259765625,478.92523193359375,342.03546142578125,260.14703369140625,0.9986479878425598,379.12188720703125,221.88621520996094,0.9956082701683044,304.0732116699219,218.6197967529297,0.9959872364997864,416.1888122558594,229.82427978515625,0.7898334860801697,251.55422973632812,224.15090942382812,0.9709926247596741,458.12591552734375,352.04241943359375,0.9987830519676208,166.9815673828125,364.9677734375,0.99479079246521,572.49609375,465.9576416015625,0.5995873808860779,27.058197021484375,468.8072509765625,0.09933711588382721,553.335693359375,473.3407287597656,0.021202171221375465,106.577880859375,444.20831298828125,0.006983925588428974,400.95184326171875,480.0,0.0006162170320749283,220.8631134033203,480.0,0.000308556278469041,423.41253662109375,461.9936828613281,0.0009640694479458034,217.60821533203125,468.2511291503906,0.0005993559025228024,389.6134338378906,468.89752197265625,0.0004849544493481517,243.8118896484375,456.45013427734375,0.00038192764623090625
20,webcam-0__tcn__20260807-122153_raw_30fps,557,558,18.566666666666666,background,1,1,1,1,0,0,0,640,480,0.9439792037010193,0,0.0,85.0584716796875,606.5748901367188,478.9015197753906,342.2778625488281,260.3358459472656,0.9986461997032166,379.4222412109375,221.47557067871094,0.995465874671936,304.2585144042969,218.52578735351562,0.9960921406745911,416.3382568359375,229.25540161132812,0.7838603258132935,251.73776245117188,224.21548461914062,0.9726324677467346,458.2066650390625,352.49969482421875,0.9987232089042664,166.86061096191406,365.848388671875,0.9945801496505737,573.6160278320312,466.7332763671875,0.5788682699203491,27.837921142578125,469.3387756347656,0.09409540146589279,554.146728515625,471.4171142578125,0.024638142436742783,110.3975830078125,445.37213134765625,0.007178057450801134,399.68194580078125,480.0,0.0006255047046579421,219.29745483398438,480.0,0.0003142335917800665,421.828857421875,462.23504638671875,0.0009618963813409209,217.24073791503906,468.2635192871094,0.0005942023708485067,389.2657470703125,468.74951171875,0.0004956909106113017,243.3416290283203,456.462890625,0.0003885243786498904
20,webcam-0__tcn__20260807-122153_raw_30fps,558,559,18.6,background,1,1,1,1,0,0,0,640,480,0.9434522986412048,0,0.0,85.2398681640625,605.4749755859375,478.9604797363281,342.07623291015625,260.3813781738281,0.9986371397972107,378.98504638671875,221.7799835205078,0.9956389665603638,303.9419250488281,219.07948303222656,0.9961186647415161,416.0430908203125,228.6621856689453,0.7946040630340576,251.42800903320312,224.23464965820312,0.9714961647987366,457.8299560546875,352.59820556640625,0.9987183809280396,166.70965576171875,365.8311462402344,0.9945408701896667,573.434326171875,465.9509582519531,0.5812663435935974,29.429412841796875,468.1482849121094,0.10139524936676025,547.3609619140625,471.2165222167969,0.020240668207406998,107.11508178710938,445.52264404296875,0.006958432495594025,398.1387634277344,480.0,0.000646355445496738,218.28160095214844,480.0,0.0003263704420533031,420.4344787597656,462.19293212890625,0.0009315577917732298,216.8092803955078,468.8533630371094,0.0005826669512316585,387.44219970703125,469.3765869140625,0.0004993777256458998,241.89187622070312,456.94464111328125,0.00039698349428363144
20,webcam-0__tcn__20260807-122153_raw_30fps,559,560,18.633333333333333,background,1,1,1,1,0,0,0,640,480,0.9436947107315063,0,0.14801025390625,85.39044189453125,605.6986083984375,478.97210693359375,341.2131042480469,260.5108337402344,0.9986950755119324,377.74505615234375,223.77975463867188,0.995793342590332,303.05975341796875,221.48199462890625,0.9960095882415771,416.1906433105469,229.2366943359375,0.8049535155296326,250.84034729003906,225.7505645751953,0.9640309810638428,457.3333740234375,352.8216552734375,0.9987799525260925,168.08209228515625,366.0143737792969,0.9949872493743896,572.669921875,466.26190185546875,0.5816545486450195,29.624542236328125,467.6914367675781,0.1075427383184433,545.0546264648438,472.857421875,0.018046224489808083,106.46266174316406,445.58544921875,0.007107194513082504,397.6504211425781,480.0,0.0006615160964429379,219.36007690429688,480.0,0.00033774264738895,419.48443603515625,462.29571533203125,0.000885844579897821,214.82293701171875,469.2913818359375,0.0005444511771202087,386.1776123046875,469.9168701171875,0.0005151804652996361,240.10592651367188,456.84002685546875,0.00039037474198266864
20,webcam-0__tcn__20260807-122153_raw_30fps,560,561,18.666666666666668,background,1,1,1,1,0,0,0,640,480,0.9419291615486145,0,0.0,85.114013671875,605.4314575195312,478.95062255859375,341.2782897949219,260.50848388671875,0.9986903071403503,377.7331848144531,223.22979736328125,0.9957383871078491,303.1439208984375,220.6595916748047,0.9961246848106384,415.4695739746094,230.06295776367188,0.7858626842498779,250.80079650878906,226.0367431640625,0.9659821391105652,457.1121520996094,352.7197570800781,0.9987755417823792,169.0623321533203,365.3539123535156,0.9949925541877747,572.4168701171875,466.380615234375,0.5977998971939087,29.555206298828125,467.4674072265625,0.11675950139760971,549.0869140625,473.72784423828125,0.018029915168881416,103.35113525390625,446.2267150878906,0.006895845755934715,399.80096435546875,480.0,0.0006570612895302474,221.49472045898438,480.0,0.00034249009331688285,420.5816650390625,462.64154052734375,0.0009256141493096948,214.89266967773438,469.26031494140625,0.0005770364659838378,387.2069091796875,470.0220947265625,0.0005103734438307583,239.87832641601562,456.9717102050781,0.000393159338273108
20,webcam-0__tcn__20260807-122153_raw_30fps,561,562,18.7,background,1,1,1,1,0,0,0,640,480,0.9412250518798828,0,0.0,84.5235595703125,608.3404541015625,478.93023681640625,341.18731689453125,260.5073547363281,0.9987245202064514,377.8179931640625,222.69937133789062,0.9957661628723145,303.0943908691406,220.21722412109375,0.9960427284240723,415.677978515625,229.99420166015625,0.795411229133606,251.21014404296875,226.088623046875,0.9666807651519775,457.56439208984375,353.2358093261719,0.9987192153930664,167.61956787109375,367.3641357421875,0.9946789741516113,570.2106323242188,466.2706298828125,0.5584889650344849,27.907501220703125,470.0999755859375,0.09210211783647537,550.4989013671875,474.8932189941406,0.015003441832959652,106.9261474609375,445.47222900390625,0.006455047056078911,400.11346435546875,480.0,0.0006401040591299534,220.49404907226562,480.0,0.0003243659739382565,420.114501953125,462.3629455566406,0.0009314873605035245,215.76300048828125,469.19195556640625,0.0005859866505488753,386.89459228515625,468.865234375,0.000498003966640681,240.9768829345703,456.1791687011719,0.00039738602936267853
20,webcam-0__tcn__20260807-122153_raw_30fps,562,563,18.733333333333334,background,1,1,1,1,0,0,0,640,480,0.9439067840576172,0,0.0,84.47625732421875,607.53662109375,478.9302978515625,341.2676086425781,260.67510986328125,0.9987699389457703,377.642578125,222.57350158691406,0.9957270622253418,303.095458984375,220.09243774414062,0.9962224960327148,415.4303283691406,229.54837036132812,0.7746931314468384,251.0215301513672,225.7135009765625,0.9676032066345215,457.67095947265625,353.39166259765625,0.9987240433692932,166.93450927734375,367.33843994140625,0.9946073889732361,570.8611450195312,465.71160888671875,0.5672123432159424,27.123260498046875,470.6411437988281,0.090559221804142,554.38134765625,473.6346130371094,0.016830988228321075,107.45646667480469,445.2138671875,0.006419498473405838,399.76739501953125,480.0,0.0005959146656095982,220.15927124023438,480.0,0.0003023397584911436,418.46051025390625,461.6627197265625,0.0009223752422258258,215.25465393066406,468.45220947265625,0.0005786148831248283,385.8154296875,468.13238525390625,0.0004913053708150983,240.4760284423828,455.5045471191406,0.00038861771463416517
20,webcam-0__tcn__20260807-122153_raw_30fps,563,564,18.766666666666666,background,1,1,1,1,0,0,0,640,480,0.943862795829773,0,0.0,83.90338134765625,606.6631469726562,478.909912109375,341.0023193359375,260.9036865234375,0.9987188577651978,377.8226013183594,222.52548217773438,0.9955497980117798,302.4991455078125,219.81666564941406,0.9961430430412292,415.40789794921875,230.01510620117188,0.7581547498703003,249.66433715820312,225.6708526611328,0.9683540463447571,456.9113464355469,352.8781433105469,0.9987517595291138,167.02291870117188,365.79864501953125,0.9947047829627991,571.6776733398438,466.43115234375,0.5717161893844604,26.282562255859375,471.391357421875,0.10354800522327423,550.0336303710938,473.6365051269531,0.017068998888134956,109.88346862792969,446.123779296875,0.006762342061847448,398.7950439453125,480.0,0.0005885852151550353,219.1356658935547,480.0,0.00030049195629544556,419.00006103515625,461.9401550292969,0.0009110773098655045,215.0974884033203,468.2804870605469,0.0005780548672191799,386.6444091796875,468.666015625,0.0004993039183318615,240.30906677246094,455.843017578125,0.0003913062100764364
20,webcam-0__tcn__20260807-122153_raw_30fps,564,565,18.8,background,1,1,1,1,0,0,0,640,480,0.942124605178833,0,0.38702392578125,84.18853759765625,608.7935791015625,478.8915710449219,341.1337585449219,261.65057373046875,0.9985857009887695,377.538330078125,222.72178649902344,0.9953151941299438,302.88885498046875,220.10223388671875,0.9962854385375977,415.8285217285156,229.23468017578125,0.779042661190033,250.83596801757812,225.15701293945312,0.9716578722000122,457.58380126953125,352.4194030761719,0.9986832737922668,167.97213745117188,366.6873779296875,0.9947957396507263,572.7969360351562,465.8861389160156,0.5547944903373718,28.086212158203125,470.8736572265625,0.09425082802772522,552.3253173828125,475.20294189453125,0.01759665459394455,112.22825622558594,446.5615539550781,0.0064352815970778465,400.33319091796875,480.0,0.000609503302257508,221.51602172851562,480.0,0.00031548712286166847,419.2864074707031,461.6419372558594,0.0009196855826303363,217.38763427734375,468.06768798828125,0.0005695361760444939,387.0350341796875,468.73016357421875,0.0005025453283451498,242.7434844970703,456.203857421875,0.0003884510661009699
20,webcam-0__tcn__20260807-122153_raw_30fps,565,566,18.833333333333332,background,1,1,1,1,0,0,0,640,480,0.9405441284179688,0,0.634368896484375,84.3565673828125,606.36669921875,478.8944091796875,341.3115234375,261.7315673828125,0.9984831213951111,377.6799621582031,222.6923828125,0.9951275587081909,303.1766662597656,220.29348754882812,0.9960054755210876,416.111572265625,229.14627075195312,0.7866038084030151,251.7261962890625,225.41539001464844,0.9684601426124573,458.6304931640625,352.35528564453125,0.9986762404441833,170.65357971191406,364.256591796875,0.9950754046440125,574.4661865234375,467.4896545410156,0.5630419850349426,27.73052978515625,469.6522521972656,0.11323487758636475,554.15478515625,474.98626708984375,0.021577201783657074,109.91583251953125,446.2906799316406,0.007813477888703346,399.4130554199219,480.0,0.0005989467608742416,221.32623291015625,480.0,0.0003277720243204385,417.43695068359375,462.84637451171875,0.0008707883534952998,214.01556396484375,468.1219482421875,0.0005675022839568555,385.2317199707031,469.3152770996094,0.0005020686658099294,239.19332885742188,456.3912658691406,0.0003913008258678019
20,webcam-0__tcn__20260807-122153_raw_30fps,566,567,18.866666666666667,background,1,1,1,1,0,0,0,640,480,0.9414612650871277,0,0.614898681640625,84.85003662109375,606.7589721679688,478.88262939453125,341.28662109375,261.69769287109375,0.9984986782073975,377.6745300292969,222.7601776123047,0.9951241612434387,303.28228759765625,220.32537841796875,0.9959211349487305,416.1533203125,229.20172119140625,0.7904120683670044,251.97512817382812,225.37442016601562,0.9676240682601929,458.0237121582031,352.326904296875,0.9986839890480042,170.4640655517578,364.8556213378906,0.9949507713317871,574.2874755859375,467.3957214355469,0.5772319436073303,28.3115234375,469.568359375,0.10514049977064133,556.2294921875,474.23876953125,0.023881541565060616,108.90560913085938,446.3469543457031,0.00713098281994462,398.8338317871094,480.0,0.0006380535196512938,221.02256774902344,480.0,0.0003397469990886748,417.39251708984375,462.3062744140625,0.0009109214297495782,214.9296417236328,468.060302734375,0.0005737943574786186,385.5616455078125,468.9886779785156,0.0005038662347942591,239.6345977783203,456.23004150390625,0.00038832315476611257
20,webcam-0__tcn__20260807-122153_raw_30fps,567,568,18.9,background,1,1,1,1,0,0,0,640,480,0.9408718943595886,0,0.0,85.72454833984375,604.9005126953125,478.9427795410156,341.5197448730469,262.1631774902344,0.9984991550445557,377.70947265625,223.0907440185547,0.9950166344642639,303.29901123046875,220.736572265625,0.9959801435470581,415.51580810546875,229.37973022460938,0.767526388168335,251.37283325195312,225.8441162109375,0.9681677222251892,458.0271301269531,352.50164794921875,0.9986787438392639,170.66915893554688,364.4908752441406,0.9951502680778503,575.151123046875,468.05816650390625,0.5739145874977112,28.060516357421875,468.4580078125,0.12038478255271912,556.075927734375,472.88763427734375,0.02382531575858593,103.94877624511719,446.4668273925781,0.0069496207870543,398.0178527832031,480.0,0.0005689705722033978,220.24732971191406,480.0,0.0003134334983769804,413.915771484375,461.5465087890625,0.0009231216390617192,212.01121520996094,467.87982177734375,0.0005779173807241023,382.1305847167969,468.7877502441406,0.0005113056395202875,236.15530395507812,455.914306640625,0.0003801015263888985
20,webcam-0__tcn__20260807-122153_raw_30fps,568,569,18.933333333333334,background,1,1,1,1,0,0,0,640,480,0.9372860789299011,0,0.0,85.33554077148438,606.2166748046875,478.9257507324219,341.5029602050781,262.081298828125,0.9985260963439941,377.69378662109375,223.0966033935547,0.9950299263000488,303.3179931640625,220.70704650878906,0.9959238767623901,415.5588684082031,229.59130859375,0.7678227424621582,251.46151733398438,226.00726318359375,0.9681572318077087,458.3880615234375,352.5400085449219,0.9986913800239563,169.4742431640625,365.88336181640625,0.994949460029602,574.4654541015625,467.3397521972656,0.5841796398162842,27.427947998046875,469.2871398925781,0.10848142206668854,557.2805786132812,474.4029235839844,0.023971762508153915,105.31462097167969,446.39715576171875,0.006846004631370306,399.7797546386719,480.0,0.000564084853976965,221.190185546875,480.0,0.0002988224441651255,416.56195068359375,461.81097412109375,0.0009202859364449978,214.4229736328125,468.29278564453125,0.0005638986476697028,384.47796630859375,468.38287353515625,0.0005003020050935447,239.07119750976562,455.8577880859375,0.0003723939007613808
20,webcam-0__tcn__20260807-122153_raw_30fps,569,570,18.966666666666665,background,1,1,1,1,0,0,0,640,480,0.9352942109107971,0,0.0,85.13958740234375,604.0794677734375,478.9295654296875,341.7093505859375,262.30657958984375,0.9985791444778442,378.1730041503906,222.99148559570312,0.9950454235076904,303.35467529296875,220.5947265625,0.9960750937461853,416.3399658203125,229.16378784179688,0.7680052518844604,251.237060546875,225.53707885742188,0.9694815874099731,458.524658203125,352.59588623046875,0.9986704587936401,168.08250427246094,366.3054504394531,0.9945736527442932,574.2410888671875,467.27276611328125,0.5793587565422058,28.59033203125,469.5831604003906,0.09512052685022354,555.72216796875,474.61041259765625,0.02154681645333767,106.9398193359375,446.5188903808594,0.0061065880581736565,399.2158203125,480.0,0.000574862293433398,220.1369171142578,480.0,0.00029562885174527764,416.8348693847656,460.9871826171875,0.0009128407691605389,214.5913543701172,467.7281494140625,0.0005500821280293167,385.0315856933594,467.9026184082031,0.0004928489797748625,239.5949249267578,455.54119873046875,0.0003692163445521146
20,webcam-0__tcn__20260807-122153_raw_30fps,570,571,19.0,background,1,1,1,1,0,0,0,640,480,0.9188758730888367,0,0.0,84.97720336914062,602.07373046875,478.9248046875,342.2418212890625,263.001953125,0.9985336065292358,378.59881591796875,223.77786254882812,0.9952031373977661,304.2034912109375,221.0657958984375,0.996013879776001,416.4567565917969,230.02798461914062,0.7788437008857727,252.25631713867188,225.6331787109375,0.9702426195144653,458.7473449707031,353.5732421875,0.9986500144004822,169.4722442626953,365.56500244140625,0.9946280121803284,572.1551513671875,466.8277282714844,0.5650137662887573,29.607330322265625,468.7795715332031,0.10258132219314575,553.8847045898438,473.7003173828125,0.020144280046224594,108.24034118652344,446.95819091796875,0.0065634907223284245,398.50970458984375,480.0,0.0005697441520169377,219.7838134765625,480.0,0.0003010930377058685,417.42498779296875,461.2578125,0.0008968089241534472,215.21139526367188,467.0133972167969,0.0005751771968789399,385.3337097167969,468.22406005859375,0.0005075213848613203,239.7283935546875,455.61004638671875,0.0003989388351328671
20,webcam-0__tcn__20260807-122153_raw_30fps,571,572,19.033333333333335,background,1,1,1,1,0,0,0,640,480,0.9289138913154602,0,0.0,85.4027099609375,601.9572143554688,478.94659423828125,342.60369873046875,263.23236083984375,0.9985222220420837,379.1374816894531,224.2545166015625,0.9952869415283203,304.3985900878906,221.61712646484375,0.9958439469337463,416.9651794433594,230.09930419921875,0.7603332996368408,252.01451110839844,225.770263671875,0.9656148552894592,457.519287109375,353.29150390625,0.998668909072876,172.7592010498047,363.5295715332031,0.9951254725456238,572.428466796875,466.6634826660156,0.5656417012214661,28.958740234375,467.5211181640625,0.13142091035842896,555.8148193359375,470.77728271484375,0.02266906015574932,107.64442443847656,447.6503601074219,0.007824712432920933,398.2293701171875,480.0,0.0005573427770286798,221.62368774414062,480.0,0.0003076069406233728,416.73828125,461.8597717285156,0.0009133905987255275,214.46534729003906,467.16448974609375,0.0005907087470404804,384.36279296875,469.43756103515625,0.0005433992482721806,238.25225830078125,456.4103698730469,0.0004052116710226983
20,webcam-0__tcn__20260807-122153_raw_30fps,572,573,19.066666666666666,background,1,1,1,1,0,0,0,640,480,0.8700445294380188,0,0.0,84.39056396484375,601.7867431640625,478.93438720703125,343.1987609863281,263.1755676269531,0.9984785914421082,379.44775390625,224.22091674804688,0.9951874017715454,304.8731384277344,221.67453002929688,0.995884120464325,417.09033203125,230.16064453125,0.7599977254867554,252.28900146484375,226.16580200195312,0.9682451486587524,457.8310546875,353.20184326171875,0.998724639415741,171.4678497314453,364.59515380859375,0.9948087930679321,573.507568359375,467.1189270019531,0.5804581642150879,29.03509521484375,468.6205749511719,0.1207284927368164,547.888916015625,474.5701599121094,0.018073614686727524,110.61656188964844,448.00604248046875,0.007167489733546972,398.9054870605469,480.0,0.0005926718004047871,221.62750244140625,480.0,0.00031364962342195213,419.220947265625,461.6840515136719,0.0008863874827511609,216.33314514160156,467.3700866699219,0.0005789872375316918,386.522216796875,469.2798767089844,0.0005292859859764576,240.13516235351562,456.25543212890625,0.0004136251227464527
20,webcam-0__tcn__20260807-122153_raw_30fps,573,574,19.1,background,1,1,1,1,0,0,0,640,480,0.9400971531867981,0,0.334930419921875,84.266357421875,604.831787109375,478.92352294921875,343.7170715332031,263.66668701171875,0.9984855055809021,379.89410400390625,224.6165771484375,0.9954866766929626,305.32464599609375,221.7163543701172,0.995964527130127,417.41473388671875,230.46795654296875,0.7585006952285767,252.3489990234375,225.75608825683594,0.9689452648162842,457.845458984375,353.2416687011719,0.998694121837616,171.79200744628906,364.1090087890625,0.994972825050354,571.7499389648438,466.18402099609375,0.5756642818450928,27.68878173828125,467.8138427734375,0.12310376763343811,555.1575927734375,473.7334899902344,0.02115756832063198,110.24282836914062,447.8456726074219,0.0076795476488769054,399.3457946777344,480.0,0.0005634980625472963,222.13858032226562,480.0,0.0003071688406635076,419.56280517578125,462.52154541015625,0.0008669659146107733,217.02882385253906,467.6895751953125,0.0005856351344846189,387.18206787109375,469.20098876953125,0.0005222094478085637,241.47308349609375,455.9798583984375,0.00041863060323521495
20,webcam-0__tcn__20260807-122153_raw_30fps,574,575,19.133333333333333,background,1,1,1,1,0,0,0,640,480,0.9411128163337708,0,0.2099609375,84.67495727539062,604.4969482421875,478.905517578125,343.6943664550781,264.16363525390625,0.998461127281189,380.1822509765625,225.21380615234375,0.9953086972236633,305.4324035644531,222.2938232421875,0.9959909319877625,417.7685546875,230.7329864501953,0.7556671500205994,252.38528442382812,225.85472106933594,0.9701106548309326,458.2992858886719,353.7132263183594,0.9986567497253418,171.52894592285156,364.7525634765625,0.9951508045196533,572.2544555664062,466.72119140625,0.5672715306282043,27.041473388671875,468.7064208984375,0.11868033558130264,558.187255859375,472.5823059082031,0.024459173902869225,109.50276184082031,447.0873107910156,0.007364344317466021,399.888916015625,480.0,0.0005490595940500498,222.67718505859375,480.0,0.00030059253913350403,418.90191650390625,461.9582824707031,0.0008903242414817214,216.62542724609375,467.4430847167969,0.0005802742089144886,386.71954345703125,468.4180908203125,0.0005235578282736242,241.255859375,455.0758361816406,0.00040171746513806283
20,webcam-0__tcn__20260807-122153_raw_30fps,575,576,19.166666666666668,background,1,1,1,1,0,0,0,640,480,0.9427196383476257,0,0.96917724609375,85.01763916015625,604.174560546875,478.9299621582031,343.87591552734375,264.35211181640625,0.9985426664352417,380.29595947265625,225.47848510742188,0.9955556988716125,305.32659912109375,222.60980224609375,0.9962782263755798,417.9103088378906,230.576904296875,0.7407628297805786,251.74276733398438,225.9145965576172,0.9696342945098877,457.96722412109375,353.4106750488281,0.9987187385559082,171.5303497314453,364.5631103515625,0.9951443076133728,572.57958984375,466.43878173828125,0.5795016288757324,27.5023193359375,467.4058532714844,0.1277906894683838,553.5407104492188,476.053466796875,0.01736350543797016,105.63479614257812,446.01043701171875,0.0071599166840314865,399.6817626953125,480.0,0.0005267554661259055,222.6722869873047,480.0,0.0002903761633206159,417.6573181152344,462.2967529296875,0.0008489348692819476,215.56285095214844,468.0270690917969,0.0005799584905616939,385.0698547363281,468.924072265625,0.0005154317477717996,239.5733642578125,455.36322021484375,0.0004155735659878701
20,webcam-0__tcn__20260807-122153_raw_30fps,576,577,19.2,background,1,1,1,1,0,0,0,640,480,0.9431384205818176,0,0.532073974609375,84.10690307617188,604.044677734375,478.9025573730469,344.0314025878906,264.436279296875,0.9986072182655334,380.6548156738281,225.6260986328125,0.9955645799636841,305.71160888671875,222.7606964111328,0.9962512850761414,418.0595703125,230.49716186523438,0.7344151139259338,252.35861206054688,225.7529754638672,0.9686484336853027,457.48199462890625,352.3612060546875,0.9987732768058777,170.9853057861328,364.7261047363281,0.9952049255371094,571.9359130859375,465.35968017578125,0.6239924430847168,27.553314208984375,467.4968566894531,0.1331108659505844,554.99072265625,474.8830261230469,0.019032422453165054,105.13050842285156,447.5168151855469,0.007205164525657892,399.83984375,480.0,0.0005694664432667196,222.93626403808594,480.0,0.0002999504504259676,419.85797119140625,461.6209716796875,0.000889962597284466,217.54730224609375,468.0126953125,0.000576920690946281,386.6468200683594,468.6588134765625,0.0005207026260904968,241.6134033203125,455.4803466796875,0.00040558306500315666
20,webcam-0__tcn__20260807-122153_raw_30fps,577,578,19.233333333333334,background,1,1,1,1,0,0,0,640,480,0.9410054087638855,0,0.0,84.0618896484375,601.4234619140625,478.91949462890625,344.135009765625,264.4226379394531,0.9985266923904419,380.5406188964844,225.43862915039062,0.9953923225402832,305.6409912109375,222.69639587402344,0.996213972568512,418.40313720703125,230.20846557617188,0.7735967040061951,252.55014038085938,225.89976501464844,0.9721959233283997,458.3299560546875,353.6023254394531,0.998650848865509,164.2528076171875,367.6470947265625,0.9950084686279297,573.365966796875,466.628173828125,0.6045955419540405,26.3634033203125,468.8694763183594,0.09650038927793503,549.1737060546875,474.970947265625,0.018432551994919777,98.93141174316406,447.462890625,0.005750172771513462,400.6163635253906,480.0,0.0006333028431981802,220.1346435546875,480.0,0.0003290792810730636,423.0639343261719,460.793212890625,0.0009371552150696516,216.8419189453125,468.71844482421875,0.0005959788104519248,389.7431640625,468.4375305175781,0.0004436950839590281,242.74130249023438,455.8988342285156,0.0003699288936331868
20,webcam-0__tcn__20260807-122153_raw_30fps,578,579,19.266666666666666,background,1,1,1,1,0,0,0,640,480,0.9386582970619202,0,0.0,84.5540771484375,601.1123046875,478.91937255859375,344.09326171875,264.9871520996094,0.9985830783843994,380.856689453125,226.28610229492188,0.9955853223800659,305.8074951171875,223.25686645507812,0.9962169528007507,418.1271667480469,231.47689819335938,0.7689011693000793,252.37005615234375,226.456298828125,0.9722548723220825,458.12152099609375,353.53729248046875,0.9986791014671326,164.96273803710938,367.7923889160156,0.9948476552963257,573.2445068359375,466.43157958984375,0.6014866232872009,26.71038818359375,469.31817626953125,0.09719739854335785,549.8330078125,474.12762451171875,0.020244304090738297,102.68618774414062,447.8798828125,0.006334790028631687,401.641845703125,480.0,0.0005851887399330735,220.9392852783203,480.0,0.00030140121816657484,424.92181396484375,461.69927978515625,0.0009009139612317085,218.50372314453125,469.070556640625,0.0005737628671340644,391.2839050292969,468.73333740234375,0.00045019754907116294,244.21807861328125,456.31585693359375,0.0003707348951138556
20,webcam-0__tcn__20260807-122153_raw_30fps,579,580,19.3,background,1,1,1,1,0,0,0,640,480,0.9440991282463074,0,0.0,83.29840087890625,601.6427001953125,478.9335021972656,344.32501220703125,265.5727844238281,0.9985664486885071,381.2855224609375,226.98760986328125,0.9957404136657715,306.19000244140625,223.81057739257812,0.9961187839508057,419.03692626953125,231.34783935546875,0.7797967791557312,252.69122314453125,225.90841674804688,0.9706649780273438,458.7070617675781,353.8445739746094,0.9986916184425354,166.84228515625,367.38067626953125,0.9949318766593933,573.05908203125,466.8234558105469,0.5771436095237732,27.124420166015625,469.4888000488281,0.09693598002195358,546.0824584960938,474.75592041015625,0.01864066906273365,108.39094543457031,447.3584289550781,0.0069296215660870075,402.9784240722656,480.0,0.000613701471593231,223.04415893554688,480.0,0.00031964940717443824,426.55023193359375,460.92498779296875,0.000902775616850704,219.69454956054688,468.393310546875,0.0005815058248117566,392.8946838378906,468.763427734375,0.0004650241753552109,245.57965087890625,455.68170166015625,0.00037805954343639314
20,webcam-0__tcn__20260807-122153_raw_30fps,580,581,19.333333333333332,background,1,1,1,1,0,0,0,640,480,0.9316071271896362,0,0.0,85.300048828125,601.633056640625,478.93365478515625,344.1943359375,265.8269958496094,0.9985679388046265,381.4569091796875,227.0859375,0.9958004355430603,306.0843200683594,223.82870483398438,0.9960731267929077,419.28240966796875,232.0590057373047,0.7826944589614868,252.70980834960938,226.34320068359375,0.9691568613052368,458.60919189453125,353.9119873046875,0.9987157583236694,168.4547576904297,366.3831787109375,0.9949446320533752,574.2319946289062,465.8756103515625,0.5816769599914551,27.139190673828125,469.4751281738281,0.10768945515155792,544.8593139648438,474.67425537109375,0.017343778163194656,109.17320251464844,448.397216796875,0.00725840637460351,401.1834411621094,480.0,0.000641918508335948,222.03271484375,480.0,0.0003394820087123662,422.9856872558594,461.073486328125,0.0008990642381832004,218.16233825683594,468.186767578125,0.0006047704955562949,389.2381591796875,468.8771667480469,0.00048119566054083407,242.98324584960938,455.84564208984375,0.0004029236442875117
20,webcam-0__tcn__20260807-122153_raw_30fps,581,582,19.366666666666667,background,1,1,1,1,0,0,0,640,480,0.933012068271637,0,0.3653564453125,84.63299560546875,600.3045654296875,478.93212890625,344.9084167480469,267.2864074707031,0.9985163807868958,381.99407958984375,227.68743896484375,0.9955123066902161,306.2348327636719,224.38433837890625,0.9957667589187622,419.84149169921875,232.27813720703125,0.7531000375747681,252.07127380371094,226.68487548828125,0.9672753214836121,459.98504638671875,353.93658447265625,0.9987090826034546,168.95925903320312,366.1258544921875,0.9947077035903931,574.6085205078125,466.1472473144531,0.5597231388092041,27.252044677734375,470.2816162109375,0.10828226804733276,541.6236572265625,474.83172607421875,0.016831019893288612,113.57154846191406,448.99853515625,0.007131476420909166,401.4653015136719,480.0,0.0006314266938716173,221.96636962890625,480.0,0.00032725531491450965,423.4222717285156,460.6514587402344,0.0008984878659248352,218.90301513671875,467.5953369140625,0.0005818398203700781,389.0893249511719,469.39068603515625,0.0005049388855695724,243.03277587890625,456.3761901855469,0.00039495271630585194
20,webcam-0__tcn__20260807-122153_raw_30fps,582,583,19.4,background,1,1,1,1,0,0,0,640,480,0.9449431300163269,0,0.0,84.57208251953125,598.666015625,478.960205078125,344.7853698730469,267.8433837890625,0.9984968900680542,382.11016845703125,227.96408081054688,0.9953786134719849,306.12890625,224.61074829101562,0.9958149790763855,419.89300537109375,232.16348266601562,0.7442395091056824,251.88772583007812,226.43235778808594,0.9667521715164185,460.33209228515625,354.01361083984375,0.9986757636070251,169.25608825683594,365.71820068359375,0.9946763515472412,575.381591796875,467.1094665527344,0.5605050325393677,27.58544921875,468.8713684082031,0.11547347158193588,535.2553100585938,472.8616943359375,0.018877210095524788,111.44911193847656,449.10516357421875,0.008042353205382824,402.35833740234375,480.0,0.0005715431179851294,222.29617309570312,480.0,0.0002965262101497501,425.374267578125,461.17974853515625,0.000876380770932883,218.84808349609375,468.23052978515625,0.0005442863912321627,390.3677978515625,470.181640625,0.0004942971281707287,243.2689208984375,457.14202880859375,0.00036403557169251144
20,webcam-0__tcn__20260807-122153_raw_30fps,583,584,19.433333333333334,background,1,1,1,1,0,0,0,640,480,0.9393467903137207,0,0.52618408203125,85.16571044921875,599.6740112304688,478.9464111328125,344.79608154296875,267.66461181640625,0.9985462427139282,382.1252136230469,228.228271484375,0.9954566955566406,306.2279052734375,224.9566650390625,0.9958920478820801,420.3052978515625,232.13494873046875,0.7523172497749329,252.238037109375,226.52243041992188,0.9667869210243225,459.5732116699219,354.4391784667969,0.9986936450004578,168.15354919433594,367.0677490234375,0.9946187734603882,575.0457153320312,466.826171875,0.5549695491790771,26.954620361328125,470.1306457519531,0.09880058467388153,538.5463256835938,474.0882568359375,0.016576534137129784,112.5797119140625,447.89215087890625,0.006936243269592524,401.14508056640625,480.0,0.0005899134557694197,221.20849609375,480.0,0.000298883969662711,424.45745849609375,460.86370849609375,0.0008612231467850506,219.09201049804688,468.006103515625,0.0005399215151555836,390.2053527832031,469.2878723144531,0.00048193076509051025,243.83648681640625,456.2378845214844,0.00036834622733294964
20,webcam-0__tcn__20260807-122153_raw_30fps,584,585,19.466666666666665,background,1,1,1,1,0,0,0,640,480,0.9376280903816223,0,0.73883056640625,84.89520263671875,599.9547729492188,478.9459228515625,345.1615905761719,267.5171813964844,0.998591959476471,382.3822021484375,228.18064880371094,0.9957155585289001,306.4814453125,224.923095703125,0.9960088729858398,420.5660400390625,231.9564208984375,0.7482401728630066,252.319580078125,226.4082489013672,0.9647229909896851,459.9920654296875,354.4530029296875,0.9987199306488037,169.69493103027344,365.9493408203125,0.994785487651825,575.0122680664062,466.0461120605469,0.5531893372535706,27.613372802734375,468.3514709472656,0.11034888029098511,537.5206298828125,475.1665344238281,0.015095437876880169,111.11129760742188,448.47747802734375,0.007307639345526695,401.6241455078125,480.0,0.0005857708165422082,222.08377075195312,480.0,0.00030264141969382763,424.23077392578125,461.540283203125,0.0008387139532715082,218.20382690429688,468.1143798828125,0.0005368752754293382,389.98065185546875,470.20172119140625,0.00048693144344724715,242.76133728027344,456.6866455078125,0.00037209881702437997
20,webcam-0__tcn__20260807-122153_raw_30fps,585,586,19.5,background,1,1,2,2,0,0,0,640,480,0.6820722222328186,0,1.3154296875,85.04931640625,599.6231689453125,478.9264221191406,345.29229736328125,268.1139221191406,0.9986249208450317,382.4544677734375,228.64755249023438,0.9956795573234558,306.7283630371094,225.36041259765625,0.9961507320404053,420.49517822265625,231.7454833984375,0.7381820678710938,252.40322875976562,226.10250854492188,0.967144250869751,459.64532470703125,354.65032958984375,0.9987800717353821,169.3957977294922,366.98919677734375,0.99430251121521,574.2278442382812,465.4449157714844,0.5843923687934875,29.042694091796875,469.9745788574219,0.09774444997310638,540.1635131835938,476.29638671875,0.016211682930588722,115.11637878417969,448.1072998046875,0.006894608493894339,400.7093200683594,480.0,0.0006321197142824531,221.74313354492188,480.0,0.0003116463194601238,425.48681640625,460.6522216796875,0.0008338717161677778,220.62496948242188,467.3087158203125,0.0005453870981000364,391.3420104980469,469.18988037109375,0.0004870374978054315,244.38894653320312,455.88873291015625,0.00039292420842684805
20,webcam-0__tcn__20260807-122153_raw_30fps,585,586,19.5,background,1,1,2,2,1,1,1,640,480,0.35402536392211914,0,4.316864013671875,85.386474609375,600.2654418945312,479.61669921875,345.5334777832031,268.8822021484375,0.9990589022636414,381.8128356933594,229.26856994628906,0.9970423579216003,306.9102783203125,225.72230529785156,0.9969764947891235,419.3857421875,231.59596252441406,0.7514036893844604,252.97438049316406,225.69821166992188,0.9690622687339783,456.8986511230469,355.1568298339844,0.999043881893158,172.29818725585938,365.486083984375,0.9953254461288452,576.9738159179688,466.14990234375,0.6470711827278137,26.27777099609375,469.1128845214844,0.09292016178369522,541.5603637695312,475.53692626953125,0.013841124251484871,110.61680603027344,450.9382019042969,0.005021309480071068,399.0190734863281,480.0,0.0004764273180626333,223.0077667236328,480.0,0.00021363278210628778,431.97711181640625,462.61151123046875,0.0010467118117958307,220.68499755859375,470.1807861328125,0.0005830191657878458,393.7635803222656,477.8709716796875,0.0004898858605884016,247.9872283935547,461.5960693359375,0.00034752069041132927
20,webcam-0__tcn__20260807-122153_raw_30fps,586,587,19.533333333333335,background,1,1,2,2,0,0,0,640,480,0.5276839733123779,0,0.877777099609375,84.9581298828125,598.2678833007812,478.95941162109375,344.86834716796875,268.79571533203125,0.9985731840133667,382.1783752441406,229.21543884277344,0.9955075979232788,306.40826416015625,226.03155517578125,0.996101975440979,420.15863037109375,232.68780517578125,0.7431904673576355,252.3755340576172,227.17755126953125,0.9674372673034668,459.5583190917969,354.8993835449219,0.9987038373947144,170.06509399414062,366.5058288574219,0.9944177865982056,574.2128295898438,466.0589294433594,0.5557451248168945,28.259735107421875,469.00189208984375,0.09959781169891357,532.5215454101562,475.3857116699219,0.01725536212325096,115.05757141113281,447.6051025390625,0.007166679482907057,401.453125,480.0,0.0006377040408551693,222.69320678710938,480.0,0.00031660922104492784,425.9721984863281,460.93048095703125,0.000859937397763133,220.7362060546875,467.331298828125,0.0005374507745727897,392.05755615234375,470.0793151855469,0.0005049589090049267,244.9681854248047,456.56646728515625,0.00038294115802273154
20,webcam-0__tcn__20260807-122153_raw_30fps,586,587,19.533333333333335,background,1,1,2,2,1,1,1,640,480,0.4850441813468933,0,4.36846923828125,85.20742797851562,598.8707885742188,479.62469482421875,345.1191711425781,269.526123046875,0.9990221261978149,381.5382995605469,229.81004333496094,0.996941864490509,306.6051025390625,226.3669891357422,0.9969916343688965,419.0679016113281,232.52684020996094,0.7579075694084167,252.95486450195312,226.76229858398438,0.970106840133667,456.7351989746094,355.41082763671875,0.998979389667511,172.89495849609375,365.0692443847656,0.9954118132591248,576.8477783203125,466.67535400390625,0.6140444874763489,25.430267333984375,468.1817626953125,0.09290529787540436,533.9226684570312,474.69427490234375,0.014428908005356789,110.45146179199219,450.5716552734375,0.005185568705201149,399.9122619628906,480.0,0.0004660286649595946,224.1182098388672,480.0,0.0002089410409098491,432.9801940917969,462.9004821777344,0.0010687954491004348,220.96722412109375,470.29656982421875,0.000563702720683068,394.69891357421875,478.6853942871094,0.0005089708720333874,248.83383178710938,462.27911376953125,0.0003357360837981105
20,webcam-0__tcn__20260807-122153_raw_30fps,587,588,19.566666666666666,background,1,1,1,1,0,0,0,640,480,0.9016331434249878,0,0.726776123046875,84.20364379882812,598.3728637695312,478.9465637207031,344.927734375,269.22576904296875,0.9985910058021545,382.21466064453125,229.36546325683594,0.9956054091453552,306.60302734375,226.11231994628906,0.9961228966712952,420.5365905761719,232.49087524414062,0.7493382096290588,253.01437377929688,226.80422973632812,0.966447651386261,459.4674987792969,354.7359924316406,0.9986656904220581,169.52264404296875,366.7718200683594,0.9945093989372253,573.240234375,465.92120361328125,0.556019127368927,28.120513916015625,468.96514892578125,0.09959868341684341,535.3444213867188,475.3343811035156,0.01669483818113804,115.84140014648438,447.06878662109375,0.007159842643886805,400.8035583496094,480.0,0.0006296155042946339,222.11917114257812,480.0,0.00031567277619615197,423.8119201660156,460.51678466796875,0.0008564561721868813,220.06640625,467.26806640625,0.0005348025006242096,390.4388122558594,469.3528137207031,0.00050143658882007,244.82554626464844,456.183837890625,0.00037895585410296917
20,webcam-0__tcn__20260807-122153_raw_30fps,588,589,19.6,background,1,1,2,2,0,0,0,640,480,0.650198221206665,0,1.067840576171875,84.32537841796875,599.641845703125,478.9412536621094,344.94287109375,269.2378234863281,0.9985970854759216,382.2317199707031,229.33880615234375,0.9956603646278381,306.6026916503906,226.1251220703125,0.996094286441803,420.5069580078125,232.38352966308594,0.7498102188110352,253.0219268798828,226.7499542236328,0.9661527872085571,459.715576171875,354.8971252441406,0.9986924529075623,169.41836547851562,366.77197265625,0.9944374561309814,572.8611450195312,465.6790771484375,0.5598948001861572,28.437530517578125,469.4131164550781,0.09827006608247757,540.267578125,476.5102233886719,0.015900809317827225,115.43026733398438,446.9127197265625,0.007120680529624224,401.10345458984375,480.0,0.00062723079463467,222.26797485351562,480.0,0.00031608049175702035,424.01544189453125,460.60321044921875,0.0008437839569523931,220.4661407470703,467.03424072265625,0.0005469764582812786,390.6218566894531,469.0858459472656,0.0004937407793477178,244.95703125,455.9210205078125,0.00038901157677173615
20,webcam-0__tcn__20260807-122153_raw_30fps,588,589,19.6,background,1,1,2,2,1,1,1,640,480,0.4000643193721771,0,4.208221435546875,84.5382080078125,600.2216796875,479.6207275390625,345.1859436035156,270.00555419921875,0.9990459084510803,381.61175537109375,229.96072387695312,0.9970619082450867,306.8006591796875,226.4752655029297,0.9969672560691833,419.4085388183594,232.238525390625,0.7648307085037231,253.56735229492188,226.31959533691406,0.9684131741523743,457.0417175292969,355.5422668457031,0.9989653825759888,172.2748565673828,365.44244384765625,0.9954766631126404,575.6546630859375,466.386474609375,0.6185839772224426,25.51153564453125,468.5510559082031,0.09339558333158493,541.830322265625,475.81304931640625,0.013617639429867268,110.87376403808594,449.854248046875,0.0052757528610527515,399.4983215332031,480.0,0.0004620361723937094,223.50534057617188,480.0,0.0002144059690181166,430.06298828125,462.64703369140625,0.001043624011799693,219.9232177734375,470.04925537109375,0.000582351116463542,392.67724609375,477.7969665527344,0.000492474006023258,247.95269775390625,461.69287109375,0.00034332682844251394
20,webcam-0__tcn__20260807-122153_raw_30fps,589,590,19.633333333333333,background,1,1,1,1,0,0,0,640,480,0.9090732336044312,0,0.058746337890625,84.19235229492188,598.91162109375,478.97161865234375,345.1675109863281,270.119384765625,0.9985866546630859,382.7394714355469,229.5299072265625,0.9952651262283325,306.587646484375,226.48089599609375,0.9960929751396179,420.6508483886719,232.01771545410156,0.7159583568572998,252.80203247070312,226.7490234375,0.965592622756958,459.586181640625,353.9023742675781,0.998586893081665,168.8922576904297,366.4181213378906,0.9945843815803528,573.4602661132812,466.3979187011719,0.5622068047523499,27.75372314453125,468.97296142578125,0.09616248309612274,546.6182861328125,470.1338806152344,0.023646937683224678,106.55059814453125,447.888671875,0.006683154497295618,401.6656494140625,480.0,0.0006065811030566692,221.49082946777344,480.0,0.00030199289903976023,426.645263671875,460.79156494140625,0.0009021449368447065,220.53147888183594,468.02862548828125,0.0005206236965022981,391.49481201171875,468.673095703125,0.00047943065874278545,244.99510192871094,455.395263671875,0.0003366904566064477
20,webcam-0__tcn__20260807-122153_raw_30fps,590,591,19.666666666666668,background,1,1,1,1,0,0,0,640,480,0.8872516751289368,0,0.0,84.35003662109375,600.6258544921875,478.94891357421875,345.51007080078125,270.80560302734375,0.9985675811767578,382.6183166503906,229.92807006835938,0.9954149723052979,306.5261535644531,227.0721435546875,0.9963005781173706,420.39739990234375,232.50241088867188,0.7169916033744812,252.45130920410156,227.83792114257812,0.9680382609367371,459.9989013671875,354.11431884765625,0.9986140727996826,168.7327117919922,366.45269775390625,0.9946020841598511,572.5189208984375,465.4725036621094,0.573940634727478,27.734588623046875,468.7684326171875,0.10373573750257492,547.1064453125,472.1602478027344,0.020684460178017616,105.73210144042969,447.3211669921875,0.006881612818688154,401.8106994628906,480.0,0.0005918694077990949,221.77313232421875,480.0,0.0003016645787283778,425.66571044921875,461.4180908203125,0.0008646675851196051,219.22909545898438,468.14581298828125,0.0005311230197548866,390.02606201171875,468.60064697265625,0.0004681265272665769,243.3978271484375,455.43341064453125,0.00035008261329494417
20,webcam-0__tcn__20260807-122153_raw_30fps,591,592,19.7,background,1,1,1,1,0,0,0,640,480,0.9247275590896606,0,0.551116943359375,85.6373291015625,601.0071411132812,479.0122375488281,344.4409484863281,271.18304443359375,0.9985696077346802,382.11407470703125,230.03993225097656,0.9955902099609375,306.0513916015625,227.41229248046875,0.9961355924606323,419.905029296875,233.3421630859375,0.7596690654754639,253.29541015625,228.81863403320312,0.9667256474494934,460.5128173828125,354.62322998046875,0.9986177682876587,168.38845825195312,366.9051818847656,0.9943907856941223,573.11865234375,464.7266845703125,0.5409506559371948,28.642608642578125,469.3450012207031,0.09630794823169708,538.615234375,474.1405944824219,0.013626346364617348,108.34149169921875,448.15655517578125,0.006629066541790962,401.8857727050781,480.0,0.0006235889159142971,221.0076446533203,480.0,0.00031659804517403245,424.4573974609375,461.47882080078125,0.0008403342217206955,219.25767517089844,468.0015869140625,0.0005465524736791849,389.1419982910156,468.94287109375,0.00046755929361097515,243.27110290527344,456.15130615234375,0.00037469901144504547
20,webcam-0__tcn__20260807-122153_raw_30fps,592,593,19.733333333333334,background,1,1,1,1,0,0,0,640,480,0.9446696639060974,0,0.382110595703125,85.59210205078125,601.1430053710938,479.0052490234375,344.5479736328125,270.7093200683594,0.998624324798584,381.98486328125,230.22488403320312,0.9955340623855591,306.22705078125,227.49197387695312,0.9961053729057312,419.87322998046875,233.6352996826172,0.7603036165237427,253.39630126953125,229.0489959716797,0.9663022756576538,460.2046203613281,354.5008239746094,0.9985663294792175,166.0328369140625,368.5057067871094,0.9942398071289062,573.8012084960938,466.7441101074219,0.5146225690841675,27.960601806640625,470.2505798339844,0.08131473511457443,532.38525390625,472.1615905761719,0.014264049008488655,107.99472045898438,446.7812805175781,0.0064256396144628525,400.6768798828125,480.0,0.0006183444056659937,218.42593383789062,480.0,0.00030309936846606433,425.1883544921875,461.32366943359375,0.0008316260646097362,219.40570068359375,468.79351806640625,0.0004990441375412047,388.82867431640625,468.8562316894531,0.00045657504233531654,243.84527587890625,456.0163879394531,0.0003433564561419189
20,webcam-0__tcn__20260807-122153_raw_30fps,593,594,19.766666666666666,background,1,1,1,1,0,0,0,640,480,0.9456120729446411,0,0.298614501953125,85.21051025390625,600.9258422851562,479.0220031738281,344.58172607421875,271.164794921875,0.9985904097557068,382.17498779296875,230.6977996826172,0.9953587651252747,306.02685546875,227.81625366210938,0.9962849617004395,420.10845947265625,234.4253692626953,0.755883514881134,252.5963134765625,229.55966186523438,0.971316933631897,460.6324768066406,354.15826416015625,0.9985737800598145,166.54168701171875,368.21875,0.9938479065895081,573.3785400390625,468.09197998046875,0.5328041911125183,27.69927978515625,470.17633056640625,0.076401486992836,541.8959350585938,471.0786437988281,0.019167322665452957,110.52352905273438,447.10626220703125,0.006460064556449652,401.7139892578125,480.0,0.0006164349615573883,219.56857299804688,480.0,0.00029855192406103015,427.3458251953125,461.39129638671875,0.0008507727761752903,220.91741943359375,468.4198303222656,0.0005010214517824352,391.6784973144531,468.8700256347656,0.0004606686707120389,245.92852783203125,456.0505676269531,0.0003433805250097066
20,webcam-0__tcn__20260807-122153_raw_30fps,594,595,19.8,background,1,1,1,1,0,0,0,640,480,0.9438455700874329,0,0.233154296875,85.22793579101562,600.2518310546875,479.0528564453125,344.2704162597656,271.9417724609375,0.9985405206680298,381.68975830078125,231.08865356445312,0.9953291416168213,305.64947509765625,228.279541015625,0.9963777661323547,419.86041259765625,234.55482482910156,0.7525210380554199,252.33084106445312,229.90724182128906,0.9704683423042297,461.35009765625,354.4051818847656,0.9985470175743103,168.3586883544922,367.0523986816406,0.9942997694015503,574.0228271484375,467.7589416503906,0.5176817178726196,27.91326904296875,469.30218505859375,0.09161189943552017,527.619873046875,471.47723388671875,0.0167037732899189,109.90179443359375,446.5906677246094,0.006893175654113293,403.2454528808594,480.0,0.000654175819363445,221.74832153320312,480.0,0.0003278311050962657,427.6189270019531,461.2386474609375,0.000905686873011291,219.85955810546875,468.0773620605469,0.000530612247530371,391.0981140136719,470.233154296875,0.0004781101306434721,244.6363525390625,456.88580322265625,0.00034462937037460506
20,webcam-0__tcn__20260807-122153_raw_30fps,595,596,19.833333333333332,background,1,1,1,1,0,0,0,640,480,0.9440529346466064,0,0.0,85.75564575195312,600.29296875,479.02532958984375,344.2663879394531,271.9232177734375,0.9985330104827881,381.689208984375,231.0954132080078,0.9953292608261108,305.6239013671875,228.25732421875,0.9964022636413574,419.832763671875,234.47967529296875,0.7525164484977722,252.2159881591797,229.77572631835938,0.9709867835044861,461.4872741699219,354.3959045410156,0.9985412359237671,168.52471923828125,366.8511657714844,0.9943558573722839,574.000732421875,468.16729736328125,0.5161446928977966,27.820526123046875,469.4491882324219,0.09508857876062393,527.4239501953125,471.417724609375,0.017350826412439346,109.60871887207031,447.0936279296875,0.007194772362709045,403.1473083496094,480.0,0.0006530903629027307,221.66989135742188,480.0,0.0003296557697467506,427.1441345214844,461.5433044433594,0.000913660041987896,219.2177276611328,468.15789794921875,0.0005365535034798086,390.7216796875,470.4925537109375,0.00048445453285239637,243.84616088867188,457.15093994140625,0.00034818344283849
20,webcam-0__tcn__20260807-122153_raw_30fps,596,597,19.866666666666667,background,1,1,1,1,0,0,0,640,480,0.9448131918907166,0,0.300750732421875,85.5350341796875,600.9948120117188,479.020751953125,343.86102294921875,271.8707580566406,0.9985539317131042,381.2530212402344,230.9237060546875,0.9954028129577637,305.23114013671875,228.2363739013672,0.9964266419410706,419.83685302734375,234.13185119628906,0.7481561303138733,252.19955444335938,229.6907958984375,0.969157874584198,460.11920166015625,353.61614990234375,0.9986599683761597,169.07095336914062,366.19342041015625,0.9945446252822876,573.9678344726562,466.7699279785156,0.566830039024353,27.2259521484375,469.1861877441406,0.10122878849506378,534.6919555664062,472.9503173828125,0.017755575478076935,110.35627746582031,447.5185546875,0.007102801464498043,403.1568298339844,480.0,0.0006791603518649936,222.87252807617188,480.0,0.0003365535812918097,428.7608642578125,461.5853576660156,0.0009510040399618447,220.4666748046875,468.2135009765625,0.0005600102595053613,392.13690185546875,470.02960205078125,0.00048109499039128423,245.37091064453125,456.632568359375,0.0003497462021186948
20,webcam-0__tcn__20260807-122153_raw_30fps,597,598,19.9,background,1,1,1,1,0,0,0,640,480,0.9447792172431946,0,0.906036376953125,86.22003173828125,604.432373046875,479.0019836425781,343.291748046875,272.48486328125,0.9985436201095581,380.99749755859375,231.08734130859375,0.9952125549316406,304.8177490234375,228.23089599609375,0.9963845014572144,419.29376220703125,234.76014709472656,0.7510613799095154,251.94410705566406,229.87615966796875,0.9715377688407898,461.290283203125,354.37786865234375,0.9986275434494019,168.2145538330078,367.6000061035156,0.994212806224823,574.6906127929688,466.9052734375,0.5241660475730896,26.865386962890625,471.4460144042969,0.08509054034948349,534.1519165039062,472.97479248046875,0.01736651547253132,115.63034057617188,447.84521484375,0.007092045154422522,405.7987365722656,480.0,0.0006579135078936815,223.85032653808594,480.0,0.00031971646239981055,431.9056396484375,461.4555358886719,0.0009251771843992174,224.14801025390625,467.6477966308594,0.0005393130122683942,395.4052734375,470.021728515625,0.0004760824958793819,249.03970336914062,456.78472900390625,0.00034415771369822323
20,webcam-0__tcn__20260807-122153_raw_30fps,598,599,19.933333333333334,background,1,1,1,1,0,0,0,640,480,0.9357187151908875,0,0.373260498046875,85.95599365234375,604.845947265625,478.9923400878906,343.35198974609375,272.7242126464844,0.9984532594680786,381.1845397949219,231.36029052734375,0.9951270818710327,305.0352783203125,228.70269775390625,0.9960887432098389,419.5713806152344,234.88772583007812,0.7647848725318909,252.634521484375,230.2373046875,0.9691949486732483,461.4316101074219,354.1480407714844,0.9986236095428467,170.6066436767578,365.7640380859375,0.9946529865264893,574.5995483398438,468.090087890625,0.5551676154136658,26.66607666015625,470.02655029296875,0.10456837713718414,547.7366333007812,470.8065185546875,0.025764161720871925,111.96713256835938,448.25689697265625,0.007946078665554523,404.6905822753906,480.0,0.0006473794346675277,223.9678497314453,480.0,0.00033140432788059115,430.03143310546875,461.28131103515625,0.00096830481197685,221.37425231933594,466.45916748046875,0.0005798708880320191,394.2649230957031,469.7944030761719,0.0004965802654623985,245.97409057617188,456.3505554199219,0.00035820246557705104
20,webcam-0__tcn__20260807-122153_raw_30fps,599,600,19.966666666666665,background,1,1,1,1,0,0,0,640,480,0.9431366324424744,0,0.784912109375,85.4976806640625,606.4090576171875,479.00006103515625,343.4326477050781,272.8070373535156,0.9984630346298218,381.22186279296875,231.44720458984375,0.9952928423881531,305.052978515625,228.73086547851562,0.9961163997650146,419.74560546875,235.1298828125,0.7689406275749207,252.63137817382812,230.39669799804688,0.9681031703948975,461.81402587890625,354.29302978515625,0.9985871315002441,170.35313415527344,365.52593994140625,0.9947082996368408,575.0263671875,468.2387390136719,0.518774151802063,26.913360595703125,469.45245361328125,0.1083187386393547,540.7659301757812,471.4039611816406,0.019117457792162895,113.65048217773438,448.02313232421875,0.007995101623237133,404.47802734375,480.0,0.0006013293750584126,223.4255828857422,480.0,0.000316047080559656,427.9599304199219,461.54730224609375,0.0008974825614131987,220.2960662841797,466.455810546875,0.0005492200143635273,391.7588195800781,470.1898498535156,0.0004964101244695485,244.98727416992188,456.58795166015625,0.0003584602090995759
20,webcam-0__tcn__20260807-122153_raw_30fps,600,601,20.0,background,1,1,1,1,0,0,0,640,480,0.9188129901885986,0,1.393096923828125,85.51611328125,606.25439453125,478.9951171875,343.68304443359375,273.2458801269531,0.9985268115997314,382.0572204589844,231.65052795410156,0.995185911655426,305.1730041503906,228.86245727539062,0.9961206316947937,420.793212890625,235.44935607910156,0.7674945592880249,252.5093994140625,230.47213745117188,0.9679529070854187,462.95782470703125,355.75543212890625,0.9985334873199463,167.1983642578125,367.6769104003906,0.9945782423019409,577.4764404296875,469.34814453125,0.4990474283695221,26.816558837890625,471.1342468261719,0.09380273520946503,542.883056640625,471.45086669921875,0.01865786500275135,112.23866271972656,447.6781005859375,0.006923228967934847,403.7004089355469,480.0,0.0005756639293394983,220.64797973632812,480.0,0.0002992483787238598,425.9397277832031,462.1571960449219,0.0008745826780796051,219.05169677734375,467.2989501953125,0.0005280158948153257,390.71038818359375,469.22174072265625,0.00047064339742064476,244.85133361816406,456.205810546875,0.0003405802708584815
20,webcam-0__tcn__20260807-122153_raw_30fps,601,602,20.033333333333335,background,1,1,1,1,0,0,0,640,480,0.8927485346794128,0,0.68487548828125,84.3221435546875,607.6126098632812,478.998291015625,343.84942626953125,273.152099609375,0.9984702467918396,382.12353515625,231.40518188476562,0.9952399730682373,305.5995788574219,228.89431762695312,0.9960927367210388,420.981689453125,234.84274291992188,0.792309582233429,253.928955078125,230.41452026367188,0.9665200114250183,462.9355773925781,354.5856018066406,0.9984782338142395,168.7909698486328,366.6159973144531,0.995212197303772,578.558837890625,468.9356689453125,0.5082952380180359,27.286895751953125,468.8081970214844,0.11915097385644913,536.747802734375,471.43585205078125,0.017249274998903275,109.06179809570312,447.7237548828125,0.00759395444765687,403.2589111328125,480.0,0.0005938479444012046,220.53274536132812,480.0,0.0003205059911124408,425.6595153808594,462.8133544921875,0.0008462305413559079,217.27655029296875,468.31170654296875,0.0005020959652028978,389.57208251953125,469.7513732910156,0.000472178595373407,243.2749481201172,456.7781982421875,0.00032762050977908075
20,webcam-0__tcn__20260807-122153_raw_30fps,602,603,20.066666666666666,background,1,1,1,1,0,0,0,640,480,0.8856058120727539,0,2.928009033203125,85.40957641601562,610.480712890625,479.61041259765625,344.5669250488281,274.2936706542969,0.9990142583847046,382.4253845214844,232.4121551513672,0.9969723224639893,306.54547119140625,229.5252685546875,0.9966099858283997,420.6292419433594,234.857421875,0.8134467005729675,255.33212280273438,229.72100830078125,0.9630799293518066,460.2603454589844,355.5811767578125,0.9988058805465698,170.8634033203125,366.4139709472656,0.9958943128585815,580.5504150390625,469.9898376464844,0.5705690383911133,24.93316650390625,468.14447021484375,0.10171034932136536,545.933837890625,472.0853576660156,0.013837037608027458,102.0787353515625,450.8677978515625,0.005152845289558172,401.76336669921875,480.0,0.00043644814286381006,221.754150390625,480.0,0.0002133042726200074,429.6662292480469,463.8918762207031,0.0011199190048500896,216.6393280029297,470.72552490234375,0.000582121079787612,390.4805908203125,477.6143798828125,0.00047404319047927856,245.75421142578125,462.0917663574219,0.00030199921457096934
20,webcam-0__tcn__20260807-122153_raw_30fps,603,604,20.1,background,1,1,2,2,0,0,0,640,480,0.5533620119094849,0,0.0,85.83465576171875,607.9523315429688,479.010009765625,344.5660095214844,274.4313659667969,0.9985390901565552,383.2816162109375,232.50584411621094,0.995653510093689,306.482666015625,229.79672241210938,0.9959070682525635,422.386474609375,235.26937866210938,0.8094576001167297,255.05615234375,230.2923126220703,0.9621210098266602,463.6946105957031,354.84912109375,0.9984768033027649,168.5665283203125,367.8013610839844,0.9950489401817322,577.7408447265625,468.7063293457031,0.5228606462478638,25.708892822265625,469.7027893066406,0.11057348549365997,534.6605224609375,469.5132751464844,0.018098123371601105,108.79698181152344,447.7371520996094,0.0077079785987734795,402.43902587890625,480.0,0.0005837122444063425,219.1871795654297,480.0,0.00030269796843640506,426.0716247558594,461.85406494140625,0.0008537275716662407,216.9369659423828,467.94580078125,0.0005032991175539792,388.701416015625,469.281982421875,0.0004699112905655056,241.88941955566406,456.38616943359375,0.0003325275320094079
20,webcam-0__tcn__20260807-122153_raw_30fps,603,604,20.1,background,1,1,2,2,1,1,1,640,480,0.48607948422431946,0,2.124725341796875,86.96624755859375,608.0910034179688,479.6167907714844,344.9079284667969,275.0850830078125,0.9990158081054688,382.7801513671875,233.03758239746094,0.9970970153808594,306.7616271972656,230.04803466796875,0.9967873096466064,421.39825439453125,234.9918212890625,0.8269340991973877,255.62081909179688,229.7138214111328,0.9650258421897888,461.0934753417969,355.4920654296875,0.9987637996673584,171.00625610351562,366.62200927734375,0.9961034059524536,580.7490844726562,469.3633728027344,0.5694908499717712,22.86614990234375,468.89703369140625,0.10662510246038437,536.447265625,468.6655578613281,0.015867669135332108,104.00349426269531,450.6265869140625,0.005707728210836649,400.9709777832031,480.0,0.0004255363892298192,220.4068603515625,480.0,0.00020610308274626732,431.4588317871094,463.52032470703125,0.0011037808144465089,215.519287109375,470.7058410644531,0.0005567101761698723,390.2198181152344,478.10205078125,0.00047680578427389264,243.91860961914062,462.2447814941406,0.0002936784294433892
20,webcam-0__tcn__20260807-122153_raw_30fps,604,605,20.133333333333333,background,1,1,1,1,0,0,0,640,480,0.8090991377830505,0,2.796173095703125,87.46151733398438,609.92578125,479.6206970214844,345.0401611328125,275.003662109375,0.9989871382713318,382.7942199707031,233.00128173828125,0.9970237612724304,306.7712707519531,229.9778594970703,0.9968512654304504,421.01055908203125,235.0470733642578,0.8049180507659912,255.18182373046875,229.6941375732422,0.9656667709350586,461.16015625,355.26409912109375,0.9988692402839661,172.46356201171875,365.09539794921875,0.9960456490516663,581.2222290039062,469.29400634765625,0.5973330736160278,22.124267578125,468.274169921875,0.11557775735855103,543.89794921875,471.9609375,0.013375942595303059,100.03179931640625,450.2820739746094,0.005409394856542349,402.279296875,480.0,0.00043506635120138526,222.3326416015625,480.0,0.00021032901713624597,434.2381591796875,463.98663330078125,0.001082143047824502,216.43487548828125,470.1870422363281,0.0005728610558435321,393.533203125,478.114013671875,0.0004760214651469141,245.39471435546875,461.58892822265625,0.0003093509585596621
20,webcam-0__tcn__20260807-122153_raw_30fps,605,606,20.166666666666668,background,1,1,1,1,0,0,0,640,480,0.7061809301376343,0,3.80169677734375,87.83627319335938,611.1839599609375,479.6355285644531,345.253173828125,275.29547119140625,0.998968243598938,382.8814392089844,232.86434936523438,0.9971375465393066,306.4830322265625,229.96412658691406,0.9968185424804688,421.42779541015625,234.6890869140625,0.8115076422691345,254.39498901367188,229.75140380859375,0.9645517468452454,461.66009521484375,355.2759704589844,0.9987906813621521,173.95245361328125,364.3586730957031,0.9959856867790222,582.3232421875,469.83331298828125,0.5283467769622803,23.5338134765625,468.465087890625,0.11243796348571777,543.4470825195312,471.055908203125,0.01385678444057703,104.01338195800781,450.97308349609375,0.005859827622771263,401.938232421875,480.0,0.00042328471317887306,222.72018432617188,480.0,0.00021389589528553188,431.97613525390625,463.46942138671875,0.0010880915215238929,215.9656982421875,469.060791015625,0.0005903111305087805,391.8419189453125,478.475830078125,0.0005059416871517897,243.91098022460938,461.9884033203125,0.00032353855203837156
20,webcam-0__tcn__20260807-122153_raw_30fps,606,607,20.2,background,1,1,1,1,0,0,0,640,480,0.9082715511322021,0,1.5242919921875,86.1536865234375,612.8863525390625,479.0,344.7720642089844,274.90185546875,0.9984821677207947,383.6068115234375,232.4502410888672,0.9959098100662231,306.2807922363281,229.6831512451172,0.9958149790763855,422.8182067871094,235.14874267578125,0.8078616261482239,254.32122802734375,230.0352783203125,0.9584440588951111,464.82720947265625,354.9619445800781,0.9984185695648193,171.87860107421875,365.22662353515625,0.9950456619262695,579.3480224609375,468.4912109375,0.4514598548412323,26.3043212890625,469.6455993652344,0.12008002400398254,541.0133056640625,472.40423583984375,0.01472452376037836,109.28858947753906,448.8674621582031,0.008458022959530354,403.93634033203125,480.0,0.0005831931484863162,221.52420043945312,480.0,0.00032555125653743744,424.9106140136719,462.64080810546875,0.0008139849524013698,217.28594970703125,466.57244873046875,0.000527964613866061,388.14703369140625,469.6061706542969,0.0004940140643157065,241.2030029296875,455.7640075683594,0.0003649404097814113
20,webcam-0__tcn__20260807-122153_raw_30fps,607,608,20.233333333333334,background,1,1,2,2,0,0,0,640,480,0.5082488059997559,0,1.940521240234375,85.32257080078125,614.90771484375,478.96966552734375,344.954833984375,274.7598571777344,0.9985722303390503,383.6007995605469,232.51083374023438,0.995979905128479,306.24005126953125,229.74032592773438,0.9960048794746399,422.9667663574219,235.0083770751953,0.7969331741333008,253.75926208496094,230.03326416015625,0.9596018195152283,465.3239440917969,355.4242248535156,0.9984306693077087,171.06260681152344,367.1834716796875,0.9944069385528564,578.7080078125,468.83056640625,0.4290207326412201,27.781005859375,471.102783203125,0.08909387141466141,548.3408813476562,474.057373046875,0.013791694305837154,110.2655029296875,448.05755615234375,0.007241922430694103,404.8623046875,480.0,0.0006052721291780472,222.387451171875,480.0,0.0003257546341046691,424.4198303222656,461.92279052734375,0.0008374534081667662,218.57730102539062,466.10595703125,0.0005432068719528615,389.15380859375,468.8432922363281,0.0004907844122499228,242.07229614257812,455.1876220703125,0.0003762383130379021
20,webcam-0__tcn__20260807-122153_raw_30fps,607,608,20.233333333333334,background,1,1,2,2,1,1,1,640,480,0.4688362181186676,0,4.1483154296875,86.38214111328125,614.687744140625,479.616943359375,345.2781677246094,275.4046936035156,0.99903404712677,383.0885314941406,233.02989196777344,0.9972932934761047,306.4864501953125,229.9803466796875,0.9968749284744263,421.9971923828125,234.74383544921875,0.8129311203956604,254.26571655273438,229.47540283203125,0.9625377655029297,463.0339660644531,356.13336181640625,0.9987342953681946,173.8806915283203,365.86199951171875,0.9955012202262878,582.2366943359375,469.80029296875,0.46738380193710327,25.02227783203125,470.5159912109375,0.08131451904773712,550.1347045898438,473.0107116699219,0.01194532960653305,105.72108459472656,450.81817626953125,0.005267114378511906,403.38836669921875,480.0,0.00045078760012984276,223.76979064941406,480.0,0.0002279278851347044,429.4351806640625,463.89349365234375,0.001061648246832192,217.26837158203125,468.9637145996094,0.0006000729044899344,390.7007141113281,477.8674011230469,0.000491263170260936,244.19015502929688,461.125732421875,0.0003354674845468253
20,webcam-0__tcn__20260807-122153_raw_30fps,608,609,20.266666666666666,background,1,1,2,2,0,0,0,640,480,0.49573349952697754,0,3.84161376953125,87.0269775390625,614.5795288085938,479.617431640625,345.1544494628906,275.2901306152344,0.9990352392196655,383.0374450683594,233.06121826171875,0.9973228573799133,306.39569091796875,229.95814514160156,0.996906578540802,421.9859313964844,234.68466186523438,0.811881422996521,254.14060974121094,229.25558471679688,0.9622822403907776,462.9624328613281,356.2212219238281,0.9987686276435852,174.41000366210938,365.38916015625,0.9956753849983215,582.0606689453125,469.4457092285156,0.48818522691726685,24.17559814453125,470.0677795410156,0.09187103807926178,550.5579833984375,473.3057861328125,0.01178620383143425,105.34486389160156,450.90496826171875,0.00546612124890089,403.4544982910156,480.0,0.00043735586223192513,224.22659301757812,480.0,0.00022297097893897444,430.05633544921875,464.3508605957031,0.0010484313825145364,217.0473175048828,469.28472900390625,0.0005980671267025173,391.1508483886719,478.1540222167969,0.0004937050398439169,244.18527221679688,461.2922668457031,0.000335895485477522
20,webcam-0__tcn__20260807-122153_raw_30fps,608,609,20.266666666666666,background,1,1,2,2,1,1,1,640,480,0.47755131125450134,0,1.50244140625,85.88388061523438,614.7695922851562,478.971435546875,344.8561096191406,274.6502685546875,0.9985660910606384,383.5647888183594,232.53668212890625,0.9960145950317383,306.16436767578125,229.71536254882812,0.9960296154022217,422.9534912109375,234.94345092773438,0.7962139248847961,253.6309814453125,229.82119750976562,0.9594982266426086,465.27056884765625,355.4681701660156,0.9984626770019531,171.51551818847656,366.684326171875,0.99459308385849,578.5958862304688,468.46490478515625,0.44595909118652344,26.803924560546875,470.5953369140625,0.09899773448705673,548.7486572265625,474.3269348144531,0.013606633991003036,109.87875366210938,448.16162109375,0.007469995878636837,404.9787292480469,480.0,0.0005899171228520572,222.78443908691406,480.0,0.00032110451138578355,424.9107971191406,462.314697265625,0.0008217043941840529,218.3326416015625,466.42401123046875,0.0005407929420471191,389.4970703125,469.0865478515625,0.0004920418723486364,241.97833251953125,455.33966064453125,0.00037768110632896423
20,webcam-0__tcn__20260807-122153_raw_30fps,609,610,20.3,background,1,1,2,2,0,0,0,640,480,0.5781570076942444,0,4.02685546875,86.47119140625,614.735595703125,479.6287841796875,345.2352600097656,275.4232482910156,0.999036431312561,383.067138671875,233.06857299804688,0.9972648620605469,306.5162353515625,229.94357299804688,0.9968429803848267,422.1553955078125,234.76153564453125,0.8163483738899231,254.45989990234375,229.31056213378906,0.9628507494926453,462.30181884765625,355.988525390625,0.9987737536430359,173.69503784179688,366.0327453613281,0.9954802989959717,582.937744140625,469.23712158203125,0.4888441562652588,25.75445556640625,470.1602783203125,0.0821618139743805,550.7835083007812,471.98907470703125,0.013086085207760334,109.16818237304688,450.6437072753906,0.005458373576402664,403.3612060546875,480.0,0.0004623491840902716,224.14646911621094,480.0,0.00022642593830823898,433.33441162109375,463.41229248046875,0.0010893631260842085,220.0738983154297,468.8625793457031,0.0005873951595276594,394.021484375,478.0147399902344,0.0004979519871994853,247.49765014648438,461.4748840332031,0.0003239138750359416
20,webcam-0__tcn__20260807-122153_raw_30fps,609,610,20.3,background,1,1,2,2,1,1,1,640,480,0.3366481065750122,0,1.77825927734375,85.321044921875,614.7149047851562,478.977783203125,344.9266357421875,274.7556457519531,0.9985818862915039,383.60479736328125,232.5259552001953,0.9959558844566345,306.273193359375,229.68157958984375,0.9959782361984253,423.1394958496094,234.9873046875,0.8004918694496155,253.91749572753906,229.84417724609375,0.9599196314811707,464.6973571777344,355.24267578125,0.9984649419784546,170.80470275878906,367.3778381347656,0.9943969249725342,579.4577026367188,468.3049011230469,0.447373628616333,28.479339599609375,470.760986328125,0.08984732627868652,548.8221435546875,473.1533508300781,0.015172624960541725,113.693359375,447.910888671875,0.007531260140240192,404.89703369140625,480.0,0.0006229482241906226,222.69708251953125,480.0,0.0003274856135249138,427.7532958984375,461.50946044921875,0.000856389757245779,220.93035888671875,466.0218200683594,0.0005348085542209446,392.2611389160156,469.0680236816406,0.0004925207467749715,245.00588989257812,455.5342712402344,0.0003636147012002766
20,webcam-0__tcn__20260807-122153_raw_30fps,610,611,20.333333333333332,background,1,1,1,1,0,0,0,640,480,0.9298809170722961,0,1.335205078125,84.287353515625,613.0431518554688,479.0118103027344,345.0784606933594,274.328369140625,0.9985814094543457,383.67584228515625,231.94589233398438,0.9957982897758484,306.08648681640625,229.43771362304688,0.9962803721427917,422.8186340332031,233.66197204589844,0.7868476510047913,252.94818115234375,229.35923767089844,0.9649250507354736,465.4559020996094,355.2693176269531,0.9983804225921631,169.0696563720703,367.983154296875,0.9942653775215149,579.7632446289062,469.03961181640625,0.4216763377189636,28.014251708984375,470.78424072265625,0.08572480827569962,538.1373901367188,471.5868225097656,0.014707613736391068,111.45753479003906,447.22723388671875,0.007338636089116335,405.6654357910156,480.0,0.00057630380615592,222.53807067871094,480.0,0.00030185357900336385,426.75665283203125,461.2252197265625,0.0008467899169772863,219.78854370117188,466.4789733886719,0.0005073378561064601,390.84857177734375,469.62506103515625,0.0004933524178341031,244.1123046875,456.16009521484375,0.0003495055716484785
20,webcam-0__tcn__20260807-122153_raw_30fps,611,612,20.366666666666667,background,1,1,1,1,0,0,0,640,480,0.9184632897377014,0,1.404327392578125,83.23431396484375,613.6485595703125,479.01556396484375,345.0649719238281,274.3800964355469,0.9986287355422974,383.6808776855469,232.00430297851562,0.9958594441413879,305.97503662109375,229.4442138671875,0.996283233165741,422.86279296875,233.55532836914062,0.784480631351471,252.57937622070312,229.25881958007812,0.9639623761177063,465.55035400390625,355.2921142578125,0.9983545541763306,167.8431854248047,369.3730163574219,0.9939707517623901,580.9158935546875,469.78875732421875,0.3954004645347595,29.263671875,471.69708251953125,0.07391335815191269,535.15576171875,469.913330078125,0.01521327719092369,114.75466918945312,447.9149169921875,0.007051254156976938,405.1546630859375,480.0,0.0006047344650141895,221.1981658935547,480.0,0.00031212621252052486,426.97723388671875,460.60650634765625,0.0008501952979713678,220.41078186035156,466.762939453125,0.0004958764184266329,391.1199951171875,469.60150146484375,0.0004901523352600634,244.56997680664062,456.6022033691406,0.00033971492666751146
20,webcam-0__tcn__20260807-122153_raw_30fps,612,613,20.4,background,1,1,2,2,0,0,0,640,480,0.603952169418335,0,2.141845703125,84.08578491210938,613.821044921875,479.0511779785156,344.6195983886719,274.86614990234375,0.9987500905990601,383.9933166503906,234.58255004882812,0.9964224696159363,306.0940856933594,231.4532928466797,0.996653139591217,423.9289855957031,235.45948791503906,0.8179361820220947,252.78758239746094,229.69552612304688,0.9632670283317566,465.8450927734375,355.65130615234375,0.9982964396476746,168.92710876464844,369.4251708984375,0.9944288730621338,580.71533203125,470.1470031738281,0.36949077248573303,29.481231689453125,470.95843505859375,0.07392700016498566,530.2884521484375,468.68109130859375,0.015870723873376846,113.58871459960938,447.0010986328125,0.007883356884121895,404.79364013671875,480.0,0.0006248019053600729,221.72616577148438,480.0,0.00033236556919291615,425.91766357421875,460.5364685058594,0.0008348296978510916,218.83236694335938,466.86871337890625,0.0004931302391923964,390.52764892578125,469.97918701171875,0.0005186840426176786,243.4090576171875,456.5360107421875,0.0003599391784518957
20,webcam-0__tcn__20260807-122153_raw_30fps,612,613,20.4,background,1,1,2,2,1,1,1,640,480,0.41629865765571594,0,4.5118408203125,84.95263671875,613.5218505859375,479.63922119140625,344.8842468261719,275.46258544921875,0.9991477727890015,383.450439453125,235.02554321289062,0.9975640773773193,306.36602783203125,231.643310546875,0.997389018535614,422.9493408203125,235.0201873779297,0.833797812461853,253.43299865722656,229.0076141357422,0.9658728837966919,463.2864074707031,356.08905029296875,0.9986106157302856,171.6402587890625,368.0775451660156,0.9956146478652954,584.0797119140625,470.9489440917969,0.40233340859413147,26.831939697265625,470.19384765625,0.06831536442041397,532.059326171875,467.90423583984375,0.013402346521615982,109.04953002929688,449.9202880859375,0.005672989878803492,403.7677917480469,480.0,0.00046111876145005226,223.56341552734375,480.0,0.00022951698338147253,431.2725830078125,462.456787109375,0.0010838774032890797,218.15782165527344,469.96484375,0.0005447984440252185,392.3683776855469,479.01654052734375,0.0005162735469639301,245.9757080078125,462.7379455566406,0.00030892889481037855
20,webcam-0__tcn__20260807-122153_raw_30fps,613,614,20.433333333333334,background,1,1,1,1,0,0,0,640,480,0.9401633143424988,0,2.48846435546875,83.34088134765625,612.5916137695312,479.0322265625,344.57275390625,275.23284912109375,0.998610258102417,383.6324157714844,234.00640869140625,0.9962770342826843,305.90478515625,230.80401611328125,0.9965908527374268,423.1949768066406,235.91567993164062,0.8011983633041382,252.7679443359375,229.98448181152344,0.9643197655677795,464.8208312988281,354.4948425292969,0.9985253214836121,170.72390747070312,365.1114501953125,0.9951574206352234,580.543701171875,468.3866271972656,0.48984068632125854,27.198394775390625,469.0921630859375,0.11880513280630112,542.9605712890625,469.5265808105469,0.018969325348734856,110.62495422363281,448.46710205078125,0.008516120724380016,403.977783203125,480.0,0.0006480319425463676,221.96966552734375,480.0,0.0003639004426077008,426.2566223144531,463.2518615722656,0.0008160145953297615,216.3110809326172,468.43414306640625,0.0005287071689963341,390.0113525390625,470.8408508300781,0.0004827753873541951,241.85568237304688,456.89093017578125,0.00035788436071015894
20,webcam-0__tcn__20260807-122153_raw_30fps,614,615,20.466666666666665,background,1,1,1,1,0,0,0,640,480,0.9404677152633667,0,1.945404052734375,84.17230224609375,610.1766357421875,479.00811767578125,344.46954345703125,275.1088562011719,0.998637855052948,383.4798278808594,233.67196655273438,0.9961525797843933,305.8232116699219,230.61672973632812,0.996404767036438,422.8597717285156,235.89910888671875,0.792461097240448,252.94845581054688,230.25048828125,0.9622370004653931,464.5291442871094,354.65765380859375,0.9985184073448181,170.64602661132812,365.3304748535156,0.9950934648513794,579.6671142578125,468.0604248046875,0.47819480299949646,26.42138671875,469.9351806640625,0.11158435046672821,545.223388671875,467.19891357421875,0.02114962972700596,112.38372802734375,447.6032409667969,0.008663683198392391,403.20526123046875,480.0,0.0006166594102978706,221.1493377685547,480.0,0.00033992843236774206,425.2386779785156,462.74456787109375,0.000823378621134907,215.80126953125,467.82470703125,0.0005189270596019924,389.3565673828125,470.0357666015625,0.0004870709090027958,241.47756958007812,456.33404541015625,0.00034811507794074714
20,webcam-0__tcn__20260807-122153_raw_30fps,615,616,20.5,background,1,1,1,1,0,0,0,640,480,0.8687489032745361,0,4.453033447265625,84.9656982421875,611.6043701171875,479.6424560546875,344.5940246582031,276.09393310546875,0.9991102814674377,383.0504150390625,234.09609985351562,0.9972739815711975,305.8873596191406,231.04269409179688,0.9970085024833679,422.3782043457031,235.72708129882812,0.8137186169624329,253.8697052001953,230.2086181640625,0.9637515544891357,462.6734924316406,356.2808532714844,0.9988331198692322,171.41354370117188,366.2514953613281,0.9953355193138123,580.74951171875,468.3402099609375,0.5642843246459961,24.497650146484375,470.88751220703125,0.07614228874444962,560.5003662109375,468.8840637207031,0.021665651351213455,108.81419372558594,449.30023193359375,0.00560262193903327,401.0802001953125,480.0,0.00045962451258674264,220.7188720703125,480.0,0.00021848232427146286,432.4493103027344,465.22430419921875,0.0010655467631295323,218.01210021972656,470.34173583984375,0.0005944637814536691,393.4006652832031,477.06494140625,0.00046425306936725974,246.5849151611328,461.2352294921875,0.0003222109517082572
20,webcam-0__tcn__20260807-122153_raw_30fps,616,617,20.533333333333335,background,1,1,2,2,0,0,0,640,480,0.5967021584510803,0,2.06158447265625,83.43701171875,610.17041015625,479.04522705078125,344.41705322265625,276.03350830078125,0.9986372590065002,383.6151123046875,234.22598266601562,0.9959750771522522,305.7456970214844,231.28990173339844,0.9963332414627075,423.39117431640625,236.41925048828125,0.8025557398796082,253.285888671875,231.0009307861328,0.9625446200370789,466.01934814453125,355.9179992675781,0.9984670281410217,170.2464141845703,367.6844177246094,0.994714081287384,579.4931030273438,468.6004943847656,0.4450347125530243,26.964324951171875,470.824951171875,0.09056121855974197,540.7823486328125,470.670166015625,0.016413653269410133,112.84120178222656,445.3877258300781,0.007860059849917889,404.2108459472656,480.0,0.0006149461842142045,221.29425048828125,480.0,0.00032852598815225065,425.58990478515625,462.14422607421875,0.0008198641007766128,217.91680908203125,467.15142822265625,0.0005161424051038921,390.3169860839844,469.53167724609375,0.0004850755794905126,243.25021362304688,455.7376708984375,0.00035680801374837756
20,webcam-0__tcn__20260807-122153_raw_30fps,616,617,20.533333333333335,background,1,1,2,2,1,1,1,640,480,0.4416821599006653,0,4.196624755859375,84.49951171875,610.2864990234375,479.6387939453125,344.77288818359375,276.63116455078125,0.9990665316581726,383.12591552734375,234.6937255859375,0.997248113155365,306.0238342285156,231.49522399902344,0.9971213936805725,422.456787109375,236.0954132080078,0.8169665336608887,253.84060668945312,230.4147186279297,0.9657382369041443,463.5603332519531,356.4847106933594,0.9987531900405884,172.92518615722656,366.383056640625,0.9956933856010437,582.6747436523438,469.36749267578125,0.4915170669555664,24.3370361328125,470.12615966796875,0.08424609899520874,542.6732788085938,469.6678466796875,0.014264571480453014,108.3487548828125,447.8099670410156,0.005753679201006889,402.8045654296875,480.0,0.00044729068758897483,222.97042846679688,480.0,0.00022178594372235239,430.77655029296875,464.3912353515625,0.0010543538955971599,217.0575714111328,470.1776428222656,0.0005714398575946689,391.8018493652344,478.3672180175781,0.000488575198687613,245.56204223632812,461.73468017578125,0.00031716813100501895
20,webcam-0__tcn__20260807-122153_raw_30fps,617,618,20.566666666666666,background,1,1,1,1,0,0,0,640,480,0.9150261282920837,0,4.321533203125,84.35556030273438,615.3348999023438,479.64208984375,344.84869384765625,276.7640380859375,0.999100923538208,383.3654479980469,234.7260284423828,0.9974406957626343,305.94866943359375,231.50445556640625,0.9970621466636658,422.6846923828125,236.52072143554688,0.8248757719993591,253.58714294433594,230.78587341308594,0.9642728567123413,463.88043212890625,356.8107604980469,0.9987921118736267,171.53634643554688,367.25244140625,0.9953095316886902,582.5811767578125,469.0782470703125,0.46131423115730286,24.87811279296875,471.534423828125,0.06797132641077042,549.333251953125,470.0267333984375,0.011865229345858097,110.21676635742188,449.2850036621094,0.0050683352164924145,402.8638916015625,480.0,0.0004638388636521995,221.65756225585938,480.0,0.00022303049627225846,432.8016662597656,465.5380859375,0.0010434380965307355,218.39793395996094,471.0502624511719,0.0005780145875178277,393.6325378417969,478.2691345214844,0.00047575021744705737,246.85635375976562,461.8870849609375,0.00032175786327570677
20,webcam-0__tcn__20260807-122153_raw_30fps,618,619,20.6,background,1,1,1,1,0,0,0,640,480,0.8910777568817139,0,3.510955810546875,84.6812744140625,614.0896606445312,479.6312255859375,344.4272766113281,277.0128173828125,0.9991220831871033,383.32000732421875,234.69525146484375,0.9974486231803894,305.59222412109375,231.5947723388672,0.9970435500144958,423.14056396484375,236.3711700439453,0.83110111951828,253.56686401367188,230.79696655273438,0.9617588520050049,463.7740783691406,356.6385803222656,0.998773992061615,170.5895538330078,368.0108642578125,0.9952357411384583,582.7151489257812,468.90057373046875,0.4749242663383484,23.845977783203125,472.54608154296875,0.06518358737230301,543.5414428710938,472.543212890625,0.010318681597709656,106.2982177734375,450.4665222167969,0.004563821479678154,403.0107727050781,480.0,0.0004708854539785534,221.162841796875,480.0,0.00021945690969005227,432.21734619140625,464.960205078125,0.001059922156855464,217.4332275390625,470.9825439453125,0.0005705581861548126,392.9925537109375,477.92083740234375,0.0004577518266160041,244.7891082763672,461.6549987792969,0.0003113849670626223
20,webcam-0__tcn__20260807-122153_raw_30fps,619,620,20.633333333333333,background,1,1,1,1,0,0,0,640,480,0.7670785188674927,0,3.312286376953125,85.3199462890625,615.4010009765625,479.62750244140625,344.830078125,278.4645080566406,0.9990788698196411,384.0849914550781,235.85269165039062,0.997533917427063,305.7086181640625,232.82046508789062,0.9969974756240845,424.9145202636719,236.85177612304688,0.8398377895355225,253.58717346191406,231.32794189453125,0.958784282207489,464.42095947265625,357.1821594238281,0.9987666606903076,172.47154235839844,367.6923522949219,0.9954884648323059,582.7174072265625,468.437255859375,0.49019667506217957,22.51800537109375,470.5220947265625,0.07433979213237762,549.570556640625,472.2646789550781,0.01093282550573349,103.61433410644531,449.54034423828125,0.004831083584576845,402.9997253417969,480.0,0.00045472319470718503,222.57150268554688,480.0,0.00021688290871679783,431.08990478515625,464.7778015136719,0.0010521564399823546,217.989013671875,470.471435546875,0.0005683125928044319,392.11090087890625,477.6507873535156,0.00046948931412771344,245.46072387695312,460.8076171875,0.00031396644772030413
20,webcam-0__tcn__20260807-122153_raw_30fps,620,621,20.666666666666668,background,1,1,1,1,0,0,0,640,480,0.9418688416481018,0,3.073638916015625,84.586669921875,610.0383911132812,479.6514587402344,345.90948486328125,279.4931640625,0.9990339279174805,384.6683349609375,236.02029418945312,0.9973535537719727,306.20013427734375,233.5009765625,0.9971924424171448,425.125,235.72366333007812,0.8286172747612,253.33236694335938,231.56544494628906,0.9646571278572083,465.1395568847656,357.72271728515625,0.9986947178840637,172.2056121826172,367.96343994140625,0.9957684278488159,583.830322265625,469.70751953125,0.4697768986225128,22.9981689453125,469.75152587890625,0.0836978629231453,534.1021118164062,471.69061279296875,0.012383895926177502,105.57890319824219,450.6819152832031,0.005025203339755535,401.88787841796875,480.0,0.00043587168329395354,221.01953125,480.0,0.00021517333516385406,429.982421875,465.309326171875,0.0009820720879361033,216.13894653320312,471.1363525390625,0.0005206989008001983,390.19879150390625,478.3269348144531,0.00046673440374433994,243.5210723876953,461.6511535644531,0.0002960344427265227
20,webcam-0__tcn__20260807-122153_raw_30fps,621,622,20.7,background,1,1,1,1,0,0,0,640,480,0.9270038604736328,0,2.3631591796875,84.42401123046875,610.3448486328125,479.6489562988281,345.9718017578125,279.5473937988281,0.9990205764770508,384.74041748046875,236.0521240234375,0.9973248243331909,306.21539306640625,233.532470703125,0.9972367286682129,425.2241516113281,235.78146362304688,0.8247742056846619,253.33108520507812,231.64195251464844,0.9655892848968506,463.89727783203125,357.011474609375,0.9987179040908813,172.6158905029297,368.0770263671875,0.9958394765853882,583.837158203125,469.1551513671875,0.4978752136230469,21.9884033203125,469.5773620605469,0.08449883759021759,535.9525756835938,471.3745422363281,0.012647425755858421,102.10890197753906,449.8447570800781,0.004846600815653801,401.5402526855469,480.0,0.0004660150734707713,221.3753662109375,480.0,0.00022653391351923347,430.3070373535156,464.49542236328125,0.0010357856517657638,215.9771728515625,471.01690673828125,0.0005412325845099986,390.8524475097656,478.180419921875,0.00046400842256844044,243.390625,461.2040100097656,0.0002984787570312619
20,webcam-0__tcn__20260807-122153_raw_30fps,622,623,20.733333333333334,background,1,1,1,1,0,0,0,640,480,0.9502617716789246,0,3.039520263671875,84.11956787109375,611.888671875,479.63970947265625,346.6090087890625,280.05078125,0.9989827275276184,385.22259521484375,236.00390625,0.9973124265670776,306.4412841796875,233.72354125976562,0.9970267415046692,425.53607177734375,236.0037078857422,0.8241514563560486,253.4461669921875,232.4470977783203,0.9639356732368469,464.29107666015625,357.0659484863281,0.9987969398498535,173.2027587890625,367.80047607421875,0.99565190076828,584.3952026367188,470.0232849121094,0.5089040398597717,22.4859619140625,470.2961730957031,0.08526450395584106,542.4189453125,471.82098388671875,0.011936710216104984,104.25381469726562,450.4279479980469,0.004895801655948162,401.2330322265625,480.0,0.0004642028361558914,220.989013671875,480.0,0.00022457946033682674,431.111328125,464.59210205078125,0.0009987587109208107,216.67074584960938,470.3133239746094,0.0005432097241282463,391.1995849609375,478.2021179199219,0.00046323391143232584,243.08489990234375,461.1611328125,0.0003092480474151671
20,webcam-0__tcn__20260807-122153_raw_30fps,623,624,20.766666666666666,background,1,1,1,1,0,0,0,640,480,0.939994215965271,0,3.657501220703125,83.289306640625,612.9181518554688,479.6545104980469,349.666015625,283.4712219238281,0.9989393353462219,388.35504150390625,237.98712158203125,0.9969618916511536,308.6279296875,236.26502990722656,0.9971990585327148,428.8813781738281,235.94566345214844,0.7774977087974548,254.43304443359375,233.74061584472656,0.9637123346328735,467.8775329589844,358.2625427246094,0.9985669255256653,176.50888061523438,367.9455871582031,0.9957516193389893,588.2586059570312,472.11199951171875,0.44156795740127563,22.11322021484375,469.17340087890625,0.09097772091627121,526.1554565429688,465.53668212890625,0.01637425273656845,106.66661071777344,450.8008728027344,0.005741986911743879,403.09478759765625,480.0,0.00040429874206893146,222.6015625,480.0,0.00019772310042753816,432.5952453613281,464.7153015136719,0.0010458894539624453,216.39016723632812,471.28717041015625,0.0005022448021918535,390.32647705078125,479.7760314941406,0.0004924198146909475,243.39024353027344,462.2333984375,0.0002663600316736847
20,webcam-0__tcn__20260807-122153_raw_30fps,624,625,20.8,background,1,1,2,2,0,0,0,640,480,0.5593175888061523,0,2.333740234375,83.1578369140625,613.5820922851562,479.0521240234375,350.7998352050781,284.0918273925781,0.9984737038612366,389.93743896484375,238.20831298828125,0.9956158399581909,309.5427551269531,237.29736328125,0.9965096116065979,430.41082763671875,236.7716064453125,0.7445220947265625,254.66293334960938,236.09988403320312,0.9560519456863403,470.8506164550781,358.4338684082031,0.99777752161026,175.98312377929688,368.9346008300781,0.9949199557304382,585.2861328125,469.99005126953125,0.3481411933898926,26.863433837890625,469.01776123046875,0.1031583771109581,498.5550842285156,462.54107666015625,0.026982713490724564,113.80877685546875,448.02423095703125,0.008997771888971329,406.01654052734375,480.0,0.0006277523352764547,222.42630004882812,480.0,0.0003472045937087387,423.4919128417969,461.6253967285156,0.0009184149093925953,215.50729370117188,466.9800109863281,0.0005001117824576795,384.7619934082031,470.84564208984375,0.0005227522342465818,239.7403564453125,456.2088623046875,0.00030941731529310346
20,webcam-0__tcn__20260807-122153_raw_30fps,624,625,20.8,background,1,1,2,2,1,1,1,640,480,0.49801066517829895,0,4.765594482421875,84.05300903320312,612.9649658203125,479.6412353515625,351.1109313964844,284.5569763183594,0.998939573764801,389.3690490722656,238.3201904296875,0.9969395399093628,309.6710510253906,237.23104858398438,0.9971721768379211,429.2996520996094,235.87503051757812,0.7629956007003784,254.91990661621094,235.233154296875,0.9602177143096924,468.3131103515625,358.60357666015625,0.9982376098632812,178.7550811767578,367.7724914550781,0.9959803819656372,589.3775634765625,471.0187683105469,0.37443459033966064,23.9295654296875,468.70257568359375,0.0949920266866684,499.87457275390625,462.2066955566406,0.023016877472400665,109.02153015136719,451.3002014160156,0.006174862384796143,404.7047119140625,480.0,0.00043668391299434006,224.18515014648438,480.0,0.00022322515724226832,428.1439208984375,464.02008056640625,0.0011971228523179889,215.02113342285156,470.726806640625,0.0005399120273068547,385.8603210449219,480.0,0.0005274090217426419,241.60537719726562,463.1689147949219,0.000257891311775893
20,webcam-0__tcn__20260807-122153_raw_30fps,625,626,20.833333333333332,background,1,1,2,2,0,0,0,640,480,0.8437135815620422,0,2.899383544921875,81.62261962890625,617.60595703125,479.0521545410156,351.8818359375,285.103515625,0.9984573125839233,390.6045227050781,238.44790649414062,0.9956802129745483,309.6130676269531,238.05108642578125,0.996685802936554,431.4144287109375,236.09304809570312,0.740483820438385,253.83982849121094,236.889892578125,0.9594250321388245,470.80816650390625,356.3116149902344,0.9978362917900085,173.2688446044922,368.84246826171875,0.9948969483375549,586.3323974609375,467.98388671875,0.3725178837776184,26.853912353515625,469.46234130859375,0.09723745286464691,498.1282958984375,461.0012512207031,0.030433878302574158,114.40303039550781,447.64239501953125,0.008356161415576935,405.9384765625,480.0,0.0005800853250548244,221.0819091796875,480.0,0.0003051027306355536,422.8646240234375,461.5858154296875,0.0008818964124657214,214.58876037597656,466.8372802734375,0.0004435459850355983,382.57537841796875,469.8197937011719,0.00048802944365888834,239.4554443359375,455.00872802734375,0.00027747961576096714
20,webcam-0__tcn__20260807-122153_raw_30fps,625,626,20.833333333333332,background,1,1,2,2,1,1,1,640,480,0.26565808057785034,0,5.078948974609375,82.54986572265625,616.8375854492188,479.6358947753906,352.1036071777344,285.6103820800781,0.9988999366760254,389.9942626953125,238.6034393310547,0.9968980550765991,309.69134521484375,238.0386505126953,0.9972388744354248,430.2466125488281,235.2850341796875,0.7594736814498901,254.1107177734375,236.11204528808594,0.96306973695755,468.367431640625,356.5379638671875,0.9982446432113647,176.03054809570312,367.77459716796875,0.9959312081336975,590.30419921875,469.12066650390625,0.3991316854953766,24.099395751953125,469.0738220214844,0.09180499613285065,499.5903015136719,460.8887023925781,0.026044407859444618,109.82614135742188,450.8973083496094,0.005845209117978811,404.94482421875,480.0,0.00039998983265832067,222.874267578125,480.0,0.00019725592574104667,427.2293701171875,463.9433288574219,0.0011745336232706904,214.10244750976562,470.50628662109375,0.0004961936501786113,383.6119384765625,478.9366455078125,0.0004920599749311805,241.35916137695312,461.885986328125,0.0002331218565814197
20,webcam-0__tcn__20260807-122153_raw_30fps,626,627,20.866666666666667,background,1,1,1,1,0,0,0,640,480,0.9017200469970703,0,3.314697265625,81.83355712890625,620.0159301757812,478.9981994628906,352.771240234375,286.5489807128906,0.9983996748924255,391.4521179199219,238.57432556152344,0.9956417083740234,309.3240661621094,238.7401123046875,0.9969125986099243,432.7094421386719,235.51016235351562,0.728925347328186,252.63417053222656,237.7176513671875,0.9623871445655823,472.7115478515625,357.20947265625,0.9978378415107727,172.3096160888672,369.0838928222656,0.9947524070739746,588.36181640625,468.4963073730469,0.3897322416305542,25.736602783203125,469.4617614746094,0.10524395853281021,504.0865478515625,462.4471740722656,0.030832501128315926,111.41584777832031,448.4057922363281,0.008058933541178703,406.2809143066406,480.0,0.0004719133721664548,220.15472412109375,480.0,0.00024834656505845487,424.34271240234375,463.6886291503906,0.000755199056584388,214.82855224609375,468.03656005859375,0.00038278018473647535,382.71600341796875,469.66650390625,0.00045954433153383434,239.03616333007812,454.4758605957031,0.0002608968934509903
20,webcam-0__tcn__20260807-122153_raw_30fps,627,628,20.9,background,1,1,1,1,0,0,0,640,480,0.9512367844581604,0,4.39923095703125,83.06878662109375,618.9641723632812,479.6427001953125,352.8693542480469,288.78778076171875,0.998816728591919,390.8185119628906,239.18359375,0.9964708089828491,308.9518737792969,240.06036376953125,0.9973874688148499,432.4141845703125,234.69161987304688,0.7675453424453735,253.538330078125,238.6903533935547,0.9669419527053833,471.84869384765625,359.5749816894531,0.9983891248703003,175.34078979492188,369.0360107421875,0.9960500597953796,594.8136596679688,470.47222900390625,0.4908895790576935,22.56866455078125,468.7848815917969,0.10059677064418793,505.9998474121094,461.5938720703125,0.04649699851870537,105.69871520996094,452.01031494140625,0.005610853433609009,404.53375244140625,480.0,0.0003055880079045892,219.79635620117188,480.0,0.00014541082782670856,432.8667297363281,467.3929138183594,0.0010092320153489709,214.10305786132812,472.31976318359375,0.00041628809412941337,385.1701354980469,478.62677001953125,0.00042905405280180275,240.67385864257812,461.2260437011719,0.00019884023640770465
20,webcam-0__tcn__20260807-122153_raw_30fps,628,629,20.933333333333334,background,1,1,1,1,0,0,0,640,480,0.9452105760574341,0,6.2412109375,85.71881103515625,622.8939208984375,479.639404296875,352.7078857421875,292.4408264160156,0.9988747239112854,389.8816833496094,240.1414031982422,0.9962573051452637,307.2456359863281,244.51040649414062,0.9973340034484863,432.1711730957031,235.4047393798828,0.799391508102417,253.52261352539062,247.050048828125,0.9639211893081665,476.06768798828125,359.724365234375,0.9984773993492126,178.17572021484375,369.6429443359375,0.9960837364196777,600.810546875,471.3624267578125,0.49599623680114746,24.8662109375,469.42132568359375,0.1077064797282219,508.06585693359375,463.92974853515625,0.05586853623390198,109.81455993652344,454.0856628417969,0.005784684792160988,407.3852844238281,480.0,0.0003782085841521621,221.19317626953125,480.0,0.00017792962898965925,439.83294677734375,465.9290771484375,0.0011775363236665726,216.7630615234375,470.2968444824219,0.00046168375411070883,389.1930236816406,476.5260009765625,0.00043719663517549634,242.9346923828125,458.5003967285156,0.00018681051733437926
20,webcam-0__tcn__20260807-122153_raw_30fps,629,630,20.966666666666665,background,1,1,1,1,0,0,0,640,480,0.9468305110931396,0,6.106414794921875,86.91351318359375,621.3707885742188,479.6360778808594,352.5870666503906,293.4895324707031,0.9989426732063293,389.43524169921875,240.57546997070312,0.9962792992591858,306.4847106933594,245.94253540039062,0.9975831508636475,432.16094970703125,235.30087280273438,0.7821691632270813,252.7876739501953,249.22332763671875,0.9641894102096558,476.03399658203125,359.5465087890625,0.9985256791114807,180.7433319091797,370.0820617675781,0.9956884980201721,601.6873779296875,471.0408020019531,0.5006144642829895,26.16644287109375,469.35205078125,0.09635329246520996,502.4239501953125,462.66766357421875,0.07386691123247147,117.72264099121094,453.83563232421875,0.006809527054429054,408.6087646484375,480.0,0.00035071466118097305,223.14077758789062,480.0,0.00015679311763960868,443.48516845703125,465.702880859375,0.0011745357187464833,220.2003631591797,469.1654052734375,0.00044692307710647583,392.3480529785156,476.86773681640625,0.00044905851245857775,245.87631225585938,458.7103576660156,0.00018523279868531972
20,webcam-0__tcn__20260807-122153_raw_30fps,630,631,21.0,background,1,1,1,1,0,0,0,640,480,0.946869969367981,0,6.261688232421875,86.576171875,621.1183471679688,479.64105224609375,352.6093444824219,293.50732421875,0.9989375472068787,389.41046142578125,240.55419921875,0.9962693452835083,306.5006408691406,245.94244384765625,0.9975970387458801,432.09716796875,235.27491760253906,0.7815962433815002,252.82861328125,249.26513671875,0.964037299156189,476.5343017578125,359.6446533203125,0.9984968900680542,181.24485778808594,370.0115661621094,0.9957765936851501,602.1326904296875,471.72076416015625,0.4838307499885559,26.45684814453125,469.31597900390625,0.09892618656158447,501.8486022949219,463.3918762207031,0.07041802257299423,116.87528991699219,453.32159423828125,0.006683486979454756,408.6429138183594,480.0,0.00034926424268633127,223.25009155273438,480.0,0.00015871170035097748,442.871826171875,465.8794250488281,0.0011700429022312164,219.44070434570312,469.15863037109375,0.0004467797698453069,391.79144287109375,477.08404541015625,0.0004546792188193649,245.01324462890625,458.9071044921875,0.00018597803136799484
20,webcam-0__tcn__20260807-122153_raw_30fps,631,632,21.033333333333335,background,1,1,1,1,0,0,0,640,480,0.9481294751167297,0,6.4075927734375,87.11801147460938,621.4432983398438,479.64105224609375,352.065673828125,294.04754638671875,0.9988818764686584,388.664306640625,240.40298461914062,0.9963118433952332,305.6119384765625,246.64260864257812,0.9975086450576782,432.465087890625,234.9148712158203,0.8102987408638,253.2631378173828,250.6810302734375,0.9590493440628052,477.97991943359375,359.68121337890625,0.9984796643257141,185.00448608398438,367.9745178222656,0.9960241317749023,601.764404296875,473.0712585449219,0.476966917514801,26.196044921875,468.40753173828125,0.11028853803873062,505.51751708984375,462.39825439453125,0.06961528956890106,115.37112426757812,454.31256103515625,0.006667019799351692,409.2779235839844,480.0,0.0003529569075908512,224.70242309570312,480.0,0.00016617056098766625,442.9623718261719,466.96533203125,0.0011614137329161167,218.97103881835938,469.38067626953125,0.00045114956446923316,391.893798828125,477.7330017089844,0.0004566228890325874,244.55084228515625,458.7461853027344,0.00018428538169246167
20,webcam-0__tcn__20260807-122153_raw_30fps,632,633,21.066666666666666,background,1,1,1,1,0,0,0,640,480,0.9460320472717285,0,6.18603515625,87.674560546875,623.692138671875,479.63885498046875,352.4257507324219,294.66143798828125,0.998845100402832,388.4906921386719,240.71780395507812,0.996327817440033,305.526611328125,247.701171875,0.9974576830863953,431.63580322265625,234.39064025878906,0.8109638690948486,252.69924926757812,251.96414184570312,0.9598884582519531,478.3902587890625,360.506103515625,0.9984266757965088,184.5637664794922,369.6473083496094,0.9961038827896118,602.9163818359375,472.563720703125,0.4412510097026825,25.542236328125,468.99822998046875,0.10913068801164627,503.59344482421875,460.80615234375,0.0652536004781723,108.71780395507812,454.4629211425781,0.006308279000222683,409.1328430175781,480.0,0.0003629009588621557,223.78738403320312,480.0,0.00017300965555477887,443.2678527832031,467.3367004394531,0.0011534837540239096,218.90713500976562,470.73944091796875,0.00044596876250579953,391.0008544921875,478.07086181640625,0.000447841506684199,243.66758728027344,458.8686218261719,0.00017876032507047057
20,webcam-0__tcn__20260807-122153_raw_30fps,633,634,21.1,background,1,1,1,1,0,0,0,640,480,0.9506583213806152,0,6.7694091796875,84.389404296875,626.4900512695312,479.62738037109375,352.41558837890625,296.86602783203125,0.9988000392913818,389.35113525390625,241.85870361328125,0.9963293671607971,305.1455993652344,248.77984619140625,0.9970295429229736,433.1727600097656,235.3264617919922,0.8117353916168213,252.0986328125,252.60369873046875,0.9505447745323181,480.3370361328125,361.03790283203125,0.9984319806098938,183.81105041503906,370.01708984375,0.9955912828445435,604.072509765625,471.32049560546875,0.43022605776786804,25.99261474609375,470.1640625,0.0961230993270874,507.4678955078125,459.4346923828125,0.059529948979616165,110.60075378417969,453.41534423828125,0.006099709775298834,412.0845031738281,480.0,0.00036950240610167384,225.38253784179688,480.0,0.00016928899276535958,446.5866394042969,466.5862121582031,0.0012229658896103501,222.21624755859375,469.1784973144531,0.0004767862264998257,393.50213623046875,477.6197814941406,0.00043851620284840465,246.36610412597656,458.4306640625,0.00017989588377531618
20,webcam-0__tcn__20260807-122153_raw_30fps,634,635,21.133333333333333,background,1,1,1,1,0,0,0,640,480,0.9479526281356812,0,6.856597900390625,85.0828857421875,625.8446044921875,479.64288330078125,352.2880859375,297.21575927734375,0.9987249970436096,389.326171875,242.3556671142578,0.9961429238319397,305.0268249511719,248.87062072753906,0.99715256690979,433.35491943359375,235.90875244140625,0.8198076486587524,251.86672973632812,252.38345336914062,0.9575068950653076,480.6646728515625,360.88250732421875,0.9984570741653442,183.58126831054688,370.2471008300781,0.9957979321479797,603.842529296875,471.4641418457031,0.44255056977272034,25.478485107421875,471.0872497558594,0.09523075819015503,504.967529296875,460.27874755859375,0.06703518331050873,111.32376098632812,453.03228759765625,0.006311837118119001,412.5842590332031,480.0,0.00034112230059690773,226.3135223388672,480.0,0.000155681322212331,443.5500183105469,465.84075927734375,0.001208815025165677,220.89962768554688,468.77593994140625,0.00045285598025657237,391.39190673828125,477.7354431152344,0.0004490807477850467,246.23867797851562,458.6239929199219,0.00017794693121686578
20,webcam-0__tcn__20260807-122153_raw_30fps,635,636,21.166666666666668,background,1,1,1,1,0,0,0,640,480,0.941872775554657,0,6.858367919921875,86.39413452148438,625.416259765625,479.6246643066406,352.4873046875,297.2540283203125,0.998842179775238,389.3580627441406,242.54608154296875,0.9961257576942444,305.0997314453125,249.48184204101562,0.9973203539848328,433.69696044921875,235.85748291015625,0.8186054825782776,252.01235961914062,253.29019165039062,0.9579587578773499,481.2290954589844,362.30987548828125,0.9984548091888428,182.67437744140625,372.5905456542969,0.995728075504303,604.3794555664062,470.7573547363281,0.4451555013656616,25.40362548828125,471.6138916015625,0.07931689918041229,502.6370849609375,463.1707763671875,0.07300446927547455,109.73005676269531,453.68621826171875,0.005310313310474157,411.3851013183594,480.0,0.00038780318573117256,224.85397338867188,480.0,0.0001713522942736745,441.22314453125,465.04803466796875,0.0012650573626160622,219.640869140625,469.0330810546875,0.00046287287841551006,389.83038330078125,476.4818115234375,0.0004420840123202652,244.07440185546875,457.889404296875,0.00017563652363605797
20,webcam-0__tcn__20260807-122153_raw_30fps,636,637,21.2,background,1,1,1,1,0,0,0,640,480,0.9417897462844849,0,6.260040283203125,85.88751220703125,625.2955322265625,479.62664794921875,352.8895263671875,297.8572692871094,0.9988589286804199,389.91302490234375,243.54153442382812,0.9963156580924988,305.83770751953125,249.97930908203125,0.9972477555274963,434.85137939453125,238.03488159179688,0.825049877166748,253.38916015625,254.31077575683594,0.9498997926712036,481.4813232421875,362.6684875488281,0.9984160661697388,184.52099609375,372.0432434082031,0.9959127306938171,603.5927734375,470.1484069824219,0.47312119603157043,26.8760986328125,471.4552307128906,0.08861296623945236,500.5443115234375,464.473388671875,0.07801841199398041,105.15138244628906,454.8558044433594,0.005276000592857599,409.7557373046875,480.0,0.0003910470404662192,224.041748046875,480.0,0.0001714951649773866,437.7125549316406,465.6756591796875,0.0012684272369369864,217.10528564453125,468.6756286621094,0.00046048322110436857,386.24688720703125,477.2433166503906,0.00043488762457855046,239.4219970703125,458.3392028808594,0.00017350805865135044
20,webcam-0__tcn__20260807-122153_raw_30fps,637,638,21.233333333333334,background,1,1,1,1,0,0,0,640,480,0.9441554546356201,0,4.5128173828125,88.20083618164062,624.691162109375,479.615478515625,353.49444580078125,297.9333190917969,0.9988484382629395,390.9506530761719,243.51388549804688,0.9962853193283081,306.5086669921875,249.84828186035156,0.9974742531776428,435.7884521484375,239.04396057128906,0.8072794675827026,254.28277587890625,254.878662109375,0.9473908543586731,479.3685607910156,361.85888671875,0.9983782768249512,188.0225830078125,369.3551940917969,0.9966952800750732,603.2894287109375,468.3289794921875,0.5703233480453491,27.5352783203125,469.04486083984375,0.15505309402942657,495.59893798828125,466.5706787109375,0.08888755738735199,97.15534973144531,456.1439514160156,0.0061850654892623425,408.43212890625,480.0,0.00039386682328768075,225.35617065429688,480.0,0.00018387923773843795,430.8414306640625,465.78924560546875,0.0012671008007600904,212.56570434570312,467.8670654296875,0.0004626452282536775,380.5928039550781,477.689208984375,0.0004434811125975102,233.46185302734375,458.11688232421875,0.0001741028536343947
20,webcam-0__tcn__20260807-122153_raw_30fps,638,639,21.266666666666666,background,1,1,1,1,0,0,0,640,480,0.9472622871398926,0,3.9144287109375,88.54498291015625,625.3721313476562,479.6136474609375,353.7292785644531,298.2205810546875,0.9988214373588562,390.92913818359375,243.63623046875,0.996245801448822,306.9108581542969,249.6373748779297,0.9973326921463013,435.9735107421875,238.92613220214844,0.8043644428253174,255.11880493164062,254.09507751464844,0.9431545734405518,480.68231201171875,362.3795471191406,0.9983512163162231,187.22584533691406,369.1783142089844,0.9967721104621887,602.895263671875,467.8008728027344,0.5763944983482361,26.567626953125,468.4222717285156,0.16215106844902039,497.44964599609375,467.92352294921875,0.08372622728347778,96.4254150390625,455.80865478515625,0.006157279945909977,408.7939147949219,480.0,0.0003888982755597681,224.94354248046875,480.0,0.00018442618602421135,432.1112060546875,465.994873046875,0.001263815676793456,213.18966674804688,468.20452880859375,0.00047631034976802766,381.5794372558594,477.18304443359375,0.0004368819354567677,234.69235229492188,457.60260009765625,0.00017513599595986307
20,webcam-0__tcn__20260807-122153_raw_30fps,639,640,21.3,background,1,1,1,1,0,0,0,640,480,0.947311282157898,0,4.12548828125,89.04840087890625,624.8587646484375,479.61175537109375,353.753173828125,298.2158203125,0.9988409876823425,390.94219970703125,243.70945739746094,0.9963059425354004,307.0268859863281,249.6468505859375,0.9973055124282837,435.9949645996094,238.59860229492188,0.8003955483436584,255.16421508789062,253.59024047851562,0.9410260319709778,481.5164794921875,362.83319091796875,0.99835205078125,187.60403442382812,368.9350280761719,0.9967625141143799,602.9227905273438,468.49267578125,0.5560902953147888,26.663970947265625,469.0680847167969,0.16313911974430084,497.13250732421875,467.3052673339844,0.07799198478460312,97.87661743164062,455.5945129394531,0.006310733500868082,409.3611755371094,480.0,0.00036650255788117647,225.39413452148438,480.0,0.00017563819710630924,432.3290710449219,466.1905517578125,0.001238295342773199,213.4463653564453,467.8775329589844,0.00047333541442640126,381.58282470703125,477.26617431640625,0.0004418583994265646,234.78759765625,457.4527282714844,0.000176350207766518
20,webcam-0__tcn__20260807-122153_raw_30fps,640,641,21.333333333333332,background,1,1,1,1,0,0,0,640,480,0.9455589056015015,0,4.64697265625,90.65093994140625,625.0982666015625,479.607666015625,353.9916687011719,298.3843994140625,0.9988517761230469,391.2926025390625,243.5577392578125,0.996427595615387,307.5462341308594,249.150146484375,0.9969933032989502,435.78082275390625,238.89569091796875,0.8008948564529419,255.9510040283203,253.08740234375,0.9348916411399841,482.3563232421875,362.5295104980469,0.9983041286468506,187.8258056640625,368.6618957519531,0.9965558052062988,602.36083984375,468.5699462890625,0.5088232159614563,27.08251953125,469.6053161621094,0.15330630540847778,499.7255859375,467.5579833984375,0.07231537252664566,103.11106872558594,455.20745849609375,0.007272451184689999,410.5249938964844,480.0,0.00035280955489724874,225.8080596923828,480.0,0.00017153816588688642,432.464599609375,466.4488830566406,0.0011856924975290895,215.05084228515625,467.8515625,0.0004695674288086593,381.2017517089844,477.0389404296875,0.00045523993321694434,236.4938201904297,457.8293151855469,0.00018296243797522038
20,webcam-0__tcn__20260807-122153_raw_30fps,641,642,21.366666666666667,background,1,1,1,1,0,0,0,640,480,0.9443584084510803,0,3.894744873046875,88.95892333984375,623.7827758789062,479.6080322265625,355.4826965332031,296.65753173828125,0.9988308548927307,391.9468994140625,242.28759765625,0.9959557056427002,309.2064514160156,248.53134155273438,0.9974737763404846,435.4713134765625,238.9427947998047,0.7952470779418945,257.93585205078125,254.64297485351562,0.9566324949264526,481.2158203125,361.7593994140625,0.9983265995979309,187.41883850097656,369.28271484375,0.9967637062072754,604.5152587890625,469.4627685546875,0.5410628318786621,26.36700439453125,468.7608947753906,0.13973179459571838,496.5287780761719,466.1549072265625,0.0875415951013565,101.96009826660156,456.1806945800781,0.00618102727457881,409.504150390625,480.0,0.0004191099724266678,224.27308654785156,480.0,0.00020228966604918242,435.6993103027344,464.76055908203125,0.0012796182418242097,214.8433837890625,467.733642578125,0.0005057691014371812,384.631103515625,476.7137451171875,0.0004485464305616915,236.60556030273438,458.2033386230469,0.00018726331472862512
20,webcam-0__tcn__20260807-122153_raw_30fps,642,643,21.4,background,1,1,1,1,0,0,0,640,480,0.9435803890228271,0,4.872283935546875,89.0054931640625,624.980712890625,479.6138916015625,356.182373046875,296.01568603515625,0.9988672733306885,393.0076904296875,242.06680297851562,0.9960022568702698,310.0198669433594,248.05252075195312,0.9975166320800781,436.300537109375,238.674560546875,0.7862530946731567,258.0499572753906,253.65753173828125,0.9594769477844238,481.93988037109375,362.4738464355469,0.9982661604881287,187.54635620117188,369.2596435546875,0.996461808681488,603.5623168945312,470.21759033203125,0.4714629352092743,26.907470703125,469.4150390625,0.12102054804563522,503.6701354980469,463.5614013671875,0.07351305335760117,105.40382385253906,455.0677490234375,0.006454349495470524,409.2977294921875,480.0,0.00042347420821897686,224.44564819335938,480.0,0.00020427771960385144,435.5062255859375,465.45025634765625,0.0012401881394907832,217.49502563476562,468.08380126953125,0.0004992227768525481,385.07830810546875,476.4071044921875,0.0004802594776265323,239.3094482421875,457.85089111328125,0.00019866380898747593
20,webcam-0__tcn__20260807-122153_raw_30fps,643,644,21.433333333333334,background,1,1,1,1,0,0,0,640,480,0.9429272413253784,0,5.385467529296875,85.84689331054688,625.488525390625,479.6191101074219,356.5302429199219,295.43511962890625,0.9988980293273926,393.5921325683594,241.4103240966797,0.9962498545646667,310.4697570800781,247.62509155273438,0.9973512887954712,436.9845886230469,237.840576171875,0.8043965101242065,258.779052734375,253.13198852539062,0.9548057317733765,482.49688720703125,363.36968994140625,0.9981764554977417,186.90725708007812,369.78143310546875,0.9961826205253601,602.8132934570312,470.8655700683594,0.40246573090553284,27.3941650390625,470.06182861328125,0.0968492180109024,502.81109619140625,462.468994140625,0.05987141653895378,107.21542358398438,454.36663818359375,0.006071395706385374,409.404541015625,480.0,0.00037196866469457746,223.58851623535156,480.0,0.0001768982328940183,435.7127990722656,466.3421936035156,0.0011605208273977041,218.2496337890625,468.5076904296875,0.0004718314448837191,384.9978942871094,476.92822265625,0.0004684582236222923,240.38241577148438,458.5022888183594,0.00019417556177359074
20,webcam-0__tcn__20260807-122153_raw_30fps,644,645,21.466666666666665,background,1,1,1,1,0,0,0,640,480,0.9444935321807861,0,4.419830322265625,85.28924560546875,623.8223266601562,479.6140441894531,356.68121337890625,294.1278991699219,0.9989259839057922,393.9410400390625,241.30203247070312,0.9962776303291321,310.968505859375,247.00340270996094,0.9974195957183838,437.6285705566406,237.86172485351562,0.8149609565734863,259.2420654296875,252.02020263671875,0.9570229053497314,482.1919250488281,363.44207763671875,0.9981367588043213,185.06063842773438,370.7277526855469,0.9962453246116638,601.8236694335938,471.64215087890625,0.40337273478507996,26.928192138671875,470.2264404296875,0.085883229970932,503.4547424316406,461.6946716308594,0.06315755099058151,108.73631286621094,454.7863464355469,0.005810603033751249,408.64569091796875,480.0,0.0003365434822626412,222.14590454101562,480.0,0.00016127924027387053,434.0538635253906,465.4286193847656,0.0010835325811058283,217.02679443359375,468.4474182128906,0.00044050460564903915,384.489501953125,476.78045654296875,0.00046188183478079736,239.87530517578125,458.65313720703125,0.0001940691436175257
20,webcam-0__tcn__20260807-122153_raw_30fps,645,646,21.5,background,1,1,1,1,0,0,0,640,480,0.9449018239974976,0,4.98760986328125,88.00747680664062,622.4888916015625,479.6275329589844,356.9048767089844,293.1730651855469,0.9989556074142456,394.2447509765625,240.78515625,0.9962479472160339,311.63067626953125,246.45733642578125,0.9974803328514099,437.1733093261719,238.16976928710938,0.8099797368049622,260.1134338378906,252.1067657470703,0.9595717787742615,481.6010437011719,362.6201171875,0.9982467889785767,185.3179473876953,369.779296875,0.9962473511695862,602.1636962890625,472.5389709472656,0.439622163772583,27.546478271484375,470.52392578125,0.09008132666349411,502.3789367675781,461.7876281738281,0.07339264452457428,110.20329284667969,455.2881164550781,0.006177487317472696,408.6635437011719,480.0,0.0003309379972051829,222.10894775390625,480.0,0.00015465656179003417,435.38458251953125,465.88653564453125,0.0011101944837719202,218.09010314941406,468.6110534667969,0.0004480874340515584,384.70489501953125,477.0758972167969,0.0004658107936847955,240.3636474609375,459.1502990722656,0.0001957513886736706
20,webcam-0__tcn__20260807-122153_raw_30fps,646,647,21.533333333333335,background,1,1,1,1,0,0,0,640,480,0.947526752948761,0,5.23370361328125,87.48416137695312,619.9635009765625,479.63299560546875,356.5872802734375,289.61834716796875,0.9988911747932434,393.0857238769531,237.34469604492188,0.995917022228241,311.30096435546875,242.61961364746094,0.9972192049026489,434.26507568359375,236.34844970703125,0.7689566612243652,258.96795654296875,249.7381591796875,0.9601820111274719,480.0528869628906,362.5950927734375,0.9980646967887878,185.07470703125,368.892822265625,0.9956842660903931,600.5836181640625,473.6488037109375,0.36814361810684204,26.269317626953125,469.2416076660156,0.08139865845441818,502.4111633300781,459.6775207519531,0.06818482279777527,109.26033020019531,453.83087158203125,0.006432965397834778,409.59405517578125,480.0,0.0002977596886921674,223.1210174560547,480.0,0.00014232161629479378,435.7137451171875,467.4555969238281,0.0010528863640502095,219.22413635253906,469.63018798828125,0.00042770992149598897,385.01141357421875,477.619384765625,0.00048048843746073544,242.25152587890625,460.1165466308594,0.00019866059301421046
20,webcam-0__tcn__20260807-122153_raw_30fps,647,648,21.566666666666666,background,1,1,1,1,0,0,0,640,480,0.9483492374420166,0,5.473114013671875,85.10861206054688,618.8692626953125,479.64599609375,356.49090576171875,286.214599609375,0.9988006353378296,392.67523193359375,235.43072509765625,0.995516836643219,311.5129089355469,239.89842224121094,0.9972654581069946,433.353759765625,235.09112548828125,0.76726895570755,258.4599914550781,246.98501586914062,0.9680196046829224,478.9700927734375,362.75860595703125,0.9978737831115723,182.2899169921875,371.0600891113281,0.9955241680145264,599.3468627929688,474.5880126953125,0.32795998454093933,27.90850830078125,469.5757141113281,0.06358297914266586,500.16009521484375,459.4626159667969,0.056182969361543655,106.54107666015625,453.2492980957031,0.005196452606469393,411.37255859375,480.0,0.0002683530910871923,223.92816162109375,480.0,0.00012829915795009583,437.6704406738281,467.569091796875,0.001001634169369936,221.385986328125,471.5559997558594,0.00039292327710427344,387.46502685546875,478.9537048339844,0.0004635026853065938,244.49734497070312,461.7669677734375,0.00019073586736340076
20,webcam-0__tcn__20260807-122153_raw_30fps,648,649,21.6,background,1,1,1,1,0,0,0,640,480,0.9541810154914856,0,5.590545654296875,84.870849609375,619.2581176757812,479.6428527832031,356.75799560546875,285.4136962890625,0.9988585710525513,393.1029052734375,234.83074951171875,0.9956039190292358,312.06103515625,239.41090393066406,0.9970970153808594,433.4519348144531,234.1381378173828,0.7590535879135132,258.9695129394531,246.10690307617188,0.9641664624214172,478.0359802246094,362.01226806640625,0.997952938079834,182.64332580566406,370.2538757324219,0.9953814744949341,599.4393310546875,474.1952209472656,0.35027754306793213,28.779571533203125,469.0771789550781,0.06585504114627838,496.21405029296875,459.2049255371094,0.060814253985881805,110.77304077148438,453.2398681640625,0.005724554881453514,410.5970458984375,480.0,0.00029657172854058444,223.90643310546875,480.0,0.00013939502241555601,435.93902587890625,466.4036865234375,0.0010776324197649956,221.14407348632812,470.83135986328125,0.0004241812275722623,385.9247741699219,478.4704284667969,0.00046936896978877485,243.90802001953125,461.5373840332031,0.00019306954345665872
20,webcam-0__tcn__20260807-122153_raw_30fps,649,650,21.633333333333333,background,1,1,1,1,0,0,0,640,480,0.8540690541267395,0,4.692779541015625,88.477783203125,619.63623046875,479.6043395996094,357.48004150390625,284.94268798828125,0.9987831711769104,393.5322570800781,234.21713256835938,0.995624840259552,312.4093322753906,238.5294952392578,0.9972158670425415,433.8207702636719,231.4802703857422,0.7543006539344788,258.5568542480469,243.10812377929688,0.9670534133911133,477.6697082519531,360.2356262207031,0.9979528188705444,180.79017639160156,368.75482177734375,0.9959037899971008,599.642822265625,472.8997497558594,0.40853580832481384,28.70391845703125,469.5172119140625,0.08221732825040817,494.24932861328125,460.2984619140625,0.07411831617355347,104.11199951171875,453.76751708984375,0.006050593219697475,409.16156005859375,480.0,0.00031639556982554495,223.04754638671875,480.0,0.00015336090291384608,433.67620849609375,465.8362731933594,0.0011110801715403795,218.61392211914062,471.3388671875,0.00044413303839974105,383.23651123046875,478.39764404296875,0.00045431984472088516,240.77252197265625,461.35595703125,0.00019355521362740546
20,webcam-0__tcn__20260807-122153_raw_30fps,650,651,21.666666666666668,background,1,1,1,1,0,0,0,640,480,0.8194329738616943,0,4.806488037109375,88.55477905273438,619.6605224609375,479.60174560546875,357.4933166503906,284.9258117675781,0.998794436454773,393.541259765625,234.1986083984375,0.9956769347190857,312.4234313964844,238.53465270996094,0.9972557425498962,433.7779846191406,231.42686462402344,0.7530317306518555,258.56689453125,243.102783203125,0.9668603539466858,477.0364990234375,360.0431823730469,0.9979661703109741,180.56053161621094,368.7060852050781,0.9959266185760498,599.6990356445312,472.8537292480469,0.4207938611507416,28.899383544921875,469.181640625,0.08287600427865982,493.2757873535156,460.4454040527344,0.07407891005277634,102.37483215332031,453.4735412597656,0.005842403043061495,408.91046142578125,480.0,0.0003155307495035231,222.87252807617188,480.0,0.00015238004561979324,433.2930908203125,465.55029296875,0.0011169911595061421,218.21633911132812,471.1545715332031,0.00044415314914658666,382.8277587890625,478.203857421875,0.00044754441478289664,240.08213806152344,461.0965881347656,0.00019202106341253966
20,webcam-0__tcn__20260807-122153_raw_30fps,651,652,21.7,background,1,1,2,2,0,0,0,640,480,0.6110435128211975,0,3.25726318359375,84.2532958984375,621.8692626953125,478.8941345214844,357.5182189941406,280.9647216796875,0.998358428478241,394.4437255859375,232.366943359375,0.9942104816436768,312.6864013671875,236.22181701660156,0.9966715574264526,435.4166564941406,231.77151489257812,0.7267493605613708,257.5327453613281,242.0877685546875,0.9632140398025513,478.74530029296875,359.7547302246094,0.9975366592407227,177.6280975341797,370.2003173828125,0.9946848750114441,594.93994140625,471.7467041015625,0.3643220365047455,29.953216552734375,470.8863525390625,0.08183208853006363,490.22198486328125,460.89056396484375,0.06998392194509506,112.35308837890625,449.3243713378906,0.008837270550429821,410.87847900390625,480.0,0.0004775692359544337,222.78201293945312,480.0,0.0002391267044004053,427.8919677734375,462.931884765625,0.0008293346618302166,219.504638671875,468.150146484375,0.0003788220346905291,382.1649475097656,469.3865966796875,0.000470233935629949,239.4171600341797,454.82958984375,0.00022998248459771276
20,webcam-0__tcn__20260807-122153_raw_30fps,651,652,21.7,background,1,1,2,2,1,1,1,640,480,0.44167664647102356,0,4.970123291015625,85.43472290039062,620.644287109375,479.6002197265625,357.802734375,281.6688232421875,0.9988778233528137,393.9590759277344,232.6060333251953,0.9958516359329224,312.7452392578125,236.3677978515625,0.9972832202911377,434.176513671875,231.22601318359375,0.7372252941131592,257.58587646484375,241.7321319580078,0.9671953320503235,476.19281005859375,360.0868225097656,0.9979288578033447,180.6403350830078,369.05560302734375,0.9958892464637756,598.6749267578125,472.6447448730469,0.384336918592453,27.409759521484375,469.93731689453125,0.0794663056731224,491.59454345703125,460.54217529296875,0.06541885435581207,107.62861633300781,452.59326171875,0.006206804886460304,409.7494201660156,480.0,0.0002951714850496501,224.5218505859375,480.0,0.00014213527902029455,431.7361755371094,465.39532470703125,0.0011135446839034557,217.73944091796875,471.37896728515625,0.0004320172592997551,382.4127502441406,478.57232666015625,0.000474022381240502,240.70443725585938,461.5994567871094,0.00019316031830385327
20,webcam-0__tcn__20260807-122153_raw_30fps,652,653,21.733333333333334,background,1,1,1,1,0,0,0,640,480,0.7031656503677368,0,5.22613525390625,85.48031616210938,621.1084594726562,479.58306884765625,357.7775573730469,281.6370544433594,0.9988799691200256,393.9722595214844,232.62887573242188,0.9958586096763611,312.7342834472656,236.32449340820312,0.997281551361084,434.1811828613281,231.25721740722656,0.7403456568717957,257.5694580078125,241.61358642578125,0.9676878452301025,476.80523681640625,360.5061340332031,0.9978896975517273,179.75474548339844,369.5740051269531,0.995772659778595,597.8970336914062,473.1064147949219,0.36112141609191895,26.939056396484375,470.84619140625,0.07253419607877731,494.35076904296875,459.7750549316406,0.057470712810754776,105.2547607421875,452.29864501953125,0.005900403019040823,410.21136474609375,480.0,0.000286622263956815,224.20603942871094,480.0,0.00013710274652112275,432.587890625,465.96307373046875,0.0010889631230384111,217.62564086914062,471.79620361328125,0.00042272117570973933,382.71319580078125,478.5882873535156,0.0004648943431675434,240.8723907470703,461.6304016113281,0.00019120144133921713
20,webcam-0__tcn__20260807-122153_raw_30fps,653,654,21.766666666666666,background,1,1,1,1,0,0,0,640,480,0.9031169414520264,0,5.26434326171875,85.21044921875,620.5765380859375,479.6021728515625,357.8626708984375,280.9474182128906,0.9989134073257446,393.9310302734375,232.08009338378906,0.9959619641304016,312.6321105957031,235.8657684326172,0.9973430037498474,434.2120361328125,230.86334228515625,0.7499647736549377,257.2415466308594,241.5260009765625,0.9695152044296265,477.6986083984375,360.49139404296875,0.9978240728378296,179.05068969726562,370.1852111816406,0.9956705570220947,598.5968017578125,473.58001708984375,0.30987975001335144,26.6495361328125,470.75982666015625,0.06156013160943985,494.9915466308594,459.9272766113281,0.05467228963971138,108.25721740722656,452.62969970703125,0.0056033930741250515,410.6939392089844,480.0,0.0002813476021401584,224.185302734375,480.0,0.00013539381325244904,431.101318359375,466.0147705078125,0.0010543284006416798,217.70455932617188,471.8256530761719,0.00040310670738108456,382.28875732421875,478.6504211425781,0.0004804076161235571,241.58384704589844,462.05584716796875,0.0001923013769555837
20,webcam-0__tcn__20260807-122153_raw_30fps,654,655,21.8,background,1,1,1,1,0,0,0,640,480,0.8902279138565063,0,5.045989990234375,85.22735595703125,618.1173706054688,479.60443115234375,358.4934997558594,280.3255920410156,0.998870313167572,394.25323486328125,231.88369750976562,0.9956426620483398,313.16387939453125,235.65097045898438,0.9974760413169861,433.9915771484375,232.0062255859375,0.7377588152885437,257.59320068359375,242.72555541992188,0.9748824238777161,476.83599853515625,360.0150451660156,0.9979231953620911,179.37893676757812,369.49017333984375,0.995782732963562,598.8656616210938,473.4880065917969,0.3697444200515747,25.9970703125,469.70501708984375,0.07077009230852127,492.0538635253906,458.10400390625,0.06714748591184616,108.15818786621094,453.356689453125,0.006127806380391121,410.50421142578125,480.0,0.00028776677208952606,224.2290802001953,480.0,0.00013652221241500229,432.6343994140625,465.7371826171875,0.0010657984530553222,217.9886932373047,471.9461669921875,0.000400597375119105,383.1355285644531,479.2830505371094,0.00048501085257157683,242.02386474609375,462.7265930175781,0.00019221047114115208
20,webcam-0__tcn__20260807-122153_raw_30fps,655,656,21.833333333333332,background,1,1,1,1,0,0,0,640,480,0.8374599814414978,0,5.24359130859375,84.90463256835938,619.2809448242188,479.61126708984375,358.7024841308594,280.229248046875,0.9988960027694702,394.25103759765625,231.83580017089844,0.9957569241523743,313.4103698730469,235.3245849609375,0.9976187348365784,434.08074951171875,231.43653869628906,0.7337319850921631,257.6185302734375,241.70230102539062,0.9761077165603638,477.0401611328125,359.71331787109375,0.9979082345962524,179.1945343017578,370.1879577636719,0.9957510232925415,599.5413818359375,472.9979248046875,0.3630638122558594,25.760589599609375,470.37445068359375,0.06443391740322113,492.70556640625,458.2871398925781,0.06608917564153671,107.26217651367188,452.730224609375,0.0056452080607414246,410.5615234375,480.0,0.0002987105108331889,224.20449829101562,480.0,0.0001404576178174466,432.42633056640625,465.03875732421875,0.0011108566541224718,217.5118408203125,471.97454833984375,0.0004137055657338351,383.009765625,478.63983154296875,0.0004819347523152828,241.48623657226562,462.0173645019531,0.00019298946426715702
20,webcam-0__tcn__20260807-122153_raw_30fps,656,657,21.866666666666667,background,1,1,1,1,0,0,0,640,480,0.8236456513404846,0,5.293182373046875,84.99127197265625,621.32666015625,479.5943298339844,359.0370178222656,280.27362060546875,0.9988433122634888,394.3750305175781,231.79083251953125,0.9955957531929016,314.0101318359375,235.22515869140625,0.9975157976150513,433.9820556640625,231.36660766601562,0.7232786417007446,258.6487731933594,241.39962768554688,0.9750874638557434,477.0137634277344,360.0995178222656,0.9978495836257935,180.53163146972656,369.24066162109375,0.9957506656646729,598.906494140625,472.03790283203125,0.3351685404777527,26.319671630859375,469.74835205078125,0.06877869367599487,494.699951171875,462.8955383300781,0.05113177001476288,107.74111938476562,452.3086242675781,0.006026860326528549,411.15216064453125,480.0,0.0002871548058465123,225.95980834960938,480.0,0.0001374989078612998,432.3025817871094,466.22113037109375,0.0010267191100865602,219.48709106445312,471.8285217285156,0.00039353620377369225,382.29071044921875,478.54718017578125,0.0004935276228934526,243.1549072265625,461.84588623046875,0.0001967401331057772
20,webcam-0__tcn__20260807-122153_raw_30fps,657,658,21.9,background,1,1,1,1,0,0,0,640,480,0.7092058062553406,0,5.5469970703125,85.55264282226562,621.7525634765625,479.58819580078125,359.1816101074219,280.3257751464844,0.9989031553268433,394.7831115722656,231.50357055664062,0.995790421962738,314.1065979003906,235.10545349121094,0.9975684285163879,433.97320556640625,230.705322265625,0.7173155546188354,258.4184875488281,241.00030517578125,0.9755101799964905,476.8526611328125,360.03955078125,0.9979606866836548,179.5560760498047,369.7197570800781,0.9955047965049744,599.0238647460938,473.19146728515625,0.34156110882759094,26.476287841796875,468.8048400878906,0.06804710626602173,502.31280517578125,461.4315185546875,0.04562939330935478,108.81852722167969,452.1664123535156,0.005925808567553759,411.4820556640625,480.0,0.00028728347388096154,225.32635498046875,480.0,0.0001363387709716335,436.24554443359375,466.4083251953125,0.0010247924365103245,220.69586181640625,471.9013366699219,0.0004023833607789129,386.1827392578125,478.6524353027344,0.00048552753287367523,244.29644775390625,461.8507080078125,0.00020057304936926812
20,webcam-0__tcn__20260807-122153_raw_30fps,658,659,21.933333333333334,background,1,1,1,1,0,0,0,640,480,0.7928199172019958,0,5.270233154296875,85.09951782226562,619.751953125,479.61065673828125,358.72711181640625,280.02520751953125,0.9989031553268433,394.430419921875,231.1999969482422,0.9956936836242676,313.60736083984375,234.90115356445312,0.9974552989006042,433.8302917480469,230.7699432373047,0.7119101881980896,257.9788818359375,241.27023315429688,0.9730815291404724,476.2117919921875,359.74163818359375,0.9980289340019226,181.8182830810547,368.5386657714844,0.9958145022392273,599.9654541015625,473.52166748046875,0.38569822907447815,25.7823486328125,469.113525390625,0.08103470504283905,493.9755554199219,458.7585144042969,0.07108394801616669,114.60487365722656,452.28265380859375,0.00680850213393569,410.7528076171875,480.0,0.0002806569100357592,225.64495849609375,480.0,0.00013430560647975653,433.6246643066406,465.9512634277344,0.0010895234299823642,218.2578125,471.3452453613281,0.0004177141818217933,384.26068115234375,478.681396484375,0.0005003983387723565,242.621337890625,461.77642822265625,0.00019658579549286515
20,webcam-0__tcn__20260807-122153_raw_30fps,659,660,21.966666666666665,background,1,1,2,2,0,0,0,640,480,0.784138023853302,0,3.404815673828125,83.76202392578125,620.1359252929688,478.8961181640625,358.0275573730469,278.9349365234375,0.9984912872314453,394.553466796875,230.5799560546875,0.9943599104881287,313.1954345703125,234.32290649414062,0.9968708157539368,435.3178405761719,230.2760772705078,0.7157502174377441,257.75714111328125,240.47268676757812,0.966312050819397,479.2784423828125,360.0216979980469,0.9975396394729614,177.07676696777344,370.1888732910156,0.9948234558105469,595.8650512695312,472.75250244140625,0.33791130781173706,27.537689208984375,470.294921875,0.08286270499229431,489.6155090332031,459.0254821777344,0.07290460169315338,119.67837524414062,449.3299560546875,0.00994900707155466,411.0292663574219,480.0,0.0004397391458041966,222.0764617919922,480.0,0.00022334096138365567,427.6048889160156,463.8572998046875,0.0007994648185558617,217.6717071533203,468.5030517578125,0.0003546372754499316,382.4704284667969,469.6354064941406,0.0004862665373366326,239.597900390625,455.1390075683594,0.0002223962073912844
20,webcam-0__tcn__20260807-122153_raw_30fps,659,660,21.966666666666665,background,1,1,2,2,1,1,1,640,480,0.30899807810783386,0,5.387054443359375,84.67208862304688,619.13623046875,479.5920104980469,358.297119140625,279.618408203125,0.9989588260650635,394.03759765625,230.80776977539062,0.9958879351615906,313.26104736328125,234.46710205078125,0.9974347949028015,434.06787109375,229.6042938232422,0.7243006229400635,257.8460693359375,240.00218200683594,0.9701144695281982,476.7187805175781,360.35235595703125,0.997957706451416,180.0574951171875,369.05133056640625,0.9958797693252563,599.708740234375,473.5402526855469,0.36196333169937134,25.0135498046875,469.2171630859375,0.07870936393737793,490.98382568359375,458.5693054199219,0.06803898513317108,114.79559326171875,452.3263854980469,0.007025460712611675,409.653076171875,480.0,0.0002661475446075201,223.56179809570312,480.0,0.00012745654385071248,431.3739318847656,466.2458190917969,0.0010611877078190446,215.92904663085938,471.7386474609375,0.0003943729097954929,382.49114990234375,478.78619384765625,0.0004938866477459669,241.00439453125,462.00048828125,0.0001856311719166115
20,webcam-0__tcn__20260807-122153_raw_30fps,660,661,22.0,background,1,1,1,1,0,0,0,640,480,0.8252522349357605,0,5.10955810546875,84.35238647460938,619.8023681640625,479.5997314453125,358.4085693359375,279.37200927734375,0.9989523887634277,394.23870849609375,230.67601013183594,0.9959449172019958,313.30438232421875,234.18548583984375,0.9973938465118408,434.2003173828125,230.14466857910156,0.7320879101753235,257.8071594238281,240.2505340576172,0.9706969857215881,477.2744445800781,360.47283935546875,0.9979718327522278,178.9850616455078,369.5097961425781,0.9956992864608765,599.423583984375,474.48736572265625,0.35578638315200806,24.956390380859375,469.697998046875,0.07163014262914658,495.5789794921875,458.0965270996094,0.06299570202827454,113.13027954101562,452.3470764160156,0.006442807614803314,410.22637939453125,480.0,0.0002752786094788462,223.38583374023438,480.0,0.00012988496746402234,433.76141357421875,466.8123779296875,0.0010672787902876735,218.09295654296875,472.45794677734375,0.00039918191032484174,384.26873779296875,478.8711853027344,0.000487705779960379,242.99473571777344,462.3078918457031,0.00018761414685286582
20,webcam-0__tcn__20260807-122153_raw_30fps,661,662,22.033333333333335,background,1,1,1,1,0,0,0,640,480,0.9186760187149048,0,1.9307861328125,84.48727416992188,620.9189453125,478.9429626464844,358.2535095214844,278.39581298828125,0.9984418749809265,395.07098388671875,231.9371795654297,0.9947503209114075,313.2509460449219,234.88015747070312,0.9973708391189575,435.8239440917969,232.1100616455078,0.7393831014633179,256.4579772949219,240.72854614257812,0.975172221660614,480.4906005859375,359.8729248046875,0.9974192380905151,174.31141662597656,370.2938232421875,0.9949705004692078,595.6111450195312,474.06988525390625,0.3488694131374359,25.01776123046875,470.3807373046875,0.08405894786119461,492.39703369140625,461.71185302734375,0.06977234780788422,105.11241149902344,447.4895324707031,0.009330450557172298,410.46685791015625,480.0,0.0004215475346427411,220.47633361816406,480.0,0.00022391176025848836,424.96630859375,463.7744140625,0.0007314454996958375,213.48806762695312,469.161865234375,0.0003491953539196402,379.138671875,470.032470703125,0.00045740162022411823,234.64157104492188,455.14007568359375,0.00023485306883230805
20,webcam-0__tcn__20260807-122153_raw_30fps,662,663,22.066666666666666,background,1,1,1,1,0,0,0,640,480,0.9389230608940125,0,1.899169921875,83.50421142578125,624.022705078125,478.890869140625,358.3691711425781,278.3382568359375,0.9983689188957214,394.8292541503906,231.386962890625,0.9947730898857117,313.1379089355469,234.46319580078125,0.997300922870636,435.5055236816406,231.9652862548828,0.7387761473655701,256.4830627441406,241.01048278808594,0.9746221303939819,480.6289978027344,359.7936706542969,0.9973710775375366,175.935791015625,369.8468933105469,0.9949443936347961,596.3944091796875,474.91790771484375,0.307424932718277,24.109832763671875,469.7584228515625,0.08234014362096786,494.6060485839844,458.9300231933594,0.06116435304284096,106.2423095703125,447.4713134765625,0.009025122970342636,411.06048583984375,480.0,0.0004303818859625608,221.41998291015625,480.0,0.00023456393682863563,423.69842529296875,463.92291259765625,0.0007572788745164871,213.167236328125,469.1026916503906,0.0003601986973080784,378.22869873046875,470.0046691894531,0.0004731387016363442,234.51315307617188,454.8133239746094,0.00023726288054604083
20,webcam-0__tcn__20260807-122153_raw_30fps,663,664,22.1,background,1,1,1,1,0,0,0,640,480,0.895562469959259,0,1.414154052734375,83.73745727539062,622.6488037109375,478.875732421875,358.092529296875,278.05291748046875,0.9983009696006775,394.6380615234375,230.88450622558594,0.9944390058517456,313.3475646972656,233.82583618164062,0.9970699548721313,435.1952209472656,231.65272521972656,0.7428391575813293,257.567626953125,240.24537658691406,0.9733781814575195,480.1715087890625,359.47509765625,0.9974011182785034,177.19239807128906,369.20587158203125,0.9951634407043457,595.7682495117188,474.6092834472656,0.329793244600296,23.7896728515625,469.78656005859375,0.09082038700580597,492.8067321777344,460.4908142089844,0.06288380920886993,108.75672912597656,448.5133361816406,0.009465939365327358,410.980712890625,480.0,0.00047510533477179706,221.935302734375,480.0,0.00025780845317058265,425.3982849121094,463.5661315917969,0.0008226712816394866,214.04803466796875,469.27850341796875,0.00039182789623737335,379.6068420410156,470.3291320800781,0.0004950211150571704,235.2161865234375,455.3370056152344,0.0002464578428771347
20,webcam-0__tcn__20260807-122153_raw_30fps,664,665,22.133333333333333,background,1,1,1,1,0,0,0,640,480,0.9420332312583923,0,1.25482177734375,83.60528564453125,622.9176635742188,478.8649597167969,358.1274719238281,278.01239013671875,0.9982191920280457,394.719482421875,230.76620483398438,0.9943272471427917,313.36541748046875,233.6499786376953,0.9970430731773376,435.2458801269531,232.5325164794922,0.7507564425468445,257.7582092285156,240.98866271972656,0.9745000004768372,480.37518310546875,359.3711242675781,0.9973432421684265,178.2671356201172,368.3412780761719,0.9954558610916138,595.2984008789062,474.81134033203125,0.31272369623184204,24.610565185546875,469.0380554199219,0.09753213077783585,493.8453674316406,458.6333312988281,0.05782764032483101,108.17578125,448.65863037109375,0.008858433924615383,412.6062927246094,480.0,0.00045118952402845025,223.56295776367188,480.0,0.0002516844542697072,426.2411804199219,463.91522216796875,0.0008301364723592997,213.92205810546875,468.89508056640625,0.00038831241545267403,380.7947998046875,470.88983154296875,0.0004957511555403471,235.5260009765625,455.456787109375,0.00023870709992479533
20,webcam-0__tcn__20260807-122153_raw_30fps,665,666,22.166666666666668,background,1,1,1,1,0,0,0,640,480,0.9371082782745361,0,1.07244873046875,83.85726928710938,623.9605712890625,478.89068603515625,357.9390563964844,278.1843566894531,0.9982407093048096,394.1766662597656,231.26451110839844,0.9944004416465759,313.434814453125,233.99298095703125,0.997096061706543,434.8052062988281,232.53530883789062,0.7481980323791504,258.1947326660156,240.75582885742188,0.973564088344574,480.584716796875,359.4435729980469,0.997239351272583,179.06228637695312,368.9261474609375,0.9953041076660156,594.6028442382812,474.1155090332031,0.27645909786224365,25.55560302734375,469.1311340332031,0.08401049673557281,492.2042236328125,458.2910461425781,0.05151043087244034,107.77827453613281,447.4854736328125,0.008122814819216728,411.641845703125,480.0,0.0004480586212594062,222.93789672851562,480.0,0.00024836999364197254,424.57177734375,463.37200927734375,0.000829421216621995,213.68710327148438,468.5758056640625,0.0003866949409712106,379.6929931640625,470.62384033203125,0.0005045189172960818,235.1546630859375,455.26861572265625,0.00024276367912534624
20,webcam-0__tcn__20260807-122153_raw_30fps,666,667,22.2,background,1,1,1,1,0,0,0,640,480,0.9209805727005005,0,1.19891357421875,83.76629638671875,623.934814453125,478.8735046386719,357.99652099609375,278.2447509765625,0.9982672929763794,394.04071044921875,231.1410675048828,0.994243323802948,313.43450927734375,233.9205322265625,0.9970805048942566,434.52349853515625,232.6369171142578,0.7353053092956543,258.0769348144531,241.0054473876953,0.9741594791412354,480.14129638671875,359.61053466796875,0.9973384737968445,178.25343322753906,369.360107421875,0.995076596736908,593.9095458984375,473.42779541015625,0.29425501823425293,25.170379638671875,469.8155822753906,0.08093931525945663,493.51873779296875,457.8955383300781,0.054507430642843246,109.53842163085938,446.3987121582031,0.008366274647414684,411.2318115234375,480.0,0.00044826132943853736,222.4906005859375,480.0,0.00023921382671687752,426.0823974609375,463.6121826171875,0.0008377773920074105,215.08737182617188,468.7381896972656,0.00038592322380281985,381.5182189941406,470.4462585449219,0.000495983986184001,236.98226928710938,455.2784729003906,0.000239462562603876
20,webcam-0__tcn__20260807-122153_raw_30fps,667,668,22.233333333333334,background,1,1,1,1,0,0,0,640,480,0.9248343110084534,0,1.36871337890625,83.80841064453125,624.478271484375,478.87017822265625,358.0404357910156,278.2525329589844,0.9982829093933105,394.0322265625,231.115966796875,0.9943196773529053,313.4574279785156,233.92942810058594,0.9970881342887878,434.51654052734375,232.61325073242188,0.7349709272384644,258.16522216796875,241.0726318359375,0.9735055565834045,480.11590576171875,359.3998718261719,0.997364342212677,178.2860107421875,369.2132568359375,0.9951051473617554,593.7459716796875,473.49078369140625,0.30003446340560913,25.52154541015625,469.13641357421875,0.08409719914197922,495.11639404296875,459.5900573730469,0.05085261911153793,108.0921630859375,446.7840881347656,0.00825507938861847,411.31201171875,480.0,0.0004476238682400435,222.5802001953125,480.0,0.00023991001944523305,425.9619445800781,463.635009765625,0.0008308078977279365,214.79872131347656,468.6582336425781,0.0003860689466819167,381.40155029296875,470.3398132324219,0.000495593820232898,236.54290771484375,455.2660827636719,0.00024115829728543758
20,webcam-0__tcn__20260807-122153_raw_30fps,668,669,22.266666666666666,background,1,1,1,1,0,0,0,640,480,0.9381208419799805,0,1.978302001953125,85.228515625,621.6688232421875,478.87872314453125,357.946533203125,278.5478515625,0.9983282685279846,394.1568298339844,231.332275390625,0.9944064617156982,313.47723388671875,234.35525512695312,0.9969785213470459,434.41387939453125,232.49917602539062,0.7396393418312073,258.2489013671875,241.27801513671875,0.972435712814331,479.3788757324219,358.992919921875,0.9974168539047241,178.89857482910156,369.06024169921875,0.994997501373291,592.6082763671875,473.0926513671875,0.29611310362815857,26.987274169921875,470.4775085449219,0.07914291322231293,492.25775146484375,457.68695068359375,0.059739600867033005,113.33489990234375,447.09332275390625,0.009144183248281479,411.3960266113281,480.0,0.00043858480057679117,223.09014892578125,480.0,0.00022984504175838083,426.82684326171875,463.399169921875,0.0008149710483849049,216.00210571289062,468.08026123046875,0.00037129726842977107,382.00811767578125,470.0993347167969,0.0004972796305082738,237.1769256591797,455.1091003417969,0.00023614257224835455
20,webcam-0__tcn__20260807-122153_raw_30fps,669,670,22.3,background,1,1,1,1,0,0,0,640,480,0.9385178685188293,0,2.189056396484375,85.20281982421875,621.390380859375,478.8608093261719,357.9608154296875,278.5448913574219,0.9983478784561157,394.1882019042969,231.3267059326172,0.9944357872009277,313.4952392578125,234.35977172851562,0.9970133304595947,434.4783935546875,232.53277587890625,0.7378573417663574,258.35260009765625,241.32394409179688,0.972190260887146,479.5753173828125,359.0202941894531,0.9974465370178223,178.8275146484375,369.0501708984375,0.9950114488601685,592.862548828125,473.1589050292969,0.30093860626220703,26.8853759765625,470.5180358886719,0.07744047790765762,491.7961120605469,457.4808654785156,0.06080896779894829,113.07479858398438,446.4629211425781,0.008632632903754711,411.530517578125,480.0,0.00042453338392078876,223.0810546875,480.0,0.00022029106912668794,426.5811767578125,463.43865966796875,0.0008038082160055637,216.0363311767578,468.0441589355469,0.0003620510397013277,381.71502685546875,470.0157775878906,0.0004904193920083344,237.17022705078125,455.0057678222656,0.00023081593099050224
20,webcam-0__tcn__20260807-122153_raw_30fps,670,671,22.333333333333332,background,1,1,1,1,0,0,0,640,480,0.918685793876648,0,2.77801513671875,84.84259033203125,620.8884887695312,478.85675048828125,357.9241638183594,278.5086669921875,0.9983322024345398,393.9524230957031,231.50265502929688,0.9943529367446899,313.5500793457031,234.33642578125,0.9970040917396545,434.3003234863281,232.32315063476562,0.735937237739563,258.21002197265625,240.7315673828125,0.9739157557487488,478.84771728515625,358.7748718261719,0.9976105690002441,177.27317810058594,369.2912902832031,0.9948645234107971,592.8819580078125,473.1325988769531,0.328707754611969,26.175262451171875,471.40704345703125,0.07220911234617233,494.1826171875,457.70391845703125,0.06633641570806503,117.55052185058594,447.75970458984375,0.008560657501220703,411.3421936035156,480.0,0.0004590056196320802,223.18113708496094,480.0,0.0002317626349395141,428.06280517578125,463.27606201171875,0.0007957499474287033,217.9517822265625,468.15185546875,0.000357224082108587,383.52191162109375,469.91119384765625,0.0004828255623579025,239.4990692138672,454.93231201171875,0.00023189812782220542
20,webcam-0__tcn__20260807-122153_raw_30fps,671,672,22.366666666666667,background,1,1,1,1,0,0,0,640,480,0.9419021606445312,0,2.44268798828125,84.28466796875,620.1988525390625,478.89105224609375,357.9372253417969,278.4128723144531,0.9983194470405579,393.8431091308594,231.47630310058594,0.9942997694015503,313.4417724609375,234.3539276123047,0.9970676302909851,433.9488525390625,232.25259399414062,0.7198207974433899,257.7129821777344,240.79141235351562,0.9743982553482056,478.6214599609375,358.98712158203125,0.9975783228874207,178.08737182617188,368.60162353515625,0.9949837923049927,592.6348876953125,473.792236328125,0.2947236895561218,26.178009033203125,471.025146484375,0.07510101795196533,493.63995361328125,458.1911315917969,0.05645808205008507,116.28297424316406,447.6656188964844,0.008620090782642365,410.74810791015625,480.0,0.00041783382766880095,223.02447509765625,480.0,0.00021806774020660669,425.7196350097656,463.74853515625,0.0007530876318924129,215.9368896484375,468.3450927734375,0.0003436162951402366,381.3790283203125,470.5208740234375,0.0004929725546389818,237.58155822753906,455.29998779296875,0.00023226148914545774
20,webcam-0__tcn__20260807-122153_raw_30fps,672,673,22.4,background,1,1,1,1,0,0,0,640,480,0.9295280575752258,0,2.322998046875,83.8482666015625,621.5911865234375,478.92633056640625,358.009033203125,278.34039306640625,0.9983223080635071,393.9827880859375,231.42901611328125,0.9943934679031372,313.4081115722656,234.33938598632812,0.9971705079078674,434.164306640625,231.8021240234375,0.7224737405776978,257.1759948730469,240.41726684570312,0.9759533405303955,478.96533203125,359.1466064453125,0.9974824786186218,177.6984405517578,369.0156555175781,0.9946168065071106,592.80615234375,473.755859375,0.26309919357299805,27.23291015625,471.58563232421875,0.06666502356529236,495.73211669921875,458.0044860839844,0.05181155726313591,119.25102233886719,447.439453125,0.008611691184341908,410.67486572265625,480.0,0.00044833056745119393,223.05728149414062,480.0,0.00023736061120871454,425.5133361816406,463.70489501953125,0.0007553368923254311,217.43502807617188,468.43231201171875,0.00035984982969239354,381.6436767578125,470.45947265625,0.0005023960839025676,239.03857421875,455.462646484375,0.00024763037799857557
20,webcam-0__tcn__20260807-122153_raw_30fps,673,674,22.433333333333334,background,1,1,2,2,0,0,0,640,480,0.6324965357780457,0,3.738525390625,86.13137817382812,618.281005859375,479.604736328125,357.9976806640625,279.0798645019531,0.9988227486610413,393.1623229980469,231.8894500732422,0.9958565831184387,313.45849609375,234.5828857421875,0.9977577328681946,432.6313781738281,231.501953125,0.743006706237793,257.8556823730469,240.06988525390625,0.9791740775108337,475.378173828125,358.6868896484375,0.9979020357131958,180.8083038330078,368.3955993652344,0.996039867401123,595.0887451171875,474.21978759765625,0.31836721301078796,25.5804443359375,470.35369873046875,0.07033174484968185,494.8273010253906,458.6166687011719,0.04387941211462021,108.04074096679688,451.9931640625,0.00551442289724946,408.2322998046875,480.0,0.0002862235705833882,223.41766357421875,480.0,0.0001434591831639409,430.089111328125,466.06756591796875,0.0009729142184369266,215.3302001953125,472.3635559082031,0.00039049048791639507,382.1589660644531,479.43389892578125,0.0005002695834264159,240.0728302001953,462.6424255371094,0.00021019589621573687
20,webcam-0__tcn__20260807-122153_raw_30fps,673,674,22.433333333333334,background,1,1,2,2,1,1,1,640,480,0.3379007577896118,0,2.1937255859375,85.27999877929688,619.2655639648438,478.9305725097656,357.74951171875,278.34716796875,0.9982584118843079,393.74072265625,231.59146118164062,0.9942418932914734,313.39703369140625,234.376708984375,0.9971157312393188,433.9601745605469,232.0642547607422,0.7374246716499329,257.7601013183594,240.43362426757812,0.9758154153823853,478.12921142578125,358.36419677734375,0.9974616765975952,177.94927978515625,369.4392395019531,0.9948827028274536,591.4893798828125,473.3313293457031,0.2994845509529114,28.43975830078125,471.1942138671875,0.0739552304148674,493.5975036621094,459.1206970214844,0.04928676784038544,112.94978332519531,448.6048583984375,0.00803228747099638,409.5115966796875,480.0,0.0004856240702793002,222.1983642578125,480.0,0.0002572184894233942,425.9681091308594,463.7086486816406,0.0007660292321816087,217.30516052246094,469.1161804199219,0.00036969658685848117,382.1304931640625,470.393798828125,0.0004935649922117591,238.72238159179688,455.94000244140625,0.00025520220515318215
20,webcam-0__tcn__20260807-122153_raw_30fps,674,675,22.466666666666665,background,1,1,1,1,0,0,0,640,480,0.90574049949646,0,3.581695556640625,85.1427001953125,615.9954223632812,479.5997009277344,356.8139953613281,278.2304992675781,0.9988887906074524,392.0068664550781,230.79916381835938,0.9958556294441223,312.5298156738281,233.52801513671875,0.9976325035095215,431.41607666015625,231.0174560546875,0.7429240345954895,257.73291015625,239.6392822265625,0.9762677550315857,473.88616943359375,358.5592956542969,0.9978544116020203,180.51112365722656,369.17974853515625,0.9960038065910339,593.8699340820312,473.5469055175781,0.3349230885505676,26.134979248046875,471.03106689453125,0.06737161427736282,490.0514831542969,458.13226318359375,0.0535830482840538,109.08087158203125,452.93109130859375,0.005476806778460741,407.4888916015625,480.0,0.00028659767122007906,222.39060974121094,480.0,0.00013948051491752267,428.67578125,466.3480224609375,0.001034395769238472,214.25857543945312,473.006103515625,0.00039325811667367816,381.443603515625,479.66552734375,0.0004908026312477887,238.81201171875,463.06268310546875,0.00019930111011490226
20,webcam-0__tcn__20260807-122153_raw_30fps,675,676,22.5,background,1,1,1,1,0,0,0,640,480,0.9106811285018921,0,3.79815673828125,87.33572387695312,617.2346801757812,479.60687255859375,356.49322509765625,278.0130310058594,0.9988498687744141,391.7691650390625,230.45663452148438,0.9960365891456604,312.1670837402344,232.93153381347656,0.9976893663406372,430.9372253417969,230.56373596191406,0.7636167407035828,256.99407958984375,238.69003295898438,0.9795428514480591,474.8536376953125,358.5903625488281,0.9978581070899963,178.97976684570312,369.8356628417969,0.9959267377853394,593.5576171875,474.21368408203125,0.30987656116485596,25.84893798828125,471.7283630371094,0.06536118686199188,496.3045654296875,458.0898132324219,0.039849959313869476,109.17936706542969,452.9024353027344,0.005242523271590471,409.18804931640625,480.0,0.0002832861209753901,223.57577514648438,480.0,0.00014321028720587492,430.8099060058594,467.0829162597656,0.000982763827778399,216.94119262695312,473.7654113769531,0.00040135130984708667,383.5277099609375,480.0,0.0004844159702770412,242.20013427734375,463.6522521972656,0.00021292470046319067
20,webcam-0__tcn__20260807-122153_raw_30fps,676,677,22.533333333333335,background,1,1,1,1,0,0,0,640,480,0.8323958516120911,0,4.112396240234375,85.90371704101562,616.1298217773438,479.6007080078125,356.01715087890625,277.6911315917969,0.9989182949066162,391.5933837890625,230.50489807128906,0.9959776997566223,312.1851501464844,233.2850341796875,0.9975353479385376,430.5439147949219,230.33505249023438,0.7618535161018372,257.64306640625,238.81912231445312,0.9766612648963928,473.24267578125,358.6130676269531,0.9980337023735046,179.0478973388672,369.85211181640625,0.9958719611167908,593.9369506835938,473.3652038574219,0.3715271055698395,25.938751220703125,472.3399353027344,0.06559531390666962,490.3648681640625,457.0330505371094,0.05819673091173172,112.68338012695312,451.6943054199219,0.005704706069082022,407.7200927734375,480.0,0.00028412730898708105,222.83285522460938,480.0,0.00013398441660683602,429.4423828125,466.80352783203125,0.0010268458863720298,216.02554321289062,473.27020263671875,0.00039750742143951356,382.0709228515625,479.4891357421875,0.00048579374561086297,241.56387329101562,463.2509460449219,0.00020521694386843592
20,webcam-0__tcn__20260807-122153_raw_30fps,677,678,22.566666666666666,background,1,1,1,1,0,0,0,640,480,0.9365034699440002,0,2.980621337890625,84.25445556640625,615.5587158203125,479.032958984375,354.885498046875,277.717041015625,0.9986228942871094,391.9378662109375,234.05267333984375,0.9957003593444824,311.131591796875,236.418701171875,0.9968451261520386,432.53265380859375,230.76171875,0.7744349241256714,254.45150756835938,237.96112060546875,0.9655857086181641,476.22760009765625,359.20745849609375,0.9978654980659485,174.39784240722656,372.11395263671875,0.9947412014007568,589.91845703125,473.36053466796875,0.31044429540634155,29.025970458984375,473.79144287109375,0.06555191427469254,493.69622802734375,454.6579284667969,0.06318644434213638,120.237548828125,447.6649169921875,0.009520609863102436,407.66937255859375,480.0,0.0004421773774083704,221.0009765625,480.0,0.00022735573293175548,425.96038818359375,464.4661865234375,0.0006885480834171176,217.45721435546875,469.8145446777344,0.0003417192492634058,383.23406982421875,470.2105407714844,0.0004931476432830095,240.25006103515625,455.45550537109375,0.00026353413704782724
20,webcam-0__tcn__20260807-122153_raw_30fps,678,679,22.6,background,1,1,1,1,0,0,0,640,480,0.9413312077522278,0,1.3114013671875,84.0499267578125,611.9968872070312,479.05780029296875,352.8155212402344,276.6830749511719,0.9985894560813904,388.23712158203125,231.86752319335938,0.9951685667037964,307.8211975097656,235.11029052734375,0.9972062706947327,429.8428955078125,229.8004150390625,0.7552071213722229,251.43353271484375,239.63595581054688,0.9694802165031433,476.0892028808594,359.0392761230469,0.9976184964179993,172.6380157470703,371.74554443359375,0.9948638081550598,588.0352172851562,475.29290771484375,0.2983968257904053,26.56048583984375,473.6148681640625,0.0727383941411972,489.77008056640625,453.343994140625,0.05717156454920769,113.52928161621094,447.27130126953125,0.008303252048790455,407.61761474609375,480.0,0.0003933595144189894,219.91461181640625,480.0,0.00020884205878246576,425.02386474609375,465.03857421875,0.0007294640527106822,213.94342041015625,471.1583251953125,0.0003213823074474931,382.34539794921875,471.28125,0.0004699957789853215,237.61978149414062,456.228515625,0.0002194364060414955
20,webcam-0__tcn__20260807-122153_raw_30fps,679,680,22.633333333333333,background,1,1,1,1,0,0,0,640,480,0.9403393864631653,0,1.783416748046875,84.54412841796875,612.968505859375,479.0558776855469,351.5083312988281,275.9736633300781,0.9986364245414734,386.8664855957031,231.4059295654297,0.9955222606658936,306.8045654296875,234.3297119140625,0.9971261620521545,428.283935546875,229.59130859375,0.77422034740448,250.56439208984375,238.78439331054688,0.9678729176521301,475.5989074707031,358.9805603027344,0.9977608919143677,173.17288208007812,371.4100646972656,0.9948412775993347,588.7425537109375,475.47607421875,0.2956593930721283,27.665130615234375,473.108154296875,0.07416156679391861,490.3524169921875,453.195068359375,0.06145823001861572,115.56413269042969,446.91461181640625,0.008734081871807575,408.2680969238281,480.0,0.0004011547425761819,221.64285278320312,480.0,0.00021504884352907538,425.12249755859375,464.62738037109375,0.0007620512624271214,215.5301513671875,470.60565185546875,0.0003344051365274936,383.0319519042969,471.5875244140625,0.0004851497942581773,239.41317749023438,456.59844970703125,0.00022347751655615866
20,webcam-0__tcn__20260807-122153_raw_30fps,680,681,22.666666666666668,background,1,1,1,1,0,0,0,640,480,0.9406262040138245,0,1.752044677734375,84.98495483398438,613.8506469726562,479.0445251464844,351.49066162109375,275.967529296875,0.9986410737037659,386.8460693359375,231.40545654296875,0.9956717491149902,306.7525939941406,234.32778930664062,0.9971503615379333,428.2909240722656,229.68527221679688,0.7774962186813354,250.49252319335938,238.87139892578125,0.9677450060844421,475.4952392578125,358.92999267578125,0.9977355003356934,173.16104125976562,371.36041259765625,0.9948411583900452,588.4429321289062,475.38250732421875,0.27547481656074524,27.38555908203125,472.8175048828125,0.07532128691673279,494.21417236328125,454.4588317871094,0.04742607846856117,114.17733764648438,447.19024658203125,0.008512192405760288,407.893798828125,480.0,0.00039508112240582705,221.428955078125,480.0,0.0002168630453525111,424.6595764160156,465.0187072753906,0.0007312176167033613,215.14645385742188,470.9085998535156,0.0003347527817822993,382.7961120605469,471.52789306640625,0.0004831093829125166,238.80166625976562,456.439453125,0.0002303836663486436
20,webcam-0__tcn__20260807-122153_raw_30fps,681,682,22.7,background,1,1,1,1,0,0,0,640,480,0.9405192732810974,0,1.491912841796875,83.88250732421875,613.049560546875,479.031005859375,350.1414794921875,275.54144287109375,0.9985926747322083,386.26019287109375,230.70616149902344,0.9954995512962341,305.5970764160156,234.00198364257812,0.9969266057014465,427.9446105957031,229.5557403564453,0.7938562631607056,250.20973205566406,239.1829071044922,0.9649239778518677,475.14959716796875,358.6959533691406,0.9977285265922546,174.33856201171875,370.50030517578125,0.9945594668388367,587.4292602539062,476.04229736328125,0.28078943490982056,26.98150634765625,472.4598388671875,0.07670006155967712,497.9974365234375,453.46990966796875,0.04850289225578308,113.58830261230469,447.3011474609375,0.009326893836259842,407.2755126953125,480.0,0.000400694552809,221.14366149902344,480.0,0.0002184910699725151,424.6759948730469,465.2301940917969,0.0007475223974324763,214.37936401367188,470.43231201171875,0.0003509479283820838,383.3038024902344,471.29962158203125,0.000492387858685106,237.74697875976562,456.3146667480469,0.00024110380036290735
20,webcam-0__tcn__20260807-122153_raw_30fps,682,683,22.733333333333334,background,1,1,1,1,0,0,0,640,480,0.9410277009010315,0,0.5296630859375,85.8302001953125,612.5009765625,479.0400390625,345.2271728515625,273.6878356933594,0.9985270500183105,381.6094665527344,229.72621154785156,0.9951981902122498,301.9755859375,232.7823486328125,0.9969086050987244,424.43658447265625,230.41928100585938,0.8456591963768005,249.1437530517578,239.27099609375,0.9663631319999695,472.9068908691406,357.33074951171875,0.9976629018783569,173.26113891601562,370.8052062988281,0.994556188583374,584.140869140625,473.891357421875,0.27719637751579285,28.473541259765625,471.371337890625,0.06695615500211716,495.28082275390625,459.4444580078125,0.03734651952981949,112.72109985351562,446.21923828125,0.008204495534300804,407.7720642089844,480.0,0.0004818913002964109,222.19622802734375,480.0,0.000261006091022864,424.3011474609375,464.44158935546875,0.0007958990172483027,215.70387268066406,470.15570068359375,0.00036169917439110577,384.84674072265625,471.17974853515625,0.0004984864499419928,239.41880798339844,456.83294677734375,0.00024877622490748763
20,webcam-0__tcn__20260807-122153_raw_30fps,683,684,22.766666666666666,background,1,1,2,2,0,0,0,640,480,0.8614268898963928,0,0.316375732421875,85.8953857421875,608.8026733398438,479.0306091308594,343.9530334472656,272.66986083984375,0.9985522627830505,380.2217712402344,229.45095825195312,0.9950153231620789,301.02734375,232.23385620117188,0.996812641620636,423.38995361328125,230.23919677734375,0.8396635055541992,248.43771362304688,238.51678466796875,0.9638481140136719,472.0567932128906,357.4806823730469,0.99781334400177,172.17347717285156,370.94366455078125,0.9946006536483765,582.8812866210938,474.2601623535156,0.3245244026184082,28.552886962890625,471.2643737792969,0.07270574569702148,494.59722900390625,459.60150146484375,0.04413397237658501,113.427734375,445.9685363769531,0.008744177408516407,407.58966064453125,480.0,0.0004451131680980325,222.30917358398438,480.0,0.00023561654961667955,425.63116455078125,464.5233459472656,0.0007975545013323426,215.68502807617188,470.251953125,0.000349051202647388,386.2346496582031,471.166015625,0.0004894172307103872,240.47030639648438,456.98419189453125,0.00023581385903526098
20,webcam-0__tcn__20260807-122153_raw_30fps,683,684,22.766666666666666,background,1,1,2,2,1,1,1,640,480,0.25362345576286316,0,3.581634521484375,86.68310546875,608.3170166015625,479.6499938964844,344.3249206542969,273.47589111328125,0.9989738464355469,379.67669677734375,229.90103149414062,0.99647057056427,301.2727355957031,232.5914306640625,0.9974602460861206,422.11199951171875,229.75704956054688,0.8534729480743408,248.85020446777344,238.19204711914062,0.9681995511054993,469.103759765625,357.60888671875,0.9982068538665771,175.2030792236328,369.6014099121094,0.9957181811332703,585.9016723632812,474.53741455078125,0.35367923974990845,26.16351318359375,469.759765625,0.06853407621383667,495.8647155761719,458.664794921875,0.03808381408452988,108.82243347167969,448.972900390625,0.006346693262457848,406.2386474609375,480.0,0.00026869229623116553,224.302734375,480.0,0.00013077179028186947,431.3551025390625,466.6838684082031,0.001004071906208992,214.96969604492188,472.9452209472656,0.00036900697159580886,387.5350646972656,480.0,0.0004959588986821473,243.37088012695312,463.57806396484375,0.0002005386195378378
20,webcam-0__tcn__20260807-122153_raw_30fps,684,685,22.8,background,1,1,1,1,0,0,0,640,480,0.9403607249259949,0,1.371917724609375,86.192138671875,609.3106079101562,479.012939453125,341.0411376953125,271.62750244140625,0.9985774755477905,377.3356018066406,228.58367919921875,0.994847297668457,298.5552062988281,231.55294799804688,0.9965936541557312,420.6485595703125,230.56903076171875,0.84100341796875,247.13043212890625,239.08534240722656,0.958279013633728,470.0310363769531,356.7602844238281,0.9979199767112732,173.7384033203125,369.3238220214844,0.9947537183761597,581.0123291015625,471.81915283203125,0.3347097933292389,29.559051513671875,470.24176025390625,0.08463339507579803,499.3556213378906,460.5373229980469,0.0406554713845253,114.06358337402344,446.4765319824219,0.00914096925407648,407.34124755859375,480.0,0.0005165609763935208,223.15048217773438,480.0,0.0002742848882917315,427.4033508300781,464.95391845703125,0.0008893047925084829,217.29739379882812,469.5523681640625,0.0003933411499019712,389.04205322265625,471.69317626953125,0.0005111599457450211,242.00619506835938,457.36962890625,0.00024555387790314853
20,webcam-0__tcn__20260807-122153_raw_30fps,685,686,22.833333333333332,background,1,1,1,1,0,0,0,640,480,0.9385658502578735,0,0.54803466796875,85.71014404296875,606.26171875,479.02734375,340.6632995605469,272.097900390625,0.9985100626945496,376.9699401855469,228.63381958007812,0.9944750666618347,298.2008361816406,231.8721466064453,0.9969412684440613,419.45599365234375,230.19444274902344,0.823094367980957,246.50091552734375,239.19683837890625,0.9646543264389038,468.5018615722656,356.7630310058594,0.9977630376815796,174.9755096435547,367.65020751953125,0.9954161643981934,581.7188720703125,472.4480895996094,0.33462467789649963,29.427764892578125,468.69903564453125,0.1077330932021141,487.39453125,460.92388916015625,0.04913487657904625,112.22625732421875,447.06524658203125,0.009571027010679245,406.00994873046875,480.0,0.0004788076621480286,222.44247436523438,480.0,0.0002764213422778994,422.837890625,464.67120361328125,0.00087875931058079,212.6578826904297,469.35028076171875,0.00039962472510524094,384.9297790527344,472.12982177734375,0.000508652999997139,237.459228515625,457.5240478515625,0.00024039039271883667
20,webcam-0__tcn__20260807-122153_raw_30fps,686,687,22.866666666666667,background,1,1,1,1,0,0,0,640,480,0.938271701335907,0,1.4813232421875,84.22698974609375,606.0015869140625,479.0181884765625,338.67327880859375,271.8845520019531,0.9986315369606018,375.60321044921875,228.07159423828125,0.994920551776886,296.3338317871094,231.23123168945312,0.9967507123947144,418.0846252441406,229.3056182861328,0.8231232762336731,244.693359375,237.93771362304688,0.9608901143074036,467.8883361816406,356.3908386230469,0.9981447458267212,173.0160675048828,368.72686767578125,0.9949164390563965,577.3072509765625,470.8958435058594,0.37142878770828247,28.79913330078125,469.6197814941406,0.10784812271595001,512.617919921875,463.944580078125,0.02924882248044014,116.00704956054688,446.68804931640625,0.008892174810171127,405.4490661621094,480.0,0.0004640117404051125,221.88864135742188,480.0,0.0002619566803332418,423.9407043457031,465.27288818359375,0.0007879609474912286,214.30999755859375,469.58380126953125,0.00040233659092336893,387.2252197265625,471.1015930175781,0.0004950963775627315,239.9208221435547,456.4429016113281,0.0002677484299056232
20,webcam-0__tcn__20260807-122153_raw_30fps,687,688,22.9,background,1,1,1,1,0,0,0,640,480,0.9393930435180664,0,0.514373779296875,83.85345458984375,605.3382568359375,479.0562744140625,338.4383239746094,271.531005859375,0.9986490607261658,375.5635681152344,227.58013916015625,0.9950169920921326,296.077392578125,230.97970581054688,0.9968783855438232,418.2792053222656,227.488525390625,0.8285346031188965,244.41566467285156,236.54623413085938,0.9619085192680359,466.8894348144531,355.6715393066406,0.9982672929763794,172.57675170898438,368.3833312988281,0.9948712587356567,577.410888671875,471.8366394042969,0.40573373436927795,29.006988525390625,467.9830017089844,0.11016776412725449,518.5037231445312,465.1827392578125,0.025395359843969345,112.21234130859375,446.11944580078125,0.008052962832152843,404.17608642578125,480.0,0.0004460337804630399,221.25961303710938,480.0,0.0002491332124918699,425.4276123046875,464.0780334472656,0.0007594071212224662,215.45150756835938,469.593994140625,0.0003901612071786076,388.9002990722656,470.865234375,0.00048206219798885286,241.09034729003906,456.2897033691406,0.0002642118779476732
20,webcam-0__tcn__20260807-122153_raw_30fps,688,689,22.933333333333334,background,1,1,1,1,0,0,0,640,480,0.9401865005493164,0,0.042510986328125,84.05270385742188,603.3945922851562,479.03985595703125,338.70623779296875,271.43353271484375,0.9987082481384277,375.4357604980469,226.52870178222656,0.9950242638587952,296.26470947265625,230.1119384765625,0.9971344470977783,417.27337646484375,226.92401123046875,0.8090158104896545,244.44204711914062,236.4820556640625,0.9673869609832764,466.5669860839844,355.586669921875,0.9982596039772034,169.58033752441406,369.5231628417969,0.9942575693130493,576.06982421875,470.7787780761719,0.4196029305458069,28.40740966796875,468.4603576660156,0.09394081681966782,518.2401733398438,465.82720947265625,0.02473280392587185,112.12667846679688,444.98736572265625,0.007432244252413511,405.6741638183594,480.0,0.00044126471038907766,221.21456909179688,480.0,0.00023411886650137603,428.4334411621094,464.3722839355469,0.000801899004727602,217.03475952148438,469.91131591796875,0.0004031611024402082,391.5861511230469,470.46240234375,0.00045138353016227484,243.33255004882812,456.3500061035156,0.00025442527839913964
20,webcam-0__tcn__20260807-122153_raw_30fps,689,690,22.966666666666665,background,1,1,1,1,0,0,0,640,480,0.9397387504577637,0,0.0,84.99560546875,600.990234375,478.97796630859375,339.7861328125,270.47119140625,0.9985289573669434,375.4594421386719,225.15115356445312,0.9943342208862305,297.62261962890625,228.50262451171875,0.9967507123947144,416.5996398925781,227.83493041992188,0.8065616488456726,246.69212341308594,237.14288330078125,0.9684366583824158,467.2850036621094,355.9305114746094,0.9980016350746155,170.8068084716797,368.95330810546875,0.9943220615386963,575.7958984375,471.8662109375,0.360470712184906,28.19940185546875,469.378173828125,0.08816893398761749,506.87738037109375,466.9726257324219,0.02444549836218357,113.98197937011719,446.6013488769531,0.007293091155588627,405.7139892578125,480.0,0.00045028855674900115,220.6092529296875,480.0,0.00024531965027563274,425.0048522949219,464.4240417480469,0.0008585344185121357,214.8932342529297,469.6120300292969,0.0004244147858116776,388.3010559082031,470.5047302246094,0.00046110694529488683,240.74868774414062,456.6922302246094,0.00025298070977441967
20,webcam-0__tcn__20260807-122153_raw_30fps,690,691,23.0,background,1,1,1,1,0,0,0,640,480,0.9399363994598389,0,0.108428955078125,84.83209228515625,601.9561157226562,478.9881286621094,340.1791687011719,269.5209045410156,0.9985643029212952,375.7895812988281,224.88584899902344,0.9946157336235046,298.0807189941406,228.14915466308594,0.9968969821929932,417.6214904785156,227.49978637695312,0.8239748477935791,247.11953735351562,236.62741088867188,0.9697589874267578,468.1222839355469,356.2017517089844,0.9979198575019836,170.2544403076172,369.63934326171875,0.9946229457855225,574.3883666992188,471.1094055175781,0.33316877484321594,28.516998291015625,469.62554931640625,0.08695726096630096,509.14923095703125,467.6958923339844,0.020777026191353798,113.24073791503906,447.1558532714844,0.007431111764162779,405.8514099121094,480.0,0.0004610906762536615,220.69207763671875,480.0,0.00025486518279649317,424.169921875,465.0191345214844,0.0008357474580407143,214.19976806640625,470.24261474609375,0.00041231553768739104,387.0924377441406,470.5124816894531,0.0004655318334698677,240.05032348632812,456.73187255859375,0.00025422402541153133
20,webcam-0__tcn__20260807-122153_raw_30fps,691,692,23.033333333333335,background,1,1,1,1,0,0,0,640,480,0.9396141171455383,0,0.22784423828125,83.9730224609375,602.4310302734375,478.9877014160156,340.8254699707031,269.50103759765625,0.9985413551330566,376.1566162109375,224.42494201660156,0.9943633079528809,298.466796875,227.80886840820312,0.9968729615211487,417.8189697265625,227.39382934570312,0.8098297119140625,247.33836364746094,236.92987060546875,0.9705911874771118,468.2386169433594,356.30108642578125,0.9978513717651367,170.16946411132812,370.6132507324219,0.9944252967834473,574.6226806640625,471.219482421875,0.3304104208946228,28.242767333984375,469.809326171875,0.08137744665145874,508.95037841796875,468.2170104980469,0.02052932232618332,114.03150939941406,446.1817626953125,0.007224608678370714,406.59466552734375,480.0,0.00049299729289487,221.30270385742188,480.0,0.0002711491833906621,424.1976318359375,464.87652587890625,0.0008794436580501497,214.6238250732422,470.37939453125,0.00043543335050344467,387.5564270019531,470.0875244140625,0.0004642066196538508,241.13449096679688,456.56817626953125,0.0002587849157862365
20,webcam-0__tcn__20260807-122153_raw_30fps,692,693,23.066666666666666,background,1,1,1,1,0,0,0,640,480,0.9393365383148193,0,0.78399658203125,85.14739990234375,602.2845458984375,478.9728698730469,343.1650085449219,269.50958251953125,0.9985539317131042,378.51788330078125,224.2781982421875,0.9941403269767761,300.44384765625,227.7855682373047,0.9966360330581665,419.61749267578125,227.39019775390625,0.7726613879203796,248.59027099609375,237.18759155273438,0.9662778973579407,467.9876708984375,356.00830078125,0.9979121088981628,172.9436492919922,369.31134033203125,0.9943746328353882,575.0119018554688,470.797119140625,0.3637341260910034,28.76995849609375,469.09136962890625,0.08835802227258682,502.634033203125,466.846435546875,0.024987652897834778,112.79490661621094,446.77874755859375,0.007421028334647417,406.18353271484375,480.0,0.0005095820524729788,222.02279663085938,480.0,0.0002664283674675971,425.3263854980469,464.6793212890625,0.0009298482327722013,215.39755249023438,470.17425537109375,0.0004432410642039031,387.72705078125,471.04681396484375,0.0004849470569752157,239.83470153808594,457.457763671875,0.0002576450351625681
20,webcam-0__tcn__20260807-122153_raw_30fps,693,694,23.1,background,1,1,1,1,0,0,0,640,480,0.9384478330612183,0,0.762908935546875,83.97540283203125,603.1030883789062,479.01519775390625,344.3017578125,269.6274108886719,0.9985295534133911,379.41900634765625,224.88052368164062,0.9944846034049988,301.23480224609375,228.1458282470703,0.9966477751731873,420.58734130859375,227.0011749267578,0.7727587223052979,248.2865447998047,236.4517059326172,0.9660594463348389,468.35009765625,356.3363952636719,0.997916042804718,174.22149658203125,368.7412109375,0.9944524168968201,575.2835693359375,471.20965576171875,0.3414490520954132,29.680145263671875,468.94036865234375,0.09096226096153259,503.2701416015625,466.79339599609375,0.025792013853788376,113.72810363769531,446.974365234375,0.008208104409277439,406.79095458984375,480.0,0.0005140257999300957,223.53794860839844,480.0,0.00027667946415022016,425.8802185058594,464.751953125,0.0008963579311966896,216.15159606933594,470.10345458984375,0.00043836075928993523,387.8943786621094,471.5711975097656,0.0004976772470399737,240.2094268798828,457.46417236328125,0.0002645595232024789
20,webcam-0__tcn__20260807-122153_raw_30fps,694,695,23.133333333333333,background,1,1,1,1,0,0,0,640,480,0.9392179250717163,0,0.0,84.4622802734375,602.222900390625,478.98004150390625,344.69366455078125,269.6092529296875,0.9984362721443176,379.9071350097656,224.79312133789062,0.9941598176956177,301.78662109375,228.1083221435547,0.9967069029808044,420.94073486328125,227.3365478515625,0.7739623785018921,249.23196411132812,236.7784881591797,0.9685291051864624,468.1498718261719,355.62518310546875,0.9979045391082764,175.21807861328125,367.3245849609375,0.9948709011077881,575.3455200195312,470.6388244628906,0.36606383323669434,28.995849609375,468.3797607421875,0.10230688750743866,499.8184814453125,465.9512939453125,0.028174182400107384,109.041259765625,448.1905822753906,0.008462082594633102,407.07373046875,480.0,0.0005006819847039878,223.60067749023438,480.0,0.00027026544557884336,426.8307800292969,464.75445556640625,0.0008915640646591783,215.18246459960938,469.8414306640625,0.00043065150384791195,387.6412353515625,471.8643798828125,0.0004890665877610445,238.76214599609375,457.4722900390625,0.0002577846171334386
20,webcam-0__tcn__20260807-122153_raw_30fps,695,696,23.166666666666668,background,1,1,1,1,0,0,0,640,480,0.9389051795005798,0,0.0,84.2935791015625,602.5884399414062,479.02166748046875,345.8193054199219,270.62091064453125,0.9985063672065735,381.4938049316406,226.34275817871094,0.9943906664848328,303.1155700683594,228.900634765625,0.9967570900917053,422.8522644042969,228.86656188964844,0.7876020669937134,250.12850952148438,236.68466186523438,0.9702898859977722,468.95648193359375,356.6148681640625,0.9976396560668945,171.15577697753906,370.7039489746094,0.9941136240959167,576.0733642578125,472.0355529785156,0.33227643370628357,29.727813720703125,470.0293884277344,0.06949951499700546,495.18414306640625,464.764404296875,0.029205527156591415,110.98867797851562,447.423828125,0.007184918504208326,406.8415832519531,480.0,0.0005244091153144836,221.63784790039062,480.0,0.0002685020153876394,425.4674072265625,463.797119140625,0.0009264814434573054,216.6019287109375,470.20184326171875,0.00042207527440041304,386.7803955078125,471.08929443359375,0.0004829576937481761,240.63812255859375,457.65399169921875,0.00025442041805945337
20,webcam-0__tcn__20260807-122153_raw_30fps,696,697,23.2,background,1,1,1,1,0,0,0,640,480,0.9393675923347473,0,0.0,84.8031005859375,601.78564453125,479.03607177734375,346.36151123046875,271.5514221191406,0.9985570311546326,381.8427734375,227.1888885498047,0.9944939017295837,303.73248291015625,229.56256103515625,0.996841549873352,422.60443115234375,229.0469970703125,0.7711437344551086,250.35440063476562,236.57131958007812,0.9708121418952942,468.8443603515625,356.20440673828125,0.9976463913917542,171.21998596191406,370.90533447265625,0.9940127730369568,575.6922607421875,471.513427734375,0.3412185311317444,30.1943359375,470.312744140625,0.06747851520776749,490.588134765625,461.1468811035156,0.03712816536426544,113.32913208007812,447.5195007324219,0.0074949972331523895,406.5666809082031,480.0,0.0004989266744814813,221.53756713867188,480.0,0.00025030176038853824,425.5509033203125,463.2803955078125,0.0009328812593594193,217.41746520996094,470.1817932128906,0.0004092942690476775,386.324462890625,471.0353698730469,0.0004888463299721479,241.75180053710938,457.74761962890625,0.0002487399324309081
20,webcam-0__tcn__20260807-122153_raw_30fps,697,698,23.233333333333334,background,1,1,1,1,0,0,0,640,480,0.938903272151947,0,0.668975830078125,84.34188842773438,602.602294921875,478.97625732421875,346.3922424316406,271.5484619140625,0.9984943866729736,381.95330810546875,227.17245483398438,0.9945585131645203,303.892822265625,229.50498962402344,0.9966893196105957,422.4303894042969,229.58792114257812,0.7827898859977722,250.7999267578125,236.87818908691406,0.970855712890625,469.1460266113281,356.25018310546875,0.9977479577064514,172.26327514648438,368.73297119140625,0.99445641040802,576.00146484375,472.5831298828125,0.3279865086078644,29.547149658203125,470.18389892578125,0.08129783719778061,496.9267883300781,458.90185546875,0.03603452444076538,117.41348266601562,448.28192138671875,0.008538313210010529,405.56011962890625,480.0,0.0005155631806701422,220.45994567871094,480.0,0.00027393546770326793,425.11309814453125,464.13653564453125,0.000925568223465234,216.01046752929688,469.88092041015625,0.0004366897337604314,385.84857177734375,471.3314514160156,0.0004946499248035252,240.75225830078125,457.6759033203125,0.0002575542021077126
20,webcam-0__tcn__20260807-122153_raw_30fps,698,699,23.266666666666666,background,1,1,1,1,0,0,0,640,480,0.9400149583816528,0,0.0,86.56985473632812,600.4494018554688,479.0379943847656,347.1626281738281,272.8652038574219,0.9984362721443176,382.6723327636719,228.28305053710938,0.9948245286941528,304.8567199707031,230.44332885742188,0.996788501739502,422.74676513671875,230.14886474609375,0.8041346669197083,251.96981811523438,237.02943420410156,0.9731181263923645,469.30560302734375,356.3886413574219,0.9975972771644592,170.8099365234375,368.5754089355469,0.9948102235794067,575.9241943359375,471.46630859375,0.33380764722824097,28.6510009765625,470.1962585449219,0.08488503843545914,490.806396484375,458.4505615234375,0.043658506125211716,114.69882202148438,448.9087219238281,0.009126848541200161,404.97705078125,480.0,0.000502029899507761,219.15957641601562,480.0,0.0002725383674260229,423.3857116699219,464.8168029785156,0.0008682745974510908,214.09646606445312,470.4839172363281,0.0004122966784052551,383.16070556640625,471.3526306152344,0.0004742779419757426,239.18994140625,457.8742370605469,0.0002510101185180247
20,webcam-0__tcn__20260807-122153_raw_30fps,699,700,23.3,background,1,1,1,1,0,0,0,640,480,0.9408013224601746,0,0.15203857421875,86.08184814453125,601.9219970703125,479.0239562988281,347.22784423828125,272.84649658203125,0.9984277486801147,382.72027587890625,228.27081298828125,0.9949016571044922,304.867431640625,230.45892333984375,0.996661901473999,422.8436584472656,230.256103515625,0.8104118704795837,251.90859985351562,237.19033813476562,0.9727611541748047,469.340576171875,356.8520202636719,0.9975869655609131,169.7489776611328,369.4559020996094,0.9945387244224548,575.0155639648438,471.71331787109375,0.3069702684879303,28.925994873046875,470.9391174316406,0.07708541303873062,496.11663818359375,460.8584289550781,0.03119274228811264,114.08262634277344,448.666015625,0.008438915945589542,404.8941955566406,480.0,0.0005200008163228631,218.6588134765625,480.0,0.0002821289817802608,424.0130920410156,464.60052490234375,0.0008586096810176969,215.0897674560547,470.29010009765625,0.00042524293530732393,384.21685791015625,470.9130859375,0.00046861631562933326,239.90245056152344,457.4181213378906,0.00026170830824412405
20,webcam-0__tcn__20260807-122153_raw_30fps,700,701,23.333333333333332,background,1,1,1,1,0,0,0,640,480,0.9398584365844727,0,0.0,85.9803466796875,603.108154296875,478.9985656738281,347.59454345703125,272.893798828125,0.998421311378479,383.43212890625,228.50772094726562,0.9950893521308899,305.195556640625,230.384521484375,0.9966660141944885,423.63922119140625,230.67376708984375,0.8162545561790466,251.9749755859375,236.85250854492188,0.9727303981781006,469.21551513671875,356.4150085449219,0.9976135492324829,170.83790588378906,368.1295471191406,0.9948752522468567,575.0007934570312,471.05181884765625,0.3025234639644623,27.889801025390625,470.51361083984375,0.08449532836675644,496.39202880859375,462.285888671875,0.02993987500667572,113.95782470703125,448.59686279296875,0.008921108208596706,404.35992431640625,480.0,0.000519780267495662,218.7886962890625,480.0,0.0002875007630791515,422.2359313964844,464.6361389160156,0.0008373532327823341,213.95516967773438,470.00030517578125,0.00042591014062054455,382.41082763671875,470.84625244140625,0.00048280347255058587,238.15765380859375,457.162109375,0.00027087374473921955
20,webcam-0__tcn__20260807-122153_raw_30fps,701,702,23.366666666666667,background,1,1,1,1,0,0,0,640,480,0.9389708638191223,0,0.0,85.7127685546875,600.1639404296875,479.0569763183594,348.7537841796875,273.8577880859375,0.998553454875946,384.6966247558594,229.32861328125,0.9951287508010864,305.9951171875,231.01519775390625,0.9968181848526001,424.57958984375,230.66632080078125,0.7780921459197998,251.54623413085938,236.56884765625,0.9717890024185181,469.4284362792969,357.0534362792969,0.9975131750106812,171.24427795410156,369.4544372558594,0.9944095015525818,574.439697265625,471.065673828125,0.293814092874527,28.62762451171875,471.18292236328125,0.07201611995697021,488.01873779296875,461.66033935546875,0.0360725112259388,114.41752624511719,447.6950988769531,0.00895667728036642,405.1923828125,480.0,0.0004987017600797117,219.79214477539062,480.0,0.00026371210697107017,422.2787780761719,463.97406005859375,0.0008529428741894662,215.2547149658203,469.698486328125,0.00041195034282281995,382.5735778808594,470.7761535644531,0.0004928529961034656,239.00894165039062,457.34112548828125,0.00026438425993546844
20,webcam-0__tcn__20260807-122153_raw_30fps,702,703,23.4,background,1,1,1,1,0,0,0,640,480,0.9396867156028748,0,0.0,86.40899658203125,600.9996337890625,479.05499267578125,349.3155212402344,273.9156494140625,0.99854576587677,385.2947998046875,229.53341674804688,0.9951843619346619,306.51068115234375,231.16754150390625,0.996843695640564,424.95758056640625,230.62069702148438,0.78086918592453,251.7251434326172,236.42384338378906,0.973615288734436,469.950927734375,357.2423400878906,0.9974453449249268,170.94326782226562,370.03759765625,0.9943633079528809,574.7307739257812,471.422119140625,0.2661992907524109,28.51190185546875,471.5392150878906,0.07009803503751755,490.73876953125,461.7486877441406,0.03253187611699104,117.22142028808594,448.71649169921875,0.009188909083604813,405.52276611328125,480.0,0.0004901677602902055,219.56051635742188,480.0,0.00026399761554785073,423.2604675292969,464.1111755371094,0.0008088898612186313,216.59510803222656,470.2248229980469,0.0003993204445578158,383.2886657714844,470.81097412109375,0.0005003902479074895,240.2368927001953,457.63470458984375,0.0002683144703041762
20,webcam-0__tcn__20260807-122153_raw_30fps,703,704,23.433333333333334,background,1,1,1,1,0,0,0,640,480,0.9396297931671143,0,0.9041748046875,84.60885620117188,604.9519653320312,478.99456787109375,350.5316467285156,274.95697021484375,0.9986085295677185,386.3679504394531,229.98651123046875,0.995674192905426,307.4010925292969,231.22573852539062,0.9966369867324829,426.0956726074219,231.05609130859375,0.775970458984375,252.26123046875,236.17825317382812,0.9694530963897705,471.25885009765625,356.9029541015625,0.9975883960723877,170.5901641845703,370.1136779785156,0.9939182996749878,574.8973388671875,471.6193542480469,0.25291892886161804,28.2330322265625,471.5301818847656,0.06490171700716019,504.4108581542969,463.88055419921875,0.021605271846055984,116.94528198242188,447.4815368652344,0.00818958692252636,407.31646728515625,480.0,0.0004880601482000202,220.93832397460938,480.0,0.0002584185276646167,425.62347412109375,463.9241943359375,0.000783535884693265,219.73951721191406,469.53375244140625,0.00039994867984205484,385.80816650390625,470.3191223144531,0.0004952077870257199,243.10140991210938,457.064208984375,0.00027622480411082506
20,webcam-0__tcn__20260807-122153_raw_30fps,704,705,23.466666666666665,background,1,1,1,1,0,0,0,640,480,0.9395937919616699,0,0.531005859375,84.23968505859375,604.5196533203125,478.96612548828125,350.67279052734375,275.8668212890625,0.9986201524734497,386.75213623046875,230.45907592773438,0.9956830739974976,307.6520690917969,231.5655975341797,0.9967272281646729,426.5117492675781,230.91778564453125,0.7618944048881531,252.57154846191406,235.65396118164062,0.9679807424545288,471.8277587890625,357.0797119140625,0.9975850582122803,171.23526000976562,369.1922302246094,0.9943788647651672,574.6218872070312,471.1209716796875,0.2763668894767761,27.4530029296875,470.4161376953125,0.08395843952894211,502.5994873046875,462.65966796875,0.022984180599451065,118.09744262695312,448.92578125,0.009221363812685013,407.4033203125,480.0,0.0004994931514374912,220.93002319335938,480.0,0.0002714658039622009,426.505615234375,464.71051025390625,0.000787867174949497,218.6575164794922,469.96807861328125,0.0004015842278022319,386.30224609375,470.71697998046875,0.0005017471266910434,242.70790100097656,457.39862060546875,0.0002708412066567689
20,webcam-0__tcn__20260807-122153_raw_30fps,705,706,23.5,background,1,1,1,1,0,0,0,640,480,0.9404535889625549,0,0.972442626953125,85.1153564453125,605.8973999023438,478.9891357421875,351.0264892578125,276.32391357421875,0.998539924621582,387.1218566894531,230.90322875976562,0.995786726474762,307.74749755859375,231.85614013671875,0.9966095685958862,427.27880859375,231.3719482421875,0.7748162150382996,252.2997589111328,235.83583068847656,0.9679981470108032,471.78387451171875,357.3572082519531,0.997641921043396,171.48484802246094,369.3352355957031,0.994161069393158,574.83984375,471.60247802734375,0.27185484766960144,27.815185546875,470.5952453613281,0.0784137174487114,509.9849853515625,464.6609802246094,0.018256817013025284,114.09593200683594,449.0600891113281,0.007924629375338554,407.3184509277344,480.0,0.0005126520991325378,221.32730102539062,480.0,0.0002774976019281894,427.10296630859375,464.810546875,0.0007853343267925084,219.47776794433594,470.1230163574219,0.0004120265366509557,387.4562072753906,471.0030517578125,0.000493219296913594,242.62844848632812,457.09503173828125,0.00028062509954907
20,webcam-0__tcn__20260807-122153_raw_30fps,706,707,23.533333333333335,background,1,1,1,1,0,0,0,640,480,0.9152787923812866,0,1.32574462890625,85.5057373046875,606.144775390625,478.97589111328125,351.9165954589844,276.91033935546875,0.9985664486885071,388.2116394042969,231.5167694091797,0.9958181977272034,308.7167663574219,231.93809509277344,0.9967377781867981,427.90667724609375,231.75350952148438,0.7415215373039246,252.5387725830078,235.08802795410156,0.9683271050453186,472.2242431640625,357.15869140625,0.9976733326911926,171.25221252441406,369.6231994628906,0.9940305352210999,575.2151489257812,471.3439025878906,0.2847045660018921,27.30615234375,470.6363830566406,0.07965869456529617,512.7075805664062,466.1678466796875,0.017131702974438667,112.66334533691406,448.90740966796875,0.007986222393810749,408.01690673828125,480.0,0.0004997788928449154,221.3725128173828,480.0,0.000270799093414098,427.2325439453125,464.6719970703125,0.0007620945107191801,219.32142639160156,470.2096252441406,0.0004182869743090123,387.6169128417969,470.7579345703125,0.0004907259717583656,242.67086791992188,456.9348449707031,0.0002942456630989909
20,webcam-0__tcn__20260807-122153_raw_30fps,707,708,23.566666666666666,background,1,1,1,1,0,0,0,640,480,0.9403648376464844,0,1.132720947265625,83.08856201171875,606.3373413085938,479.0069885253906,351.8013916015625,277.15985107421875,0.9985635876655579,388.041259765625,231.31930541992188,0.9958056211471558,308.5747375488281,231.8461151123047,0.9968147873878479,427.6556701660156,231.3734130859375,0.7442620992660522,252.40359497070312,234.9412841796875,0.9703682065010071,471.8085632324219,357.0772705078125,0.9976784586906433,170.7816162109375,370.0251159667969,0.9940335154533386,574.9322509765625,470.23675537109375,0.2884363532066345,27.222320556640625,471.212646484375,0.07543695718050003,512.09521484375,466.3231201171875,0.01764216460287571,113.11396789550781,448.6231689453125,0.007692068349570036,408.56195068359375,480.0,0.0004898655461147428,221.90499877929688,480.0,0.0002611484669614583,427.9647521972656,463.97442626953125,0.0007659226539544761,220.4974365234375,469.8056335449219,0.0004109697765670717,388.1408996582031,470.31939697265625,0.00047576380893588066,243.98971557617188,456.4256286621094,0.0002824791881721467
20,webcam-0__tcn__20260807-122153_raw_30fps,708,709,23.6,background,1,1,1,1,0,0,0,640,480,0.940493106842041,0,1.44122314453125,83.70257568359375,608.1778564453125,478.9728698730469,351.7369689941406,277.5879211425781,0.9985748529434204,388.38262939453125,231.7930908203125,0.9958826303482056,308.7149963378906,231.9539031982422,0.9965329170227051,427.79364013671875,232.59381103515625,0.7505611777305603,252.77064514160156,235.25064086914062,0.967254102230072,471.70513916015625,357.50286865234375,0.9977601766586304,170.43438720703125,370.4338684082031,0.994175374507904,574.28515625,469.51861572265625,0.2929393947124481,26.047393798828125,471.4188232421875,0.077446848154068,517.6851196289062,468.24505615234375,0.014137379825115204,109.82791137695312,448.8436279296875,0.007199419662356377,408.64874267578125,480.0,0.0004997193464078009,221.68869018554688,480.0,0.00026588834589347243,427.22186279296875,463.70843505859375,0.0007854525465518236,219.54171752929688,469.44268798828125,0.00043396602268330753,387.19537353515625,469.4160461425781,0.0004722720186691731,242.93600463867188,455.63653564453125,0.0002905821893364191
20,webcam-0__tcn__20260807-122153_raw_30fps,709,710,23.633333333333333,background,1,1,1,1,0,0,0,640,480,0.9405977129936218,0,1.228546142578125,83.55734252929688,603.6676025390625,479.0491943359375,352.2117919921875,277.2550354003906,0.9987357258796692,389.52178955078125,232.84402465820312,0.9959508180618286,309.7660827636719,232.4475555419922,0.9969492554664612,428.21771240234375,233.17230224609375,0.7297384738922119,253.17669677734375,234.43148803710938,0.9703534841537476,471.3863830566406,357.574951171875,0.9976849555969238,168.8388214111328,371.39605712890625,0.994076132774353,574.4133911132812,468.0829162597656,0.3161632716655731,26.420867919921875,472.0892028808594,0.06726178526878357,502.1711120605469,463.75146484375,0.024700619280338287,108.57302856445312,447.080322265625,0.007862076163291931,407.4505310058594,480.0,0.0004970113513991237,219.84530639648438,480.0,0.0002477456000633538,427.4802551269531,464.63592529296875,0.0007611390319652855,219.3933868408203,470.763916015625,0.0003958638117183,385.7292175292969,469.8295593261719,0.00046833031228743494,242.81068420410156,456.8177490234375,0.00027946499176323414
20,webcam-0__tcn__20260807-122153_raw_30fps,710,711,23.666666666666668,background,1,1,1,1,0,0,0,640,480,0.939594030380249,0,1.65625,84.85992431640625,604.309326171875,479.09503173828125,351.5392761230469,277.5714111328125,0.9988465309143066,388.943359375,236.79437255859375,0.9969513416290283,309.5950012207031,235.70050048828125,0.9965839385986328,429.11260986328125,232.58624267578125,0.759191632270813,252.01852416992188,232.29664611816406,0.9547807574272156,471.3115539550781,357.30224609375,0.998066246509552,168.8488311767578,371.1031188964844,0.9946781396865845,573.0440673828125,466.5284729003906,0.3421257436275482,25.051513671875,470.88604736328125,0.08155196160078049,508.3111572265625,464.1321105957031,0.022387223318219185,110.46571350097656,446.1123352050781,0.009830440394580364,407.1920471191406,480.0,0.0004458992334548384,221.87069702148438,480.0,0.0002282503992319107,428.6168212890625,464.5017395019531,0.0006441870355047286,220.54489135742188,470.4895324707031,0.00036257191095501184,386.37542724609375,469.4632568359375,0.00048419972881674767,243.84652709960938,455.3466796875,0.000299460138194263
20,webcam-0__tcn__20260807-122153_raw_30fps,711,712,23.7,background,1,1,1,1,0,0,0,640,480,0.9429833292961121,0,1.86627197265625,83.69415283203125,605.6499633789062,479.0572814941406,351.11553955078125,277.24200439453125,0.9988338351249695,388.8603820800781,236.28884887695312,0.9968618154525757,308.7350158691406,235.55490112304688,0.9964246153831482,429.9344482421875,232.04869079589844,0.7678536772727966,251.12509155273438,232.42913818359375,0.9533367156982422,471.5928039550781,358.6522216796875,0.9982695579528809,168.36984252929688,372.1497802734375,0.9944002032279968,572.6614990234375,468.28900146484375,0.3902150094509125,25.88702392578125,471.11688232421875,0.08145727962255478,530.4264526367188,468.98895263671875,0.01648380607366562,106.82723999023438,446.28564453125,0.008067927323281765,406.99127197265625,480.0,0.0004612744087353349,221.9051513671875,480.0,0.00023526947188656777,430.0233459472656,464.4479675292969,0.0006434752140194178,220.78280639648438,470.369873046875,0.00038971976027823985,389.629150390625,468.8683166503906,0.00046174181625247,244.63858032226562,454.412109375,0.00031524719088338315
20,webcam-0__tcn__20260807-122153_raw_30fps,712,713,23.733333333333334,background,1,1,1,1,0,0,0,640,480,0.9428597092628479,0,1.90802001953125,83.52789306640625,605.7219848632812,479.0555725097656,351.1304931640625,277.2456359863281,0.9988226294517517,388.826904296875,236.3143310546875,0.9968720078468323,308.73809814453125,235.5814666748047,0.9964466691017151,429.9129943847656,232.01840209960938,0.7677428126335144,251.11122131347656,232.3954620361328,0.9538674354553223,471.6100769042969,358.6287841796875,0.9982739686965942,168.86349487304688,371.6176452636719,0.9945318698883057,572.3560791015625,468.47216796875,0.38887470960617065,25.63800048828125,470.4473876953125,0.0865238830447197,531.293212890625,469.20611572265625,0.016451478004455566,107.40255737304688,446.4987487792969,0.008395858108997345,407.43475341796875,480.0,0.0004588525334838778,222.6278076171875,480.0,0.00023856648476794362,430.12750244140625,464.489501953125,0.0006297859363257885,220.53094482421875,470.07867431640625,0.0003859032003674656,389.8745422363281,468.7142333984375,0.00046923343325033784,244.41461181640625,454.30828857421875,0.00031874285195954144
20,webcam-0__tcn__20260807-122153_raw_30fps,713,714,23.766666666666666,background,1,1,1,1,0,0,0,640,480,0.9399505853652954,0,0.883453369140625,84.48968505859375,605.2705688476562,479.036376953125,351.0035705566406,277.1258239746094,0.9987773299217224,389.0819091796875,233.71656799316406,0.996429979801178,308.3462829589844,232.9754180908203,0.9966448545455933,429.2680358886719,233.73382568359375,0.7621590495109558,251.22836303710938,234.1182861328125,0.9632408022880554,471.76654052734375,358.2765197753906,0.9978693723678589,169.20465087890625,371.2216796875,0.994025707244873,574.87109375,470.1270751953125,0.31121891736984253,25.6260986328125,471.3108825683594,0.07183770835399628,519.1384887695312,466.4210510253906,0.01870846562087536,110.51968383789062,446.31781005859375,0.008002763614058495,408.9036560058594,480.0,0.0004849847173318267,222.63926696777344,480.0,0.00025265096337534487,427.46368408203125,463.76898193359375,0.0007548853754997253,219.773681640625,469.0075378417969,0.0004168003215454519,388.5165710449219,469.11810302734375,0.000483804295072332,243.97421264648438,455.1584777832031,0.00029995961813256145
20,webcam-0__tcn__20260807-122153_raw_30fps,714,715,23.8,background,1,1,1,1,0,0,0,640,480,0.9405346512794495,0,1.28448486328125,84.04229736328125,605.190185546875,479.0390319824219,349.93682861328125,275.02667236328125,0.9987401366233826,387.439697265625,231.23504638671875,0.9960334897041321,307.6954650878906,230.99398803710938,0.9967889785766602,427.1998291015625,233.372802734375,0.7666950225830078,251.98443603515625,234.79212951660156,0.9680185914039612,471.37042236328125,357.9447326660156,0.9978417158126831,170.6761016845703,370.2653503417969,0.9940846562385559,574.7135009765625,469.52886962890625,0.30312293767929077,27.470550537109375,471.8395690917969,0.07234852015972137,514.7667236328125,466.95831298828125,0.01737521030008793,112.73173522949219,445.8310546875,0.00768323615193367,407.9395751953125,480.0,0.00048684669309295714,222.18667602539062,480.0,0.0002568592026364058,425.7607727050781,464.2004699707031,0.0007729019853286445,219.7847900390625,468.59429931640625,0.00043703350820578635,387.54632568359375,469.6029357910156,0.00048048520693555474,243.81468200683594,455.7764892578125,0.000306552741676569
20,webcam-0__tcn__20260807-122153_raw_30fps,715,716,23.833333333333332,background,1,1,1,1,0,0,0,640,480,0.939551591873169,0,0.931884765625,83.36590576171875,605.2069702148438,479.0491943359375,348.8063049316406,274.93560791015625,0.9987003803253174,386.1889953613281,231.208984375,0.9960231781005859,307.0111999511719,231.06150817871094,0.9966354966163635,425.88641357421875,233.43997192382812,0.787655770778656,252.12005615234375,234.96615600585938,0.9672388434410095,470.4989929199219,357.7712707519531,0.9978817105293274,170.46890258789062,370.2117919921875,0.994154155254364,575.3013305664062,468.9587707519531,0.31683608889579773,27.40093994140625,472.2044372558594,0.07312993705272675,513.8496704101562,466.929931640625,0.0198652520775795,112.77137756347656,445.5578308105469,0.008144321851432323,407.62493896484375,480.0,0.000499122659675777,222.09524536132812,480.0,0.00026206386974081397,426.21234130859375,463.795654296875,0.0008175129187293351,219.4234161376953,468.4012451171875,0.0004592840268742293,387.5768127441406,469.48321533203125,0.0004714320239145309,243.3507843017578,455.57061767578125,0.0003030675579793751
20,webcam-0__tcn__20260807-122153_raw_30fps,716,717,23.866666666666667,background,1,1,1,1,0,0,0,640,480,0.9381967186927795,0,0.222686767578125,85.4232177734375,602.9566040039062,479.0628356933594,344.96624755859375,275.353759765625,0.9984877109527588,382.1894836425781,232.2208251953125,0.9955400824546814,303.3908996582031,232.46896362304688,0.9966603517532349,424.1323547363281,234.5308837890625,0.8394818305969238,250.4525146484375,236.9173126220703,0.969569206237793,470.017822265625,357.88189697265625,0.9978185892105103,169.47552490234375,370.55859375,0.9949185252189636,572.8825073242188,466.4676818847656,0.3523475229740143,27.079437255859375,471.08551025390625,0.08466038107872009,506.2024230957031,465.7818603515625,0.022908281534910202,110.98928833007812,446.9463806152344,0.008094710297882557,406.4737548828125,480.0,0.0005214264965616167,221.59365844726562,480.0,0.0002774891327135265,423.810302734375,463.657958984375,0.0008285957155749202,216.9578094482422,468.8809509277344,0.00042437962838448584,385.4875793457031,469.2965087890625,0.0004761051677633077,241.68142700195312,455.2831115722656,0.0002813047030940652
20,webcam-0__tcn__20260807-122153_raw_30fps,717,718,23.9,background,1,1,1,1,0,0,0,640,480,0.9376739263534546,0,0.6468505859375,84.8123779296875,601.0054931640625,479.0618591308594,343.4036865234375,275.6513977050781,0.9983933568000793,380.9099426269531,232.30296325683594,0.9951117634773254,302.2362365722656,232.9586181640625,0.9963573813438416,424.1191711425781,234.7646484375,0.8497150540351868,250.8734130859375,237.78067016601562,0.9618344902992249,469.28326416015625,357.13214111328125,0.9977085590362549,172.07008361816406,368.763427734375,0.9950148463249207,573.3490600585938,469.37396240234375,0.34378165006637573,28.683013916015625,470.0469055175781,0.08852338045835495,496.60504150390625,463.5835876464844,0.029663117602467537,114.13594055175781,446.65313720703125,0.009107463993132114,405.3612060546875,480.0,0.0005118572153151035,221.51019287109375,480.0,0.0002724825171753764,422.70452880859375,464.01202392578125,0.0008911003824323416,215.531494140625,468.088134765625,0.0004208774189464748,384.4017333984375,470.3809509277344,0.0005045910365879536,240.31858825683594,456.39031982421875,0.0002677484299056232
20,webcam-0__tcn__20260807-122153_raw_30fps,718,719,23.933333333333334,background,1,1,1,1,0,0,0,640,480,0.9360883831977844,0,0.676605224609375,84.30328369140625,601.759033203125,479.03692626953125,342.13323974609375,275.53399658203125,0.9984681010246277,379.5386657714844,232.15155029296875,0.9949662089347839,301.15875244140625,232.99542236328125,0.9962869882583618,422.68084716796875,234.42379760742188,0.8347703218460083,250.32803344726562,237.77415466308594,0.9590802788734436,468.6849365234375,356.27105712890625,0.9978758096694946,170.76260375976562,368.8314208984375,0.9947015047073364,571.913818359375,468.582275390625,0.3588831126689911,29.39837646484375,471.26800537109375,0.08534670621156693,511.56103515625,468.82501220703125,0.020491506904363632,115.94097900390625,447.699462890625,0.008253814652562141,406.15960693359375,480.0,0.0004997198702767491,222.10731506347656,480.0,0.000263373862253502,423.7564392089844,463.93414306640625,0.0008271729457192123,217.41903686523438,467.83880615234375,0.0004127034917473793,386.4720458984375,469.4583740234375,0.000491166312713176,242.48512268066406,455.600341796875,0.00027671558200381696
20,webcam-0__tcn__20260807-122153_raw_30fps,719,720,23.966666666666665,background,1,1,1,1,0,0,0,640,480,0.9392600059509277,0,0.141845703125,84.30316162109375,601.173828125,479.0880126953125,340.168701171875,276.0618896484375,0.9985997080802917,377.8324279785156,232.4168701171875,0.9955321550369263,299.4114990234375,233.57659912109375,0.9961597919464111,421.2290344238281,233.42074584960938,0.8428247570991516,249.22628784179688,237.266357421875,0.9470899701118469,467.4339599609375,356.90911865234375,0.9979932308197021,170.92442321777344,368.65350341796875,0.994847297668457,569.62890625,467.2877197265625,0.37679609656333923,28.48114013671875,470.784423828125,0.09878343343734741,511.593017578125,468.4910888671875,0.016991425305604935,111.85690307617188,447.53021240234375,0.008379589766263962,404.11273193359375,480.0,0.0004949767608195543,220.736572265625,480.0,0.0002625705674290657,421.9622497558594,464.28289794921875,0.0008497110684402287,215.74951171875,469.2049865722656,0.00043351741624064744,384.6429138183594,469.4848327636719,0.00048159697325900197,240.7370147705078,455.60504150390625,0.0002712857094593346
20,webcam-0__tcn__20260807-122153_raw_30fps,720,721,24.0,background,1,1,1,1,0,0,0,640,480,0.9334530830383301,0,1.324371337890625,83.86602783203125,599.8433837890625,479.05316162109375,336.7366943359375,276.6087646484375,0.9985962510108948,374.2017822265625,231.96812438964844,0.9953964352607727,295.5645446777344,233.5824737548828,0.996242880821228,416.940185546875,232.90658569335938,0.8257505297660828,245.09475708007812,237.78042602539062,0.9532264471054077,463.0151062011719,354.898681640625,0.9985478520393372,169.94586181640625,368.43951416015625,0.9940902590751648,561.2266235351562,462.0611572265625,0.5896319150924683,30.45428466796875,471.3861083984375,0.11973153799772263,534.8240966796875,478.8123474121094,0.01501536089926958,114.1871337890625,446.3861999511719,0.0075144278816878796,404.22900390625,480.0,0.0005404917756095529,223.1600799560547,480.0,0.00027194348513148725,421.3517761230469,463.02850341796875,0.0008130345377139747,216.02606201171875,465.98577880859375,0.0004982062382623553,386.60369873046875,466.9793701171875,0.00044732115929946303,240.66021728515625,453.8410339355469,0.000337432895321399
20,webcam-0__tcn__20260807-122153_raw_30fps,721,722,24.033333333333335,background,1,1,1,1,0,0,0,640,480,0.9380399584770203,0,0.707855224609375,82.47323608398438,595.5257568359375,479.088623046875,335.4503479003906,276.79791259765625,0.9985247254371643,372.650146484375,231.44683837890625,0.9953977465629578,293.7958068847656,233.5360870361328,0.9964916110038757,415.7262268066406,231.23985290527344,0.8315376043319702,243.36245727539062,237.3431396484375,0.9566823840141296,461.7693786621094,353.02215576171875,0.9986124038696289,171.3845977783203,367.09375,0.9944483041763306,561.0003662109375,462.7073974609375,0.6190503835678101,28.829345703125,469.5091857910156,0.1399637758731842,535.7525024414062,478.404296875,0.015144790522754192,111.5318603515625,446.8313903808594,0.007497586775571108,403.7623291015625,480.0,0.0005419588997028768,223.47201538085938,480.0,0.00028013563132844865,421.9357604980469,463.23199462890625,0.0008150747162289917,214.43588256835938,466.6630859375,0.000491995713673532,387.10028076171875,468.1714782714844,0.000442013842985034,239.65313720703125,454.324951171875,0.0003278448712080717
20,webcam-0__tcn__20260807-122153_raw_30fps,722,723,24.066666666666666,background,1,1,1,1,0,0,0,640,480,0.9385591745376587,0,0.074310302734375,82.30706787109375,592.63818359375,479.10748291015625,333.8836975097656,275.7912902832031,0.9986213445663452,371.0618591308594,231.29190063476562,0.9957708716392517,292.73956298828125,233.09085083007812,0.9964591860771179,414.0396728515625,231.73638916015625,0.8378766179084778,242.69561767578125,237.10281372070312,0.9530113339424133,460.7715759277344,352.9745178222656,0.9986924529075623,171.42544555664062,366.2010803222656,0.9945375323295593,557.17333984375,458.9655456542969,0.6744952201843262,27.494964599609375,467.6481628417969,0.16270112991333008,538.9576416015625,477.494873046875,0.01710974983870983,110.17417907714844,447.1341552734375,0.008055991493165493,402.99212646484375,480.0,0.0005240995669737458,223.76229858398438,480.0,0.0002721099881455302,419.6075134277344,463.35125732421875,0.0008196777780540287,212.99490356445312,466.5522155761719,0.0005153708043508232,384.84661865234375,467.80133056640625,0.0004411940462887287,237.89010620117188,454.40594482421875,0.0003405146999284625
20,webcam-0__tcn__20260807-122153_raw_30fps,723,724,24.1,background,1,1,1,1,0,0,0,640,480,0.9404112100601196,0,0.0,84.79623413085938,584.9091186523438,479.1807556152344,329.95849609375,274.26141357421875,0.9986624717712402,367.760009765625,231.13323974609375,0.9955541491508484,290.07537841796875,232.59237670898438,0.9964978098869324,410.0801086425781,231.611328125,0.8133313655853271,240.73960876464844,235.751708984375,0.9482830762863159,454.7646484375,352.9150695800781,0.9986553192138672,170.21685791015625,365.4439392089844,0.9940056800842285,553.45556640625,457.2320861816406,0.6969360709190369,29.02191162109375,467.562744140625,0.16123396158218384,522.4691772460938,478.87884521484375,0.0185481496155262,113.36589050292969,447.629638671875,0.008744743652641773,399.5245361328125,480.0,0.0005759337218478322,222.3203125,480.0,0.00029304102645255625,415.3650207519531,463.27276611328125,0.0008606155752204359,211.55052185058594,467.04693603515625,0.0005578258424066007,382.4744873046875,468.401123046875,0.0004633562348317355,236.91452026367188,455.9244079589844,0.0003738082596100867
20,webcam-0__tcn__20260807-122153_raw_30fps,724,725,24.133333333333333,background,1,1,2,2,0,0,0,640,480,0.6786655187606812,0,0.0,84.940185546875,582.9296875,479.14288330078125,328.7569274902344,273.52972412109375,0.9986982345581055,366.2782897949219,231.25857543945312,0.9957370758056641,289.53350830078125,232.48045349121094,0.9963629841804504,408.6202087402344,232.28439331054688,0.8236927390098572,240.8708953857422,235.81015014648438,0.9439330101013184,451.94775390625,353.1102294921875,0.9987581968307495,170.63442993164062,365.5136413574219,0.9939872026443481,550.0203247070312,455.241455078125,0.7570987343788147,29.615875244140625,466.6748046875,0.16941207647323608,528.903076171875,479.9728698730469,0.02221369929611683,112.56533813476562,447.60009765625,0.008684585802257061,398.10418701171875,480.0,0.0006416478427127004,222.21546936035156,480.0,0.00031776618561707437,417.81439208984375,463.32550048828125,0.0009371382766403258,212.11431884765625,467.09722900390625,0.0006183114019222558,385.3868408203125,467.51873779296875,0.00044698038254864514,237.572021484375,455.19500732421875,0.0003822275612037629
20,webcam-0__tcn__20260807-122153_raw_30fps,724,725,24.133333333333333,background,1,1,2,2,1,1,1,640,480,0.5257901549339294,0,3.3133544921875,85.34716796875,583.3109130859375,479.640380859375,329.0273132324219,274.2867431640625,0.9991325736045837,365.823974609375,231.8526611328125,0.9973108768463135,289.7586975097656,232.87176513671875,0.9972936511039734,407.814453125,232.2261962890625,0.8498793244361877,241.3825225830078,235.5421905517578,0.9498870372772217,449.5304870605469,353.6241455078125,0.9990291595458984,173.3090057373047,364.6416015625,0.9950128197669983,551.631591796875,455.0696105957031,0.8088405728340149,26.28558349609375,466.13519287109375,0.16676735877990723,529.622314453125,479.79876708984375,0.01933269202709198,107.44183349609375,450.6898498535156,0.006970010697841644,396.3465576171875,480.0,0.00045047313324175775,223.6617431640625,480.0,0.00020237878197804093,423.5246887207031,466.60137939453125,0.0011229936499148607,211.19436645507812,470.5552978515625,0.0006621437496505678,386.4505615234375,477.12506103515625,0.0004436760500539094,240.12840270996094,461.9306640625,0.00035656383261084557
20,webcam-0__tcn__20260807-122153_raw_30fps,725,726,24.166666666666668,background,1,1,1,1,0,0,0,640,480,0.9057149887084961,0,0.0,84.50286865234375,582.8116455078125,479.1786804199219,328.7502136230469,273.5213623046875,0.9987152814865112,366.3138122558594,231.25311279296875,0.9957855343818665,289.48272705078125,232.45542907714844,0.996415376663208,408.6519470214844,232.22109985351562,0.8234584927558899,240.6869354248047,235.72564697265625,0.945088267326355,452.02593994140625,352.9512939453125,0.9987629652023315,169.7431182861328,365.92864990234375,0.9939378499984741,550.0585327148438,454.63824462890625,0.7540726065635681,29.462738037109375,467.1723937988281,0.1604749858379364,528.6446533203125,479.88824462890625,0.02049081213772297,111.36726379394531,447.5281982421875,0.00805350299924612,397.956787109375,480.0,0.0006578849861398339,221.88302612304688,480.0,0.000323374813888222,417.3397216796875,463.06121826171875,0.0009391279309056699,212.1326446533203,467.08367919921875,0.0006238757632672787,384.7436218261719,467.2679138183594,0.00044347415678203106,237.50706481933594,455.16827392578125,0.0003871146764140576
20,webcam-0__tcn__20260807-122153_raw_30fps,726,727,24.2,background,1,1,1,1,0,0,0,640,480,0.9600837826728821,0,2.75762939453125,87.82952880859375,585.784423828125,479.5928649902344,328.4384460449219,273.35009765625,0.9989380240440369,364.2543029785156,230.51596069335938,0.9971131086349487,288.5222473144531,231.69775390625,0.9977273344993591,406.5293273925781,231.0302276611328,0.8419002294540405,239.84765625,234.86155700683594,0.9621977210044861,448.93450927734375,354.6254577636719,0.9988357424736023,171.86160278320312,364.9518127441406,0.9957161545753479,548.6703491210938,454.49609375,0.8058593273162842,22.0572509765625,466.75933837890625,0.14323696494102478,522.6863403320312,479.366455078125,0.021394195035099983,99.78488159179688,451.2118835449219,0.00595464650541544,389.5009460449219,480.0,0.00037997946492396295,217.34014892578125,480.0,0.00017981938435696065,410.6311340332031,470.42584228515625,0.0008210093947127461,207.13494873046875,471.0168151855469,0.0005766120739281178,370.61517333984375,480.0,0.00043667558929882944,231.94009399414062,462.7755432128906,0.0003950886311940849
20,webcam-0__tcn__20260807-122153_raw_30fps,727,728,24.233333333333334,background,1,1,1,1,0,0,0,640,480,0.9498087167739868,0,3.505615234375,88.08953857421875,581.02783203125,479.5990295410156,324.85528564453125,270.93743896484375,0.9989719390869141,360.1549377441406,228.88949584960938,0.9969062209129333,285.7953796386719,229.96063232421875,0.9976593255996704,402.6466369628906,230.06631469726562,0.8393986821174622,238.51573181152344,233.6217498779297,0.9605406522750854,443.1793518066406,353.603271484375,0.9989566802978516,169.10403442382812,365.54205322265625,0.9950553178787231,544.7910766601562,452.52374267578125,0.8300159573554993,25.633819580078125,466.79583740234375,0.12042032182216644,519.628173828125,479.1734619140625,0.015222979709506035,103.14259338378906,452.0904541015625,0.005033457186073065,383.890380859375,480.0,0.0004278142878320068,214.21127319335938,480.0,0.00018570620159152895,406.50128173828125,469.5610656738281,0.0008311768178828061,206.89381408691406,471.13922119140625,0.0005630269297398627,367.9410400390625,480.0,0.0004398951423354447,232.07040405273438,464.71429443359375,0.0004069321439601481
20,webcam-0__tcn__20260807-122153_raw_30fps,728,729,24.266666666666666,background,1,1,1,1,0,0,0,640,480,0.9573538303375244,0,3.0865478515625,87.82769775390625,581.9978637695312,479.5766906738281,323.54315185546875,270.89715576171875,0.9990505576133728,358.8483581542969,228.4423065185547,0.99704509973526,284.6806640625,229.7191925048828,0.9976932406425476,400.10711669921875,229.9068145751953,0.8330344557762146,237.54983520507812,233.8240203857422,0.9611223936080933,442.7131042480469,354.47723388671875,0.9990043044090271,168.5289306640625,366.15728759765625,0.9949209094047546,544.057373046875,453.6758728027344,0.8323140144348145,23.575836181640625,466.887939453125,0.11568670719861984,525.5228881835938,479.5540771484375,0.01754584349691868,99.95024108886719,450.59136962890625,0.004884198307991028,384.32415771484375,480.0,0.00043356785317882895,213.84523010253906,480.0,0.0001879283518064767,408.3250732421875,469.1582946777344,0.0008598697604611516,207.0512237548828,471.097900390625,0.0005871211760677397,369.093505859375,480.0,0.0004296577535569668,232.55284118652344,463.6148986816406,0.0003987302479799837
20,webcam-0__tcn__20260807-122153_raw_30fps,729,730,24.3,background,1,1,1,1,0,0,0,640,480,0.9577513337135315,0,3.453399658203125,88.71051025390625,581.5843505859375,479.5803527832031,322.6183166503906,270.9183349609375,0.9990347623825073,357.7886657714844,228.42979431152344,0.9968607425689697,283.5234375,229.99220275878906,0.9976818561553955,398.9024963378906,230.4674835205078,0.8435514569282532,236.36599731445312,235.15896606445312,0.9656804203987122,442.48065185546875,354.65765380859375,0.9989663362503052,164.46499633789062,368.56683349609375,0.9944885969161987,543.185302734375,453.3617858886719,0.8234046101570129,23.79229736328125,467.50421142578125,0.090264230966568,524.7973022460938,480.0,0.01726381480693817,98.35130310058594,450.6427917480469,0.0042483131401240826,384.9640808105469,480.0,0.0004522097879089415,212.52337646484375,480.0,0.00019064059597440064,408.04327392578125,468.88720703125,0.0008622630266472697,206.74703979492188,471.7184753417969,0.0005709956167265773,369.1768798828125,479.9929504394531,0.000410634558647871,233.12094116210938,464.2259826660156,0.0003878063289448619
20,webcam-0__tcn__20260807-122153_raw_30fps,730,731,24.333333333333332,background,1,1,1,1,0,0,0,640,480,0.9331995248794556,0,3.06805419921875,90.74688720703125,579.4035034179688,479.568115234375,319.1136779785156,269.10809326171875,0.999017596244812,353.7683410644531,227.7205047607422,0.9967196583747864,280.71575927734375,229.3206329345703,0.9974390268325806,395.2548828125,229.75196838378906,0.8694226741790771,234.89511108398438,234.50350952148438,0.9616677761077881,440.60296630859375,355.9923095703125,0.998991072177887,161.07379150390625,369.315673828125,0.994600772857666,543.60009765625,453.83966064453125,0.8196452260017395,24.86968994140625,467.45916748046875,0.08906064182519913,523.3665771484375,480.0,0.018953239545226097,96.72650146484375,450.6675720214844,0.004283820278942585,380.84765625,480.0,0.00043392920633777976,208.9743194580078,480.0,0.00017965296865440905,405.4137878417969,468.7750549316406,0.0008570064092054963,205.14683532714844,471.9769287109375,0.0005221365136094391,367.1060485839844,480.0,0.0004238886176608503,231.8273162841797,464.3470458984375,0.00036357410135678947
20,webcam-0__tcn__20260807-122153_raw_30fps,731,732,24.366666666666667,background,1,1,1,1,0,0,0,640,480,0.9211612939834595,0,2.8861083984375,89.81414794921875,579.471435546875,479.55438232421875,317.97296142578125,268.3616638183594,0.9990824460983276,353.27984619140625,227.18968200683594,0.996758759021759,279.5491027832031,228.8587188720703,0.9975723624229431,396.2134704589844,229.0413360595703,0.8674598932266235,233.84786987304688,233.69256591796875,0.9580494165420532,438.5458984375,355.6595153808594,0.9990320205688477,162.13150024414062,368.5940856933594,0.994286835193634,543.2246704101562,453.96844482421875,0.8281722664833069,26.279998779296875,467.85272216796875,0.07634515315294266,525.7196044921875,480.0,0.022192588075995445,102.62834167480469,449.47491455078125,0.004278375301510096,379.74664306640625,480.0,0.000501512608025223,209.35015869140625,480.0,0.00019945566600654274,406.3627014160156,468.79754638671875,0.0008980317506939173,206.97384643554688,471.5418701171875,0.0005426003481261432,368.54461669921875,480.0,0.00042932818178087473,233.4932861328125,464.51434326171875,0.00036873831413686275
20,webcam-0__tcn__20260807-122153_raw_30fps,732,733,24.4,background,1,1,1,1,0,0,0,640,480,0.9616499543190002,0,3.398223876953125,91.37908935546875,590.7877197265625,479.5707702636719,316.7839660644531,265.2623596191406,0.9990505576133728,351.15069580078125,225.04678344726562,0.9967791438102722,278.7559814453125,227.13438415527344,0.9974908828735352,392.89459228515625,227.40171813964844,0.884990394115448,233.55886840820312,233.03759765625,0.9597500562667847,437.1719970703125,356.3869323730469,0.9990454316139221,161.05047607421875,367.69927978515625,0.994657576084137,548.0240478515625,461.8221435546875,0.7836041450500488,25.443267822265625,466.08135986328125,0.07761761546134949,535.7741088867188,480.0,0.02122245542705059,96.85057067871094,450.62542724609375,0.00407960033044219,378.1058349609375,480.0,0.0005082563147880137,207.73226928710938,480.0,0.00022008952510077506,409.5520935058594,469.6214599609375,0.0009260600199922919,208.12139892578125,472.5394287109375,0.0005639171577058733,372.84710693359375,480.0,0.00044044709648005664,235.3040008544922,464.9884338378906,0.00036376272328197956
20,webcam-0__tcn__20260807-122153_raw_30fps,733,734,24.433333333333334,background,1,1,1,1,0,0,0,640,480,0.9629300832748413,0,2.142120361328125,91.724853515625,596.343994140625,479.5540771484375,316.8262634277344,264.6639404296875,0.9988903403282166,351.3720397949219,224.4252166748047,0.9965149164199829,279.115234375,226.64410400390625,0.9972794651985168,393.142333984375,227.87112426757812,0.8997761011123657,234.68995666503906,233.5610809326172,0.961593747138977,437.95343017578125,357.4990234375,0.9990240335464478,160.9591522216797,367.2255859375,0.9952595829963684,553.8897094726562,464.94287109375,0.7505282163619995,22.40618896484375,465.86920166015625,0.07965072244405746,538.3831176757812,480.0,0.01872227154672146,95.088134765625,449.9300231933594,0.004153326153755188,381.2572326660156,480.0,0.0005324566154740751,210.2205810546875,480.0,0.00025196009664796293,410.30059814453125,470.28692626953125,0.0009373302455060184,207.69784545898438,472.68505859375,0.0006092857802286744,373.425537109375,480.0,0.0004250006750226021,235.89697265625,465.34521484375,0.0003632314910646528
20,webcam-0__tcn__20260807-122153_raw_30fps,734,735,24.466666666666665,background,1,1,1,1,0,0,0,640,480,0.9629585146903992,0,2.565826416015625,91.99664306640625,605.3580322265625,479.54156494140625,317.4537658691406,263.63787841796875,0.9988273978233337,351.75439453125,223.84547424316406,0.996557891368866,279.5328369140625,225.8114776611328,0.9974572062492371,392.8238525390625,226.42636108398438,0.8934884071350098,234.14385986328125,231.67637634277344,0.9652956128120422,437.296142578125,356.6729431152344,0.9990221261978149,162.6040496826172,364.55169677734375,0.995741605758667,554.4277954101562,467.14373779296875,0.7450790405273438,22.3521728515625,464.096923828125,0.10194578021764755,536.4684448242188,480.0,0.019125360995531082,90.82331848144531,447.58856201171875,0.004580660257488489,382.0411682128906,480.0,0.000502374314237386,212.36082458496094,480.0,0.0002498201502021402,412.7032775878906,470.42578125,0.0009182649082504213,209.11082458496094,472.40960693359375,0.0005957019166089594,374.3115539550781,480.0,0.0004443193320184946,236.79885864257812,464.51239013671875,0.00036417876253835857
20,webcam-0__tcn__20260807-122153_raw_30fps,735,736,24.5,background,1,1,2,2,0,0,0,640,480,0.7900950312614441,0,4.60186767578125,90.71987915039062,601.5535888671875,479.6616516113281,318.01751708984375,263.6634216308594,0.9988640546798706,351.9777526855469,224.46746826171875,0.9966709017753601,279.63555908203125,226.76394653320312,0.996982753276825,393.8339538574219,225.26492309570312,0.9006074070930481,233.6396484375,231.6227264404297,0.9504913687705994,435.4190368652344,356.86053466796875,0.9990442395210266,161.68031311035156,364.7252197265625,0.9952263832092285,559.0045166015625,469.9603271484375,0.6941854953765869,26.849090576171875,463.97802734375,0.11970405280590057,533.9473266601562,480.0,0.017886945977807045,96.66189575195312,447.5667724609375,0.004850015044212341,386.328369140625,480.0,0.0005790457362309098,215.19595336914062,480.0,0.00028622846002690494,425.610595703125,465.864501953125,0.0012344203423708677,213.41159057617188,473.20306396484375,0.0006379210390150547,389.6925964355469,479.3050842285156,0.00043815060053020716,244.59413146972656,464.2110595703125,0.0002979629789479077
20,webcam-0__tcn__20260807-122153_raw_30fps,735,736,24.5,background,1,1,2,2,1,1,1,640,480,0.3521338701248169,0,2.525787353515625,92.4097900390625,608.71435546875,479.5541076660156,318.0531005859375,263.56451416015625,0.9988099336624146,351.680419921875,224.32420349121094,0.9966126084327698,279.72613525390625,226.42308044433594,0.9973276853561401,393.55023193359375,225.28712463378906,0.8949615359306335,233.93394470214844,231.22091674804688,0.9579774141311646,437.62701416015625,356.5579833984375,0.9988871216773987,161.9150390625,365.3596496582031,0.9959660768508911,557.5301513671875,469.49896240234375,0.6874918341636658,23.21551513671875,463.6416320800781,0.10039877891540527,531.5556640625,479.8049011230469,0.019022690132260323,89.80928039550781,448.64501953125,0.004460896365344524,382.8623046875,480.0,0.00047126220306381583,212.16778564453125,480.0,0.0002403881080681458,415.8601989746094,470.2115478515625,0.0009265195112675428,210.74444580078125,473.44439697265625,0.0005422642570920289,376.7724914550781,480.0,0.00045294323354028165,238.91323852539062,464.62548828125,0.00032477627974003553
20,webcam-0__tcn__20260807-122153_raw_30fps,736,737,24.533333333333335,background,1,1,1,1,0,0,0,640,480,0.9406729340553284,0,0.0,92.6634521484375,630.3182373046875,478.5143737792969,323.9658203125,261.33502197265625,0.9983687996864319,357.4061584472656,223.6417236328125,0.994272768497467,286.15545654296875,225.04942321777344,0.996971845626831,395.4020080566406,225.9895782470703,0.8167980313301086,237.3270721435547,230.32208251953125,0.9713655710220337,436.7120361328125,354.72381591796875,0.9983154535293579,158.3963165283203,364.2353515625,0.9957154393196106,557.2306518554688,456.115966796875,0.6085352301597595,24.52960205078125,463.8782043457031,0.10289836674928665,530.0148315429688,473.8441467285156,0.10239748656749725,91.11474609375,448.80963134765625,0.007515150122344494,374.5741271972656,480.0,0.0008088852628134191,202.52655029296875,480.0,0.00039000037941150367,401.74578857421875,461.85888671875,0.0011290718102827668,210.1962890625,466.0958251953125,0.0005633211112581193,367.1249694824219,471.1634521484375,0.0006155135342851281,232.7712860107422,453.85821533203125,0.0003670809092000127
20,webcam-0__tcn__20260807-122153_raw_30fps,737,738,24.566666666666666,background,1,1,1,1,0,0,0,640,480,0.9384236931800842,0,0.0,92.43096923828125,636.1768798828125,478.5591735839844,326.3503723144531,259.9574279785156,0.9983226656913757,359.32464599609375,223.32659912109375,0.9936428070068359,288.9349365234375,223.99713134765625,0.996677041053772,396.5802001953125,226.29995727539062,0.8053140640258789,239.39218139648438,229.24697875976562,0.9711668491363525,442.8707275390625,356.7318420410156,0.9975696206092834,159.08761596679688,364.7025451660156,0.9959956407546997,563.0958862304688,453.3511657714844,0.45766112208366394,22.60711669921875,462.0859375,0.0735640898346901,526.9340209960938,469.9825744628906,0.3236020505428314,92.43626403808594,447.3627624511719,0.00880876462906599,385.0073547363281,480.0,0.0005532975774258375,207.93035888671875,480.0,0.0002731934655457735,406.09771728515625,461.9906005859375,0.0011217095889151096,210.72708129882812,466.586181640625,0.0004254556552041322,369.5279846191406,470.0711975097656,0.0006015520775690675,233.22491455078125,452.60980224609375,0.0002436755021335557
20,webcam-0__tcn__20260807-122153_raw_30fps,738,739,24.6,background,1,1,1,1,0,0,0,640,480,0.9391725063323975,0,2.645751953125,91.61227416992188,636.4524536132812,478.9633483886719,332.3031005859375,255.96484375,0.9990121126174927,365.8656921386719,221.4302978515625,0.9957481026649475,294.33306884765625,220.74591064453125,0.9973253011703491,401.08428955078125,226.20388793945312,0.6953582167625427,240.49960327148438,226.29925537109375,0.9763731956481934,439.9871826171875,353.5909118652344,0.9984889030456543,161.42823791503906,363.3514099121094,0.9950813055038452,537.3809204101562,452.2803955078125,0.7150312662124634,28.726959228515625,459.15863037109375,0.171538308262825,590.7022094726562,468.0137634277344,0.062454286962747574,88.84017944335938,449.0911865234375,0.0073409778997302055,394.0637512207031,480.0,0.00044901188812218606,218.39279174804688,480.0,0.00026526316651143134,422.5014343261719,463.8912353515625,0.0009902880992740393,219.62277221679688,467.4647521972656,0.0006687428103759885,392.4418640136719,466.36065673828125,0.0005060007679276168,244.58560180664062,454.1188659667969,0.00043821847066283226
20,webcam-0__tcn__20260807-122153_raw_30fps,739,740,24.633333333333333,background,1,1,1,1,0,0,0,640,480,0.8934016227722168,0,4.5994873046875,92.2049560546875,633.2760009765625,478.88995361328125,334.49212646484375,255.52981567382812,0.998798131942749,367.593017578125,221.16864013671875,0.995439887046814,296.2831115722656,220.18650817871094,0.9965344667434692,402.22833251953125,226.305908203125,0.7036325335502625,242.11361694335938,225.9994354248047,0.9731295108795166,442.8427734375,355.4102783203125,0.9988828301429749,160.6427459716797,364.5834045410156,0.9947309494018555,562.5191650390625,461.2382507324219,0.5953125953674316,28.807830810546875,459.7767028808594,0.13612832129001617,606.3916625976562,477.02960205078125,0.014346081763505936,92.59542846679688,446.8152770996094,0.004597746767103672,393.5611267089844,480.0,0.0003543088096193969,217.01792907714844,480.0,0.00021823227871209383,423.64111328125,466.0923156738281,0.000667773827444762,221.67384338378906,468.83294677734375,0.0005177800194360316,397.31475830078125,469.14984130859375,0.00048392004100605845,248.6593017578125,455.9271240234375,0.0004443418001756072
20,webcam-0__tcn__20260807-122153_raw_30fps,740,741,24.666666666666668,background,1,1,1,1,0,0,0,640,480,0.9447916150093079,0,3.193084716796875,90.51031494140625,635.2566528320312,478.88861083984375,337.73919677734375,254.34365844726562,0.9989227652549744,370.9519348144531,219.86102294921875,0.9955387711524963,299.2720031738281,218.305419921875,0.9966417551040649,404.341796875,225.47476196289062,0.639180064201355,243.08358764648438,223.95057678222656,0.9778098464012146,443.5006103515625,355.5527038574219,0.998837411403656,159.0062713623047,366.20428466796875,0.9934524297714233,551.8110961914062,457.1076354980469,0.547310471534729,27.60308837890625,463.2541198730469,0.08564170449972153,604.1859130859375,477.7359619140625,0.013616696931421757,100.32379150390625,446.3952331542969,0.005038627423346043,393.7629089355469,480.0,0.000365387590136379,217.08624267578125,480.0,0.00019886318477801979,419.8663330078125,465.17730712890625,0.0006946072680875659,222.75894165039062,467.539306640625,0.0005502073909156024,393.49700927734375,467.8096008300781,0.0004964316030964255,248.72769165039062,456.1485900878906,0.0004904876695945859
20,webcam-0__tcn__20260807-122153_raw_30fps,741,742,24.7,background,1,1,1,1,0,0,0,640,480,0.9450111389160156,0,3.19512939453125,89.90719604492188,633.9985961914062,478.89837646484375,337.61700439453125,253.684814453125,0.9988853335380554,370.9910888671875,219.78182983398438,0.9956995248794556,299.3351745605469,217.444580078125,0.9966279864311218,404.7878112792969,226.76487731933594,0.6500958204269409,243.23977661132812,223.55166625976562,0.9786956906318665,443.9659423828125,355.7027893066406,0.9989762306213379,159.00076293945312,365.4076843261719,0.9932699799537659,544.9277954101562,455.3741455078125,0.6330026984214783,27.768798828125,462.43048095703125,0.10143894702196121,598.6412963867188,477.40496826171875,0.008864829316735268,101.97177124023438,447.0367126464844,0.004974536597728729,394.3869934082031,480.0,0.00040802155854180455,217.6967315673828,480.0,0.00021546219068113714,419.969482421875,465.755859375,0.0006648948765359819,221.67514038085938,467.8660888671875,0.0005719926557503641,392.8839111328125,468.5823974609375,0.00048263827920891345,248.00714111328125,457.2628173828125,0.0005381586961448193
20,webcam-0__tcn__20260807-122153_raw_30fps,742,743,24.733333333333334,background,1,1,1,1,0,0,0,640,480,0.9456124901771545,0,3.329498291015625,89.99456787109375,633.9326782226562,478.9035339355469,337.56298828125,253.6933135986328,0.9988880753517151,370.9838562011719,219.7507781982422,0.9956135749816895,299.33709716796875,217.42718505859375,0.996647298336029,404.7996826171875,226.76690673828125,0.6454529762268066,243.33221435546875,223.5159454345703,0.9788634181022644,443.52764892578125,355.6089172363281,0.9989854693412781,159.3076171875,364.962890625,0.993395984172821,542.2666015625,453.9132995605469,0.6679546236991882,28.020172119140625,462.2937316894531,0.10588632524013519,599.956787109375,477.51068115234375,0.010731025598943233,101.5523681640625,446.818603515625,0.004962047562003136,394.3702087402344,480.0,0.00040203274693340063,218.06576538085938,480.0,0.00020933826453983784,419.4962158203125,465.95855712890625,0.0006703323451802135,221.54515075683594,467.737060546875,0.0005708840908482671,392.28143310546875,468.2591247558594,0.0004743439785670489,247.74185180664062,457.2850036621094,0.0005276509327813983
20,webcam-0__tcn__20260807-122153_raw_30fps,743,744,24.766666666666666,background,1,1,1,1,0,0,0,640,480,0.9436179399490356,0,2.792388916015625,89.5728759765625,637.222412109375,478.9515380859375,337.6231994628906,253.28445434570312,0.9988211989402771,371.1678161621094,219.32916259765625,0.9959729313850403,299.14007568359375,216.84507751464844,0.9964292645454407,405.3601989746094,227.0509796142578,0.7024046778678894,243.28170776367188,223.626708984375,0.9768641591072083,447.2670593261719,357.9180603027344,0.9986599683761597,157.95301818847656,366.38885498046875,0.9935947060585022,548.502197265625,461.09368896484375,0.3936912715435028,27.25531005859375,463.2842102050781,0.08441288024187088,587.13916015625,474.6109924316406,0.004788767546415329,101.17404174804688,443.9918212890625,0.004731498192995787,393.7783203125,480.0,0.000405719387345016,214.92352294921875,480.0,0.00024609765387140214,413.6595764160156,466.0857238769531,0.0006392837385646999,216.98468017578125,468.8981628417969,0.0005707352538593113,386.2895202636719,469.5261535644531,0.0005039162351749837,243.74993896484375,457.81500244140625,0.0005339447525329888
20,webcam-0__tcn__20260807-122153_raw_30fps,744,745,24.8,background,1,1,1,1,0,0,0,640,480,0.9442763924598694,0,3.395599365234375,85.67025756835938,637.393310546875,478.9582214355469,338.5843505859375,255.4384765625,0.9988654851913452,373.6992492675781,220.10580444335938,0.9965846538543701,299.8607177734375,217.6938934326172,0.996199905872345,409.1877746582031,226.3572235107422,0.7777227759361267,244.275390625,222.84242248535156,0.9730096459388733,453.0359802246094,359.0838928222656,0.9983286261558533,154.20361328125,369.4195861816406,0.9929515719413757,558.4013671875,467.6888732910156,0.19606560468673706,23.5604248046875,467.7388610839844,0.045029670000076294,580.162109375,473.6134338378906,0.002660006983205676,104.06285095214844,441.4151611328125,0.0039037198293954134,396.3006896972656,480.0,0.0003477405698504299,212.46849060058594,480.0,0.00021728032152168453,413.510009765625,465.4946594238281,0.0005659846356138587,218.30128479003906,469.5091552734375,0.000492593739181757,383.5855407714844,468.10986328125,0.00047942515811882913,245.10960388183594,456.346435546875,0.00047540481318719685
20,webcam-0__tcn__20260807-122153_raw_30fps,745,746,24.833333333333332,background,1,1,1,1,0,0,0,640,480,0.9451202750205994,0,3.123321533203125,87.70672607421875,636.5974731445312,478.9112548828125,339.5894470214844,256.5950012207031,0.9988981485366821,374.9384765625,220.59031677246094,0.9964979887008667,300.0108642578125,218.45462036132812,0.997072696685791,410.5727233886719,225.29666137695312,0.731464684009552,243.07496643066406,222.57125854492188,0.9785297513008118,454.6707458496094,358.0303955078125,0.9981429576873779,153.88714599609375,368.77496337890625,0.993230938911438,559.140625,468.3045654296875,0.1900094598531723,26.257843017578125,467.8641357421875,0.0556216798722744,573.0687255859375,471.9847412109375,0.0024130588863044977,101.92434692382812,443.01849365234375,0.00403476320207119,396.7133483886719,480.0,0.0003387209726497531,212.02871704101562,480.0,0.0002184487966587767,413.95245361328125,464.987060546875,0.0005292902933433652,216.5796661376953,470.02886962890625,0.00044157964293845,381.9446716308594,468.34490966796875,0.0004982060054317117,244.04217529296875,456.3790283203125,0.00045421309187076986
20,webcam-0__tcn__20260807-122153_raw_30fps,746,747,24.866666666666667,background,1,1,1,1,0,0,0,640,480,0.9447149634361267,0,2.813140869140625,82.06854248046875,636.9933471679688,478.94000244140625,338.98583984375,258.22021484375,0.9987938404083252,375.41986083984375,221.0195770263672,0.9964216947555542,299.53680419921875,219.107177734375,0.9968019723892212,412.7919616699219,225.51539611816406,0.8148813843727112,244.2699432373047,223.02708435058594,0.976168692111969,458.6670837402344,360.1402893066406,0.9976438879966736,153.28379821777344,370.7674560546875,0.9929913282394409,569.8521118164062,471.9853515625,0.10840501636266708,26.74224853515625,471.2650146484375,0.03498058021068573,553.851318359375,469.335693359375,0.0031153270974755287,108.67539978027344,443.92822265625,0.004130789078772068,397.8181457519531,480.0,0.00034833649988286197,209.52288818359375,480.0,0.00022670395264867693,415.28350830078125,464.29254150390625,0.0005787343252450228,216.94061279296875,471.12371826171875,0.0004339341539889574,382.3417053222656,469.506591796875,0.00047639734111726284,244.61871337890625,456.6620178222656,0.00038088500150479376
20,webcam-0__tcn__20260807-122153_raw_30fps,747,748,24.9,background,1,1,1,1,0,0,0,640,480,0.9448676705360413,0,2.807891845703125,82.12576293945312,637.0618896484375,478.9784851074219,336.8363952636719,259.516845703125,0.9986804127693176,373.47625732421875,221.58554077148438,0.9962820410728455,297.2076721191406,219.51544189453125,0.9963339567184448,412.83807373046875,226.3332977294922,0.8430607318878174,243.21873474121094,223.63427734375,0.9680846929550171,459.03485107421875,360.3068542480469,0.9976595640182495,154.7581787109375,370.40411376953125,0.9927880167961121,577.21533203125,474.6775817871094,0.09937820583581924,26.52435302734375,471.4222106933594,0.031673941761255264,547.4894409179688,468.89483642578125,0.0037772718351334333,110.68464660644531,443.44549560546875,0.004078209400177002,397.28375244140625,480.0,0.00034607769339345396,209.38055419921875,480.0,0.00022040220210328698,415.90130615234375,464.39703369140625,0.0006058057188056409,217.99264526367188,471.0508117675781,0.0004051222640555352,382.8918151855469,470.71417236328125,0.00047487893607467413,245.46539306640625,457.16796875,0.0003348383470438421
20,webcam-0__tcn__20260807-122153_raw_30fps,748,749,24.933333333333334,background,1,1,1,1,0,0,0,640,480,0.9449149370193481,0,1.517486572265625,81.93084716796875,635.4520874023438,478.9364013671875,331.2375183105469,261.7391052246094,0.9987269043922424,369.36907958984375,222.82791137695312,0.9963628649711609,292.7805480957031,221.2703399658203,0.9957548379898071,409.731689453125,228.6793212890625,0.8728314638137817,242.09417724609375,226.35972595214844,0.9486367702484131,460.1824951171875,360.4474792480469,0.9978589415550232,158.13148498535156,368.5711669921875,0.9930616021156311,581.947509765625,476.710693359375,0.11161744594573975,24.775238037109375,469.38140869140625,0.04143083468079567,548.3723754882812,469.27130126953125,0.004278925247490406,110.20358276367188,444.2051086425781,0.004625843372195959,398.567138671875,480.0,0.00039028580067679286,210.58413696289062,480.0,0.0002647161891218275,415.4468688964844,463.5921630859375,0.0006616230239160359,215.7160186767578,469.76422119140625,0.0004627665621228516,384.59466552734375,471.33349609375,0.00048370283911935985,243.45822143554688,457.9013977050781,0.00033932781661860645
20,webcam-0__tcn__20260807-122153_raw_30fps,749,750,24.966666666666665,background,1,1,1,1,0,0,0,640,480,0.9450960159301758,0,1.91619873046875,82.294189453125,636.0774536132812,478.8987731933594,330.426513671875,262.2576904296875,0.9987032413482666,368.8797607421875,223.6057891845703,0.9963990449905396,292.25775146484375,221.8947296142578,0.9958655834197998,409.27081298828125,229.28436279296875,0.8706302046775818,241.54525756835938,226.38735961914062,0.9518916606903076,459.52423095703125,359.91851806640625,0.997991681098938,159.94598388671875,367.104248046875,0.99332594871521,575.250244140625,474.41461181640625,0.1303030103445053,23.278411865234375,468.603515625,0.05097253993153572,558.72021484375,471.36126708984375,0.0035281998571008444,112.12490844726562,445.86279296875,0.005171102937310934,399.87298583984375,480.0,0.00039534413372166455,213.12107849121094,480.0,0.0002789235732052475,416.568115234375,464.1126403808594,0.000598101643845439,216.97860717773438,468.7519226074219,0.00047232917859219015,386.75469970703125,470.75372314453125,0.0004959172802045941,244.74960327148438,457.261474609375,0.00039031950291246176
20,webcam-0__tcn__20260807-122153_raw_30fps,750,751,25.0,background,1,1,1,1,0,0,0,640,480,0.945335865020752,0,1.682464599609375,83.23291015625,636.75634765625,478.8238525390625,329.1565856933594,263.3475341796875,0.9986163377761841,367.7466735839844,224.3581085205078,0.9963634610176086,290.7335205078125,222.7377471923828,0.9951969981193542,409.2836608886719,230.15460205078125,0.8899927735328674,240.3391571044922,227.4812469482422,0.9447709321975708,460.3011474609375,359.4256896972656,0.998136043548584,158.78761291503906,367.6095275878906,0.9932863116264343,571.240478515625,472.62615966796875,0.16337096691131592,23.050689697265625,468.4383239746094,0.051813725382089615,578.574462890625,474.1506652832031,0.0035314736887812614,108.18572998046875,444.98944091796875,0.004691715817898512,401.41156005859375,480.0,0.0003821466816589236,214.35516357421875,480.0,0.00026819758932106197,416.78271484375,464.3542175292969,0.0005848708678968251,217.71694946289062,467.14593505859375,0.0004789837112184614,387.9664611816406,468.60064697265625,0.00047969899605959654,245.7540283203125,455.92425537109375,0.00041174094076268375
20,webcam-0__tcn__20260807-122153_raw_30fps,751,752,25.033333333333335,background,1,1,1,1,0,0,0,640,480,0.942829966545105,0,2.4256591796875,83.48333740234375,638.7259521484375,478.834228515625,328.5966491699219,263.0729675292969,0.9986769556999207,367.5029602050781,224.47314453125,0.9965699911117554,290.5146789550781,222.749755859375,0.9950778484344482,409.2581481933594,230.406005859375,0.9022367000579834,240.54095458984375,227.4427490234375,0.9381232261657715,461.12200927734375,360.2261657714844,0.9978781938552856,158.27984619140625,368.6567077636719,0.9930728077888489,574.8463134765625,474.30010986328125,0.10321246832609177,24.338714599609375,470.03619384765625,0.039095718413591385,559.851806640625,470.5068359375,0.003532836213707924,112.67681884765625,445.3433532714844,0.004522045608609915,401.47216796875,480.0,0.0004388194065541029,213.23883056640625,480.0,0.0003035826375707984,417.74200439453125,463.7222595214844,0.0006518674781545997,217.60165405273438,467.6319580078125,0.0004906267859041691,388.4171447753906,470.0134582519531,0.0005039788666181266,245.4171142578125,457.14288330078125,0.0003900440351571888
20,webcam-0__tcn__20260807-122153_raw_30fps,752,753,25.066666666666666,background,1,1,1,1,0,0,0,640,480,0.9438146948814392,0,2.290191650390625,83.24151611328125,637.412109375,478.8555908203125,327.7408142089844,263.06414794921875,0.9986249208450317,367.1392822265625,224.58505249023438,0.9965213537216187,289.7704162597656,222.75611877441406,0.9953989386558533,408.9056091308594,230.2762451171875,0.9018183350563049,239.8115692138672,226.93521118164062,0.9420987963676453,460.3494567871094,359.5943908691406,0.9979192614555359,158.9534912109375,367.6302795410156,0.9936180114746094,576.446533203125,475.41912841796875,0.1061861515045166,23.471954345703125,469.5538024902344,0.04478003829717636,557.8294677734375,471.02386474609375,0.0034208192955702543,110.38088989257812,444.25518798828125,0.004703128710389137,401.4522705078125,480.0,0.0004106247506570071,213.64955139160156,480.0,0.0002950536145363003,416.29608154296875,464.3066711425781,0.0006161803030408919,215.10104370117188,468.17889404296875,0.00047145114513114095,387.2197570800781,470.58251953125,0.0005013687768951058,243.48699951171875,457.2611999511719,0.00038815935840830207
20,webcam-0__tcn__20260807-122153_raw_30fps,753,754,25.1,background,1,1,1,1,0,0,0,640,480,0.942951500415802,0,2.06024169921875,82.537109375,637.4925537109375,478.8609619140625,327.00909423828125,263.2957763671875,0.9986741542816162,366.3576965332031,224.64541625976562,0.9964117407798767,289.3253173828125,222.94979858398438,0.995532751083374,407.5982666015625,229.91378784179688,0.8942639231681824,239.5260772705078,226.8064727783203,0.9452895522117615,460.51239013671875,360.1462707519531,0.997821569442749,157.60955810546875,368.8593444824219,0.9927603006362915,574.9981689453125,475.9595031738281,0.09772149473428726,25.039520263671875,469.36688232421875,0.037483181804418564,557.527099609375,470.7884826660156,0.0035618843976408243,112.52543640136719,445.4408874511719,0.0045618764124810696,401.8651123046875,480.0,0.00044708221685141325,213.15777587890625,480.0,0.00031303035211749375,417.631103515625,463.5308532714844,0.0006540610920637846,216.984375,468.1774597167969,0.0004903822555206716,389.2409362792969,470.44305419921875,0.0005156587576493621,245.79769897460938,457.7062072753906,0.00039511709474027157
20,webcam-0__tcn__20260807-122153_raw_30fps,754,755,25.133333333333333,background,1,1,1,1,0,0,0,640,480,0.9442857503890991,0,2.561004638671875,82.68862915039062,637.730712890625,478.86590576171875,325.5301513671875,263.9656982421875,0.9986485838890076,364.08587646484375,224.88148498535156,0.9964383840560913,287.8836975097656,223.51654052734375,0.9953480362892151,405.8743591308594,229.5023956298828,0.897097110748291,239.03591918945312,227.32647705078125,0.9369239211082458,460.0646057128906,359.02716064453125,0.9979950189590454,158.14822387695312,368.5263671875,0.9930921792984009,575.52978515625,476.0439453125,0.11989215761423111,24.1890869140625,469.7121887207031,0.04482247307896614,563.5707397460938,471.56793212890625,0.0036636178847402334,110.97811889648438,444.77783203125,0.004696593154221773,402.13238525390625,480.0,0.00040051256655715406,214.04190063476562,480.0,0.0002832990721799433,417.842041015625,463.961181640625,0.0006451632943935692,217.23892211914062,468.5537109375,0.0004723156744148582,388.3561706542969,470.07244873046875,0.0004986549611203372,246.13143920898438,457.08563232421875,0.00037275723298080266
20,webcam-0__tcn__20260807-122153_raw_30fps,755,756,25.166666666666668,background,1,1,1,1,0,0,0,640,480,0.9439588189125061,0,2.98779296875,82.47186279296875,638.2496337890625,478.8852844238281,325.4388732910156,264.1180419921875,0.9985809326171875,363.8875732421875,224.99972534179688,0.9962865114212036,287.896484375,223.5296630859375,0.9953835606575012,405.61285400390625,229.69766235351562,0.9037308692932129,239.1346435546875,227.38059997558594,0.9416701793670654,460.889404296875,359.6772155761719,0.9977341890335083,157.53411865234375,369.12872314453125,0.9928378462791443,578.8677978515625,477.4321594238281,0.08316142112016678,25.68408203125,470.11383056640625,0.03662407025694847,551.4778442382812,468.70556640625,0.003903178498148918,113.44914245605469,444.3903503417969,0.00481302198022604,401.466796875,480.0,0.0004133001493755728,212.69729614257812,480.0,0.00029534543864428997,416.7833251953125,463.4718017578125,0.0006733236950822175,215.8170928955078,468.5970153808594,0.00046165581443347037,386.9784240722656,470.79400634765625,0.0005118105909787118,244.71499633789062,457.6969299316406,0.0003505106142256409
20,webcam-0__tcn__20260807-122153_raw_30fps,756,757,25.2,background,1,1,1,1,0,0,0,640,480,0.942749559879303,0,2.99041748046875,82.31179809570312,639.6922607421875,478.893310546875,325.50592041015625,264.0977783203125,0.998600423336029,363.78466796875,224.91683959960938,0.9963794350624084,287.7715759277344,223.5373077392578,0.9954730868339539,405.576171875,229.03750610351562,0.9032150506973267,238.76266479492188,227.00299072265625,0.9445803165435791,461.4562683105469,359.0733642578125,0.9974749684333801,158.10821533203125,369.4234313964844,0.9927829504013062,573.0086059570312,475.08453369140625,0.06511399149894714,24.96563720703125,471.06298828125,0.03240267187356949,554.4364013671875,468.0042724609375,0.003497521858662367,115.51048278808594,445.5683898925781,0.004906036425381899,403.0801696777344,480.0,0.00038620608393102884,214.20306396484375,480.0,0.00027853160281665623,415.8986511230469,462.8363342285156,0.0006665365071967244,216.62574768066406,468.06005859375,0.0004566894785966724,386.2266845703125,470.246337890625,0.0005407404387369752,245.12332153320312,457.4621887207031,0.00036444791476242244
20,webcam-0__tcn__20260807-122153_raw_30fps,757,758,25.233333333333334,background,1,1,1,1,0,0,0,640,480,0.9417366981506348,0,2.738494873046875,82.01959228515625,640.0,478.92449951171875,325.4313049316406,264.56292724609375,0.9984865188598633,363.89434814453125,225.1048583984375,0.9963693618774414,287.6792297363281,223.67434692382812,0.9951575398445129,406.0147399902344,229.40533447265625,0.9151707291603088,238.93206787109375,227.220947265625,0.9395866394042969,462.17840576171875,359.2220764160156,0.9968886971473694,158.6765899658203,367.891357421875,0.9936262369155884,573.7398681640625,474.7061767578125,0.044549379497766495,24.66180419921875,470.70037841796875,0.03400963544845581,545.6053466796875,465.09906005859375,0.00408075749874115,110.90763854980469,446.7762145996094,0.004879967775195837,401.90887451171875,480.0,0.0004166604776401073,212.59373474121094,480.0,0.0003214953758288175,413.43505859375,462.65863037109375,0.0006941973115317523,213.5784454345703,467.6009216308594,0.0004535444313660264,382.8641357421875,470.3919677734375,0.0005606552003882825,241.30966186523438,457.1031494140625,0.0003450745134614408
20,webcam-0__tcn__20260807-122153_raw_30fps,758,759,25.266666666666666,background,1,1,1,1,0,0,0,640,480,0.9426907300949097,0,2.848724365234375,80.98605346679688,638.9204711914062,478.93450927734375,325.9501953125,265.1697998046875,0.9984825253486633,364.5090637207031,225.71424865722656,0.9963377714157104,288.1634521484375,224.0716552734375,0.9954283237457275,406.06103515625,230.50460815429688,0.9010725617408752,238.95071411132812,227.8746337890625,0.9425598382949829,461.9110107421875,358.60284423828125,0.9971556663513184,161.11402893066406,366.8630676269531,0.9936270713806152,575.6887817382812,474.69622802734375,0.04910183697938919,26.686004638671875,469.6473693847656,0.03873246908187866,545.7581787109375,466.28729248046875,0.0038022699300199747,113.72883605957031,446.5047607421875,0.005125472322106361,404.68182373046875,480.0,0.0004062823427375406,216.24185180664062,480.0,0.0003143771318718791,415.2198486328125,464.1226806640625,0.0006721286335960031,215.38645935058594,468.26898193359375,0.0004452517023310065,385.11968994140625,472.43017578125,0.0005701904301531613,243.3862762451172,459.0090026855469,0.0003497147117741406
20,webcam-0__tcn__20260807-122153_raw_30fps,759,760,25.3,background,1,1,1,1,0,0,0,640,480,0.9424968957901001,0,2.87841796875,81.23593139648438,639.1435546875,478.91204833984375,326.0536193847656,265.16143798828125,0.9984561204910278,364.5408020019531,225.65689086914062,0.99628746509552,288.1978759765625,224.0784912109375,0.995496392250061,406.02557373046875,230.44964599609375,0.9006553888320923,238.94412231445312,227.99583435058594,0.9436971545219421,462.2055358886719,358.68182373046875,0.9969441294670105,161.6746826171875,366.73919677734375,0.9939257502555847,576.0220336914062,474.5126647949219,0.04243748262524605,26.37127685546875,469.8313293457031,0.03871303051710129,543.1937255859375,465.2432861328125,0.003930746577680111,112.63055419921875,446.0469970703125,0.0049857101403176785,405.04412841796875,480.0,0.000411728338804096,216.77691650390625,480.0,0.00032630449277348816,414.29974365234375,464.0191345214844,0.0006837848341092467,214.88385009765625,468.13787841796875,0.0004433215653989464,384.137451171875,472.32373046875,0.0005851700552739203,242.77438354492188,458.7135009765625,0.00034520335611887276
20,webcam-0__tcn__20260807-122153_raw_30fps,760,761,25.333333333333332,background,1,1,1,1,0,0,0,640,480,0.9422561526298523,0,2.606842041015625,82.05606079101562,639.5817260742188,478.9105529785156,326.2681579589844,265.2196960449219,0.9985063672065735,365.4131774902344,225.87384033203125,0.996340274810791,288.3558349609375,224.14846801757812,0.9953978657722473,407.061279296875,230.7872772216797,0.9010657668113708,238.85556030273438,227.83941650390625,0.9416077136993408,462.2294921875,358.41778564453125,0.997010350227356,161.2878875732422,366.6618347167969,0.9937705397605896,574.5596313476562,472.68780517578125,0.04563344642519951,26.099761962890625,469.80230712890625,0.038038041442632675,547.663818359375,465.2275695800781,0.0036755967885255814,112.39509582519531,446.4607238769531,0.005008007399737835,404.9187927246094,480.0,0.0003974396095145494,216.61697387695312,480.0,0.00030651327688246965,413.60540771484375,463.7142028808594,0.000670377048663795,215.59915161132812,467.6805419921875,0.00044119637459516525,383.5047607421875,472.065673828125,0.0005924374563619494,243.02737426757812,458.6726379394531,0.0003583746147342026
20,webcam-0__tcn__20260807-122153_raw_30fps,761,762,25.366666666666667,background,1,1,1,1,0,0,0,640,480,0.9436814188957214,0,2.70526123046875,82.65472412109375,637.6982421875,478.8925476074219,327.4998474121094,266.3729248046875,0.9985097050666809,367.3254089355469,226.8773193359375,0.9962638020515442,289.62457275390625,225.36184692382812,0.9950828552246094,408.7010803222656,230.98289489746094,0.8987525105476379,239.89407348632812,228.25717163085938,0.9358109831809998,462.0524597167969,358.3547668457031,0.9974313378334045,161.91111755371094,367.04412841796875,0.9936249256134033,578.8272705078125,474.70458984375,0.058312274515628815,26.595367431640625,468.8489074707031,0.0390230193734169,550.9205932617188,467.60028076171875,0.0036142494063824415,113.22422790527344,447.0365295410156,0.004708053078502417,404.74603271484375,480.0,0.0003939318412449211,216.42123413085938,480.0,0.0002904982538893819,416.92333984375,463.9901428222656,0.0006312401383183897,217.83724975585938,468.0701904296875,0.00041644705925136805,387.29974365234375,472.0931396484375,0.0005658214795403183,245.66165161132812,458.41119384765625,0.0003474930126685649
20,webcam-0__tcn__20260807-122153_raw_30fps,762,763,25.4,background,1,1,1,1,0,0,0,640,480,0.9432087540626526,0,1.86932373046875,83.44482421875,637.9610595703125,478.89276123046875,328.1073303222656,267.0293884277344,0.9984958171844482,367.45428466796875,227.19338989257812,0.9961962699890137,290.222412109375,226.1702880859375,0.9950138926506042,408.8211975097656,230.47402954101562,0.9003989100456238,240.9004364013672,228.86038208007812,0.9365956783294678,462.2820739746094,358.4517822265625,0.9972602128982544,161.36473083496094,368.1711730957031,0.993596076965332,576.8101196289062,473.3487548828125,0.05275879055261612,25.945037841796875,469.5127868652344,0.03542426601052284,547.9415893554688,466.7856750488281,0.003485301975160837,114.74447631835938,446.86114501953125,0.004648667294532061,404.5078125,480.0,0.00038778805173933506,215.779541015625,480.0,0.0002802301896736026,416.7201232910156,463.3514709472656,0.0006304176640696824,217.79818725585938,467.8561706542969,0.00040268272277899086,385.92364501953125,471.0751953125,0.0005623914184980094,245.501220703125,457.7014465332031,0.0003345371223986149
20,webcam-0__tcn__20260807-122153_raw_30fps,763,764,25.433333333333334,background,1,1,1,1,0,0,0,640,480,0.9435399770736694,0,2.60809326171875,81.53005981445312,637.0865478515625,478.91595458984375,331.15106201171875,268.13934326171875,0.9985318183898926,370.22674560546875,228.22097778320312,0.9963668584823608,292.58935546875,227.75303649902344,0.9952723383903503,412.0854187011719,230.50286865234375,0.9022336006164551,242.59283447265625,230.18789672851562,0.9370806217193604,463.51983642578125,358.5223083496094,0.9973258972167969,162.864501953125,367.68011474609375,0.994157075881958,578.3468017578125,472.1905517578125,0.056432027369737625,26.64776611328125,468.6639404296875,0.04005594924092293,547.43603515625,466.17694091796875,0.003839617595076561,115.82929992675781,446.65887451171875,0.005132571794092655,404.1600036621094,480.0,0.0003845550527330488,216.08921813964844,480.0,0.0002786540426313877,416.6031188964844,463.6451110839844,0.0006003206362947822,216.50198364257812,467.5715637207031,0.0003799589758273214,384.61920166015625,471.1061706542969,0.0005578739801421762,244.2504425048828,457.2364501953125,0.00032282466418109834
20,webcam-0__tcn__20260807-122153_raw_30fps,764,765,25.466666666666665,background,1,1,1,1,0,0,0,640,480,0.9438844919204712,0,2.548492431640625,81.60910034179688,636.9710693359375,478.8556213378906,331.28167724609375,268.0736389160156,0.9985578656196594,370.33502197265625,228.21401977539062,0.996147871017456,292.86737060546875,227.85589599609375,0.9950565099716187,411.7955322265625,230.72601318359375,0.8904369473457336,242.97488403320312,230.50592041015625,0.9365124702453613,463.4836120605469,358.68505859375,0.9976669549942017,163.13259887695312,367.3591003417969,0.99399733543396,576.772216796875,472.8268127441406,0.07399803400039673,25.92535400390625,468.4320373535156,0.042948465794324875,559.4269409179688,468.09405517578125,0.0035500049125403166,115.36735534667969,446.4666748046875,0.005002177786082029,405.4519958496094,480.0,0.00037575693568214774,217.5565643310547,480.0,0.0002689888351596892,418.5649108886719,463.8856201171875,0.0005916387308388948,218.06573486328125,467.02630615234375,0.00040115261799655855,387.32147216796875,470.44989013671875,0.0005502438289113343,246.0276641845703,456.7132568359375,0.00034597827470861375
20,webcam-0__tcn__20260807-122153_raw_30fps,765,766,25.5,background,1,1,1,1,0,0,0,640,480,0.9439718723297119,0,2.54290771484375,81.8990478515625,637.093505859375,478.8616027832031,331.5788879394531,268.1730651855469,0.9984941482543945,370.2050476074219,228.5516357421875,0.9961279034614563,293.2388916015625,228.22341918945312,0.995162308216095,411.3367614746094,230.67074584960938,0.8866893649101257,243.2300262451172,230.6289520263672,0.9373140931129456,462.9512939453125,358.40740966796875,0.997474730014801,164.65899658203125,366.424560546875,0.9944834113121033,579.3065185546875,472.5277404785156,0.05996856465935707,25.9403076171875,467.8817138671875,0.04795065522193909,554.0870971679688,465.583984375,0.003750231582671404,115.78424072265625,447.4173583984375,0.005460631102323532,405.4017333984375,480.0,0.00037420509033836424,218.1915283203125,480.0,0.0002820267982315272,418.42425537109375,463.8085021972656,0.0005953191430307925,216.9056396484375,467.1483154296875,0.0003901392628904432,386.67584228515625,471.28070068359375,0.0005762716755270958,244.9834747314453,456.94708251953125,0.00033334075124002993
20,webcam-0__tcn__20260807-122153_raw_30fps,766,767,25.533333333333335,background,1,1,1,1,0,0,0,640,480,0.9454087615013123,0,2.2548828125,81.15765380859375,636.6893310546875,478.86651611328125,330.91839599609375,268.418212890625,0.998562753200531,369.85296630859375,228.946044921875,0.9960885047912598,292.5636901855469,228.830322265625,0.9956252574920654,410.8865966796875,230.42845153808594,0.8824876546859741,242.17691040039062,230.86041259765625,0.9404001235961914,463.29937744140625,358.00250244140625,0.997676432132721,163.55323791503906,366.63482666015625,0.9941661357879639,589.849853515625,475.77099609375,0.06293562054634094,26.853607177734375,468.3447570800781,0.042858242988586426,543.6837158203125,464.0083923339844,0.005207408685237169,116.15411376953125,447.5587463378906,0.005186452064663172,404.79119873046875,480.0,0.0003790102491620928,216.90667724609375,480.0,0.0002762858639471233,421.07916259765625,463.2061767578125,0.0006076575955376029,218.25564575195312,467.34552001953125,0.0003730512398760766,389.13958740234375,471.9664001464844,0.0005574484821408987,245.61936950683594,457.1877746582031,0.00030689750565215945
20,webcam-0__tcn__20260807-122153_raw_30fps,767,768,25.566666666666666,background,1,1,1,1,0,0,0,640,480,0.9452462792396545,0,2.702606201171875,81.59103393554688,636.8638916015625,478.85693359375,330.49560546875,268.2665710449219,0.998675525188446,369.40374755859375,229.07339477539062,0.9963440299034119,292.4468688964844,228.79251098632812,0.9955366849899292,410.93890380859375,230.52255249023438,0.8844432234764099,242.60841369628906,230.53439331054688,0.930760383605957,463.44903564453125,357.8563537597656,0.9977319240570068,162.8379669189453,366.9527893066406,0.993995726108551,587.1702270507812,474.63616943359375,0.07363719493150711,26.6165771484375,469.85516357421875,0.04249311983585358,550.17236328125,464.82891845703125,0.005029196850955486,115.6968994140625,447.0727844238281,0.005216024350374937,405.15826416015625,480.0,0.0003877939307130873,216.87924194335938,480.0,0.0002764790551736951,421.7998046875,463.37005615234375,0.0006103176856413484,219.39468383789062,467.09869384765625,0.0003865924954880029,390.04376220703125,470.9337463378906,0.0005357820773497224,247.0842742919922,456.3410949707031,0.00031445774948224425
20,webcam-0__tcn__20260807-122153_raw_30fps,768,769,25.6,background,1,1,1,1,0,0,0,640,480,0.9453079700469971,0,2.74609375,81.84197998046875,636.986328125,478.8447265625,329.72772216796875,268.3051452636719,0.9986982345581055,369.05535888671875,228.9080352783203,0.9962983727455139,291.39520263671875,228.91494750976562,0.9956104159355164,410.4203186035156,229.93167114257812,0.8801361322402954,241.05906677246094,230.50494384765625,0.9315756559371948,463.56109619140625,358.4798278808594,0.9977707862854004,162.6733856201172,367.51409912109375,0.9937431216239929,587.9821166992188,474.6023254394531,0.07058302313089371,26.158172607421875,470.1129455566406,0.040834348648786545,546.2044067382812,465.12994384765625,0.0051536960527300835,116.63948059082031,447.5753173828125,0.005394039675593376,405.3525390625,480.0,0.0003932972904294729,216.64410400390625,480.0,0.00027914062957279384,421.6279296875,462.9602355957031,0.0006157763418741524,218.57888793945312,466.82122802734375,0.00039699411718174815,390.315673828125,470.83209228515625,0.0005411090678535402,246.6546173095703,456.3746337890625,0.00032148679019883275
20,webcam-0__tcn__20260807-122153_raw_30fps,769,770,25.633333333333333,background,1,1,1,1,0,0,0,640,480,0.9456584453582764,0,2.254302978515625,81.19366455078125,636.5579223632812,478.8916320800781,329.0750732421875,269.1153564453125,0.998468816280365,368.5318603515625,228.22628784179688,0.9957666397094727,290.2932434082031,228.6680908203125,0.9949780106544495,409.884033203125,228.53933715820312,0.8772900700569153,240.20115661621094,230.06932067871094,0.9290609359741211,464.253173828125,358.0628356933594,0.9976303577423096,161.6774444580078,367.5387268066406,0.9941549897193909,584.942626953125,473.9208068847656,0.07615949958562851,25.896636962890625,469.9937744140625,0.05025295913219452,549.08251953125,465.73089599609375,0.004744751378893852,111.42111206054688,447.05987548828125,0.005121801979839802,406.3485107421875,480.0,0.0003505628847051412,216.77757263183594,480.0,0.0002570150245446712,420.468994140625,463.74530029296875,0.00058473099488765,217.25091552734375,467.1803894042969,0.0003807964385487139,388.67474365234375,469.7137451171875,0.0005167197668924928,245.60861206054688,455.6968994140625,0.00030732087907381356
